Item Name,Item ID,Display Name,Product Status,Core Item Category,Units,Size,Case UPC Code,Pallet Qty,LCL Listed,Reorder Vendor Group,Critical Stock Restriction,Warning (< 2 Months),Recommened Restriction Quantity ,Available to Promise,Maximum of Committed,Sum of On Hold,Reserved,Sum of On Hand Available (Good) ,Sum of On Hand Total (Good + Deviated),In Transit,Sum of On Hand Total + In Transit,On Order (TO SHIP),Total Stock,Next Arrival Qty,Next Arrival Date,Days Till Next Arrival,Months Till Next Arrival,On Hand Total (Months),Inspection,Label,Deviation,On Hand Total + Transit (Months),Total Stock [Months],30 Days,60 Days,90 Days,120 Days,4 Month Average,Maximum of Shelf Life in Days
BACI104151587-CA,7385,Baci Perugina Large Shopping Bags 200Pcs,Active-Marketing,43. Display,200,14000 g,- None -,,No,Baci_Displayer,- None -,- None -,- None -,- None -,,,,,,,,,- None -,,,0,0,0,,,,- None -,- None -,0,0,0,0,0,9999
BACI104331486-CA,7014,Baci Perugina Quick Display 1x,Active-Displayer,43. Display,1,1200 g,- None -,100,No,Baci_Displayer,- None -,- None -,- None -,- None -,1,,,,,,,,- None -,,,0,0,0,,,,- None -,- None -,0,0,0,0,0,9999
BACI104936513-CA,7025,Baci Perugina Displayer Header with Base (part 1 of 2),Active-Displayer,43. Display,1,1200 g,- None -,100,No,Baci_Displayer,- None -,- None -,- None -,- None -,,,,,,,,,- None -,,,0,0,0,,,,- None -,- None -,0,0,0,0,0,9999
BACI104936519-CA,7023,Baci Perugina Displayer Buckets (part 2 of 2),Active-Displayer,43. Display,1,1200 g,- None -,100,No,Baci_Displayer,- None -,- None -,- None -,- None -,,,,,,,,,- None -,,,0,0,0,,,,- None -,- None -,0,0,0,0,0,9999
BACI105510170-CA,7384,Baci 3 Cylinder Countertop Displayer 1x,Active-Displayer,43. Display,1,1800 g,- None -,,No,Baci_Displayer,- None -,- None -,- None -,- None -,,,,,,,,,- None -,,,0,0,0,,,,- None -,- None -,0,0,0,0,0,9999
BACI12362632-CA,6986,Perugina Bar Dark 70% 12x86g,Label,34. Confectionary,12,1200 g,839456004627,100,No,Baci_Chocolate,- None -,- None -,- None -,- None -,,,,,,132,,132,- None -,132,9/29/2026,13,.43,0,,,,- None -,- None -,0,0,0,0,0,364
BACI12363320-CA,6985,Perugina Bar Dark 51% 12x86g,Label,34. Confectionary,12,1200 g,839456004603,100,No,Baci_Chocolate,- None -,- None -,- None -,- None -,,,,,,,,,- None -,,,0,0,0,,,,- None -,- None -,0,0,0,0,0,364
BACI12405295-CA,6953,Baci Bag Original Dark 12x125g,Active,34. Confectionary,12,1800 g,839456005686,60,Yes,Baci_Chocolate,- None -,- None -,- None -,- None -,210,,,,,2201,,3901,- None -,900,8/26/2026,-21,-.7,0,,,,- None -,- None -,0,0,0,0,0,364
BACI12439386-CA,6956,Baci Bulk Original Dark 3x1Kg,Label,34. Confectionary,3,3300 g,8000300388916,108,No,Baci_Chocolate,- None -,- None -,- None -,- None -,72,,,,,61,,61,- None -,60,9/22/2026,6,.2,0,,,,- None -,- None -,0,0,0,0,0,364
BACI12439528-CA,6983,Baci Tube 3Pcs Original Dark 14x37.5g,Active,34. Confectionary,14,730 g,839456005501,288,No,Baci_Chocolate,- None -,- None -,- None -,- None -,109,,,,,1249,,1249,- None -,445,8/26/2026,-21,-.7,0,,,,- None -,- None -,0,0,0,0,0,364
BACI12439598-CA,6959,Baci Bag Milk 12x125g,Do not Order,34. Confectionary,12,1800 g,839456005662,60,Yes,Baci_Chocolate,- None -,- None -,- None -,- None -,409,,,,,,,,- None -,,,0,0,0,,,,- None -,- None -,0,0,0,0,0,364
BACI12439610-CA,6960,Baci Box 12Pcs Milk 6x150g,Active,34. Confectionary,6,1100 g,839456005440,72,Yes,Baci_Chocolate,- None -,- None -,- None -,- None -,410,,,,,,,,- None -,,,0,0,0,,,,- None -,- None -,0,0,0,0,0,364
BACI12439675-CA,6961,Baci Box 12Pcs Original Dark 6x150g,Active,34. Confectionary,6,1100 g,839456005464,72,Yes,Baci_Chocolate,- None -,- None -,- None -,- None -,1161,,,,,2791,,2791,- None -,1200,8/26/2026,-21,-.7,0,,,,- None -,- None -,0,0,0,0,0,364
BACI12497895-CA,6994,Baci Box 28Pcs Original Dark 6x350g,Label,34. Confectionary,6,3400 g,839456005402,44,No,Baci_Chocolate,- None -,- None -,- None -,- None -,,,,,,5544,,5545,- None -,224,8/26/2026,-21,-.7,0,,,,- None -,- None -,0,0,0,0,0,364
BACI12497895-PA,7202,Baci Box 28Pcs Original Dark 264 (6x350g) DISPLAY PALLET,Label,34. Confectionary,224,922.6 kg,- None -,44,No,Baci_Chocolate,- None -,- None -,- None -,- None -,,,,,,,,,- None -,,,0,0,0,,,,- None -,- None -,0,0,0,0,0,364
BACI12531682-CA,6965,Baci Bag Easter Mini Eggs Milk 20x150g,Label,39. Seasonal Easter,20,3300 g,- None -,45,No,Baci_Easter Chocolate,- None -,- None -,- None -,- None -,,,,,,,,,- None -,,,0,0,0,,,,- None -,- None -,0,0,0,0,0,364
BACI12531685-CA,6966,Baci Bag Easter Mini Eggs Original Dark 20x150g,Label,39. Seasonal Easter,20,3300 g,- None -,45,No,Baci_Easter Chocolate,- None -,- None -,- None -,- None -,3,,,,,,,,- None -,,,0,0,0,,,,- None -,- None -,0,0,0,0,0,364
BACI12531696-CA,6967,Baci Bag Easter Mini Eggs Assorted 20x150g,Label,39. Seasonal Easter,20,3300 g,- None -,45,No,Baci_Easter Chocolate,- None -,- None -,- None -,- None -,,,,,,,,,- None -,,,0,0,0,,,,- None -,- None -,0,0,0,0,0,364
BACI12532528-CA,6968,Perugina Egg Easter Dark 12x245g,Label,39. Seasonal Easter,12,3300 g,- None -,8,No,Baci_Easter Chocolate,- None -,- None -,- None -,- None -,,,,,,1,,1,- None -,,,0,0,0,,,,- None -,- None -,0,0,0,0,0,364
BACI12532557-CA,6969,Perugina Egg Easter Milk 12x245g,Label,39. Seasonal Easter,12,3300 g,- None -,8,No,Baci_Easter Chocolate,- None -,- None -,- None -,- None -,,,,,,1,,1,- None -,,,0,0,0,,,,- None -,- None -,0,0,0,0,0,364
BACI12533587-CA,6970,Baci Egg Easter Milk 12x265g,Label,39. Seasonal Easter,12,3300 g,- None -,8,Yes,Baci_Easter Chocolate,- None -,- None -,- None -,- None -,,,,,,,,,- None -,,,0,0,0,,,,- None -,- None -,0,0,0,0,0,364
BACI12533665-CA,6971,Baci Egg Easter Original Dark 12x265g,Label,39. Seasonal Easter,12,3300 g,- None -,8,Yes,Baci_Easter Chocolate,- None -,- None -,- None -,- None -,,,,,,,,,- None -,,,0,0,0,,,,- None -,- None -,0,0,0,0,0,364
BACI12534834-CA,6972,Baci Egg Easter Hazelnut 6x255g,Label,39. Seasonal Easter,6,1800 g,- None -,16,Yes,Baci_Easter Chocolate,- None -,- None -,- None -,- None -,,,,,,,,,- None -,,,0,0,0,,,,- None -,- None -,0,0,0,0,0,364
BACI12560167-CA,6977,Baci BAG Coffee 12x125g,Label,34. Confectionary,12,1800 g,8000300421361,60,Yes,Baci_Chocolate,- None -,- None -,- None -,- None -,,,,,,,,,- None -,,,0,0,0,,,,- None -,- None -,0,0,0,0,0,364
BACI12565331-CA,6974,Baci Box Heart Original Dark 20x100g,Label,41. Seasonal Valentine,20,2200 g,8000300394382,20,No,Baci_Valentine Chocolate,- None -,- None -,- None -,- None -,,,,,,,,,- None -,,,0,0,0,,,,- None -,- None -,0,0,0,0,0,364
BACI12597082-CA,7048,Baci Box Assorted Sparkling - Silver -  20Pcs  10x250g,Label,40. Seasonal Christmas,10,2350 g,- None -,35,No,Baci_XMAS Chocolate,- None -,- None -,- None -,- None -,,,,,,,,,- None -,,,0,0,0,,,,- None -,- None -,0,0,0,0,0,364
BACI12613345-CA,7052,Baci Box Caramelized Almonds Bijou 12Pcs 10x150g,Do not Order,40. Seasonal Christmas,10,2350 g,- None -,100,No,Baci_Chocolate,- None -,- None -,- None -,- None -,,,,,,,,,- None -,,,0,0,0,,,,- None -,- None -,0,0,0,0,0,364
BACI14506252-CA,7379,Baci Box 12Pcs Milk (Red Wrap) 6x150g,Active,34. Confectionary,6,1100 g,839456009059,72,No,Baci_Chocolate,- None -,- None -,- None -,- None -,165,,,,,2617,,2617,- None -,700,8/26/2026,-21,-.7,0,,,,- None -,- None -,0,0,0,0,0,364
BACI14507077-CA,7047,Baci Box Assorted Sparkling - Gold -  20Pcs 10x250g,Label,40. Seasonal Christmas,10,2350 g,80003000432978,35,No,Baci_XMAS Chocolate,- None -,- None -,- None -,- None -,,,,,,306,,306,- None -,306,9/29/2026,13,.43,0,,,,- None -,- None -,0,0,0,0,0,364
BACI14507102-CA,7378,Baci Bag Milk (Red Wrap) 12x125g,Active,34. Confectionary,12,1800 g,839456009011,60,Yes,Baci_Chocolate,- None -,- None -,- None -,- None -,,,,,,907,,2807,- None -,200,8/26/2026,-21,-.7,0,,,,- None -,- None -,0,0,0,0,0,364
BACI14507207-CA,7329,Baci BIJOU Caramelized Almonds Box 12Pcs 10x175g,Active-XMAS,40. Seasonal Christmas,10,2350 g,8000300444735,100,No,Baci_Chocolate,- None -,- None -,- None -,- None -,,,,,,410,,410,- None -,410,8/26/2026,-21,-.7,0,,,,- None -,- None -,0,0,0,0,0,364
BACI14507676-CA,7049,Baci Box Original Sparkling - Blue -  20Pcs  10x250g,Label,40. Seasonal Christmas,10,2350 g,8000300410617,35,No,Baci_XMAS Chocolate,- None -,- None -,- None -,- None -,,,,,,100,,100,- None -,50,8/26/2026,-21,-.7,0,,,,- None -,- None -,0,0,0,0,0,364
BACI14508708-CA,7328,Baci RED Assorted Sparkling Box - 20Pcs  10x250g,Label,40. Seasonal Christmas,10,2350 g,839456009073,35,No,Baci_XMAS Chocolate,- None -,- None -,- None -,- None -,,,,,,702,,1600,- None -,702,9/29/2026,13,.43,0,,,,- None -,- None -,0,0,0,0,0,364
BACI14510037-CA,7348,Perugina Baci Advent Calendar Ramb 10x245g,Active - Not Sellable,40. Seasonal Christmas,10,2784 g,8000300441871,16,No,Baci_XMAS Chocolate,- None -,- None -,- None -,- None -,,,,,,253,,253,- None -,100,8/26/2026,-21,-.7,0,,,,- None -,- None -,0,0,0,0,0,273
BACI14517233-CA,7364,Baci Box Heart Milk (Cremoso) 15x100g,In Progress,41. Seasonal Valentine,15,1500 g,8000300446814,20,No,Baci_Valentine Chocolate,- None -,- None -,- None -,- None -,,,,,,,,,- None -,,,0,0,0,,,,- None -,- None -,0,0,0,0,0,365
BACI14520897-CA,7362,Perugina Egg Easter Stracciatella 12x245g,In Progress,39. Seasonal Easter,12,2940 g,8000300446319,8,No,Baci_Easter Chocolate,- None -,- None -,- None -,- None -,,,,,,,,,- None -,,,0,0,0,,,,- None -,- None -,0,0,0,0,0,364
BACIDAMI150-PA,7316,Baci Combo Displayer Dark Box (20x6x150g) and Milk Box (20x6x150g) (half pallet),Active-Displayer,43. Display,40, ,- None -,,No,Baci_Chocolate,- None -,- None -,- None -,- None -,,,,,,,,,- None -,,,0,0,0,,,,- None -,- None -,0,0,0,0,0,
BAKGIOIA-EDSP-OT,7322,Gioia Displayer (Empty) x 1,Active-Marketing,43. Display,1, ,- None -,,No,SupplyOne,- None -,- None -,- None -,- None -,1,,,,,,,,- None -,,,0,0,0,,,,- None -,- None -,0,0,0,0,0,9999
BAKGIOIA03-CA,3487,Gioia Petite Beurre 12x500g,Active,25. Biscuits & Wafers,12,6800 g,779921100709,56,Yes,Crich,- None -,- None -,- None -,- None -,86,,,,,920,,920,- None -,920,10/5/2026,19,.63,0,,,,- None -,- None -,0,0,0,0,0,486
BAKGIOIA08A-CA,6914,Gioia Cookies Hazelnut Cream Fill 14x150g,Active,25. Biscuits & Wafers,14,2660 g,- None -,160,No,Biscottificio,- None -,- None -,- None -,- None -,5,,20,,,,,288,- None -,,,0,0,0,,,,- None -,- None -,0,0,0,0,0,365
BAKGIOIA09A-CA,6915,Gioia Cookies Lemon Cream Fill 14x150g,Active,25. Biscuits & Wafers,14,2660 g,- None -,160,No,Biscottificio,- None -,- None -,- None -,- None -,46,,30,,,,,288,- None -,,,0,0,0,,,,- None -,- None -,0,0,0,0,0,365
BAKGIOIA10-CA,5472,Gioia Savoiardi 15x400g,Active,25. Biscuits & Wafers,15,6700 g,779921105001,45,Yes,Bonomi,- None -,- None -,- None -,- None -,1331,,,,,3665,,31100,- None -,1318,9/30/2026,14,.47,0,,,,- None -,- None -,0,0,0,0,0,365
BAKGIOIA12-CA,3492,Gioia Sfogliatine 12x200g,Active,25. Biscuits & Wafers,12,3030 g,779921100969,84,Yes,Bonomi,- None -,- None -,- None -,- None -,3,,,,,,,2595,- None -,,,0,0,0,,,,- None -,- None -,0,0,0,0,0,365
BAKGIOIA18-CA,3491,Gioia Safari Cookies 12x250g,Active,25. Biscuits & Wafers,12,2940 g,779921100716,70,Yes,Crich,- None -,- None -,- None -,- None -,5,,60,,,,,1800,- None -,,,0,0,0,,,,- None -,- None -,0,0,0,0,0,365
BAKGIOIA19-CA,7031,Gioia Mini Torta 12x390 g,Active,24. Bakery,12,4680 g,- None -,72,No,Freddi,- None -,- None -,- None -,- None -,7,,,,,,,,- None -,,,0,0,0,,,,- None -,- None -,0,0,0,0,0,270
BAKMA05-CA,3469,Gioia Cantuccini (Tozetti) Almond 12x200g,Active,25. Biscuits & Wafers,12,2830 g,779921082234,70,Yes,Panducale,- None -,- None -,- None -,- None -,12,,,,,,,600,- None -,,,0,0,0,,,,- None -,- None -,0,0,0,0,0,730
BAKMA29A-CA,3476,Gioia Croissants Chocolate 8x270g,Active,24. Bakery,8,3010 g,779921108101,96,Yes,Balconi,- None -,- None -,- None -,- None -,17,,,,,2,,3602,- None -,,,0,0,0,,,,- None -,- None -,0,0,0,0,0,243
BAKMA31A-CA,3478,Gioia Croissants Cream 8x270g,Active,24. Bakery,8,3080 g,779921108200,96,Yes,Balconi,- None -,- None -,- None -,- None -,87,,,,,2,,1652,- None -,,,0,0,0,,,,- None -,- None -,0,0,0,0,0,243
BAKMA41-CA,3466,Gioia Amaretti Biscuits 12x200g,Active,25. Biscuits & Wafers,12,2860 g,779921082210,70,Yes,Panducale,- None -,- None -,- None -,- None -,24,,,,,,,600,- None -,,,0,0,0,,,,- None -,- None -,0,0,0,0,0,365
BAKMOV10001-CA,5117,Venchi Assorted Bag 12x200g,Active,34. Confectionary,12, ,779921089035,,No,Molisana Imports,- None -,- None -,- None -,- None -,,,,,,,,,- None -,,,0,0,0,,,,- None -,- None -,0,0,0,0,0,
BAKPAN01-CA,3640,PC Cantucci Almond 12x250g,Active - PL,25. Biscuits & Wafers,12,4000 g,- None -,81,Yes,Panducale_PL PC,- None -,- None -,- None -,- None -,20,,,,,,,500,- None -,,,0,0,0,,,,- None -,- None -,0,0,0,0,0,456
BAKV105168-CA,6831,Venchi Bulk Chocoviar Arancia 5kg,Do not Order,34. Confectionary,1,3700 g,- None -,60,No,Venchi_Chocolate,- None -,- None -,- None -,- None -,,,,,,,,,- None -,,,0,0,0,,,,- None -,- None -,0,0,0,0,0,546
BAKV105185-CA,6742,Venchi Bulk Chocoviar Crema Cacao 5x1kg,Do not Order,34. Confectionary,1,3700 g,- None -,60,No,Venchi_Chocolate,- None -,- None -,- None -,- None -,,,,,,,,,- None -,,,0,0,0,,,,- None -,- None -,0,0,0,0,0,546
BAKV105187-CA,2088,Venchi Bulk Chocaviar Pistachio 5x1kg,Do not Order,38. Food Service,,5500 g,- None -,60,No,Venchi_Chocolate,- None -,- None -,- None -,- None -,,,,,,,,,- None -,,,0,0,0,,,,- None -,- None -,0,0,0,0,0,546
BAKV107272-CA,6271,Venchi Gift Murrine Cremini Box 10x127g,Active-Venchi,34. Confectionary,10,3700 g,- None -,119,No,Venchi_Chocolate,- None -,- None -,- None -,- None -,,,,,,,,,- None -,,,0,0,0,,,,- None -,- None -,0,0,0,0,0,546
BAKV107294-CA,6760,Venchi Gift Murrine Maxi Book TIN 8x200g,Active-Venchi,34. Confectionary,8,3200 g,- None -,55,No,Venchi_Chocolate,- None -,- None -,- None -,- None -,,,,,,,,,- None -,,,0,0,0,,,,- None -,- None -,0,0,0,0,0,546
BAKV107295-CA,6918,Venchi Gift Murrine MINI Book TIN  16x115g,Active-Venchi,34. Confectionary,8,3200 g,- None -,120,No,Venchi_Chocolate,- None -,- None -,- None -,- None -,,,,,,,,,- None -,,,0,0,0,,,,- None -,- None -,0,0,0,0,0,546
BAKV107298-CA,6919,Venchi Gift Murrine SMALL Hamper Gift box 10x200g,Active-Venchi,34. Confectionary,10,3700 g,- None -,120,No,Venchi_Chocolate,- None -,- None -,- None -,- None -,,,,,,,,,- None -,,,0,0,0,,,,- None -,- None -,0,0,0,0,0,546
BAKV107300-CA,6588,Venchi Gift Murrine Bag 8x150g,Active-Venchi,34. Confectionary,8,3700 g,- None -,36,No,Venchi_Chocolate,- None -,- None -,- None -,- None -,,,,,,1,,1,- None -,,,0,0,0,,,,- None -,- None -,0,0,0,0,0,546
BAKV108309-CA,6413,Venchi Bulk Pearl Caramel & Hazelnut 5x1kg,Active - Not Sellable,34. Confectionary,1,3700 g,- None -,48,No,Venchi_Chocolate,- None -,- None -,- None -,- None -,,,,,,,,,- None -,,,0,0,0,,,,- None -,- None -,0,0,0,0,0,546
BAKV108311-CA,6295,Venchi Bulk Pearl Pistachio 5x1kg,Do not Order,34. Confectionary,1,3700 g,- None -,60,No,Venchi_Chocolate,- None -,- None -,- None -,- None -,,,,,,,,,- None -,,,0,0,0,,,,- None -,- None -,0,0,0,0,0,546
BAKV112443-CA,6832,Venchi Bulk Tiramisu 5kg,Do not Order,34. Confectionary,1,3700 g,- None -,90,No,Venchi_Chocolate,- None -,- None -,- None -,- None -,,,,,,,,,- None -,,,0,0,0,,,,- None -,- None -,0,0,0,0,0,546
BAKV114078-CA,6839,Venchi Spread Hazelnut 12x200g,Do not Order,34. Confectionary,15,4600 g,- None -,100,No,Venchi,- None -,- None -,- None -,- None -,,,,,,,,,- None -,,,0,0,0,,,,- None -,- None -,0,0,0,0,0,546
BAKV116020-CA,5516,Venchi Bar Extra Dark Hazelnut 70% 24x100g,Active-Venchi,34. Confectionary,24,2901.84 g,- None -,140,No,Venchi_Chocolate,- None -,- None -,- None -,- None -,,,,,,,,,- None -,,,0,0,0,,,,- None -,- None -,0,0,0,0,0,546
BAKV116022-CA,3799,Venchi Bar Milk Hazelnut 24x100g,Active-Venchi,34. Confectionary,24,2800 g,- None -,168,No,Venchi_Chocolate,- None -,- None -,- None -,- None -,,,,,,,,,- None -,,,0,0,0,,,,- None -,- None -,0,0,0,0,0,546
BAKV116023-CA,3838,Venchi Bar White Chocolate Hazelnut w Salted Nuts 24x100g,Active-Venchi,34. Confectionary,24,2800 g,- None -,168,No,Venchi_Chocolate,- None -,- None -,- None -,- None -,,,,,,,,,- None -,,,0,0,0,,,,- None -,- None -,0,0,0,0,0,546
BAKV116209-CA,3763,Venchi Bar Cremino 24x110g,Active-Venchi,34. Confectionary,24,3200 g,- None -,168,No,Venchi_Chocolate,- None -,- None -,- None -,- None -,,,,,,,,,- None -,,,0,0,0,,,,- None -,- None -,0,0,0,0,0,546
BAKV116211-CA,3813,Venchi Bar Pistachio Cremino 24x110g,Active-Venchi,34. Confectionary,24,3200 g,- None -,168,No,Venchi_Chocolate,- None -,- None -,- None -,- None -,,,,,,,,,- None -,,,0,0,0,,,,- None -,- None -,0,0,0,0,0,546
BAKV116350-CA,6938,Venchi Bar Milk Chocolate 24x78g,Active-Venchi,34. Confectionary,24,2328 g,- None -,168,No,Venchi_Chocolate,- None -,- None -,- None -,- None -,,,,,,,,,- None -,,,0,0,0,,,,- None -,- None -,0,0,0,0,0,546
BAKV116354-CA,6940,Venchi Bar 75% Extra Dark Chocolate 24x78g,Active-Venchi,34. Confectionary,24,2328 g,- None -,168,No,Venchi_Chocolate,- None -,- None -,- None -,- None -,4,,,,,,,,- None -,,,0,0,0,,,,- None -,- None -,0,0,0,0,0,546
BAKV116639-CA,6765,Venchi Bar Tiramisu 24x110g,Active-Venchi,34. Confectionary,24,3200 g,- None -,168,No,Venchi_Chocolate,- None -,- None -,- None -,- None -,,,,,,,,,- None -,,,0,0,0,,,,- None -,- None -,0,0,0,0,0,546
BAKV116651-CA,6767,Venchi Bar Snack Choconougatine 32x35g,Do not Order,34. Confectionary,32,3200 g,- None -,200,No,Venchi_Chocolate,- None -,- None -,- None -,- None -,,,,,,,,,- None -,,,0,0,0,,,,- None -,- None -,0,0,0,0,0,546
BAKV116652-CA,6766,Venchi Bar Snack Chocobiscuit 32x35g,Do not Order,34. Confectionary,32,3200 g,- None -,200,No,Venchi_Chocolate,- None -,- None -,- None -,- None -,,,,,,,,,- None -,,,0,0,0,,,,- None -,- None -,0,0,0,0,0,546
BAKV116682-CA,6936,Venchi Bulk Pistachio Ingot 5kg,Do not Order,34. Confectionary,1,5400 g,- None -,60,No,Venchi_Chocolate,- None -,- None -,- None -,- None -,,,,,,,,,- None -,,,0,0,0,,,,- None -,- None -,0,0,0,0,0,546
BAKV116684-CA,6939,Venchi Bar 69% Dark Crunchy 24x78g,Active-Venchi,34. Confectionary,24,2121.6 lb,- None -,168,No,Venchi_Chocolate,- None -,- None -,- None -,- None -,15,,,,,,,,- None -,,,0,0,0,,,,- None -,- None -,0,0,0,0,0,546
BAKV116715-CA,6346,Venchi Bar Milk Gianduja w Hazelnuts 24x100g,Active-Venchi,34. Confectionary,24,3700 g,- None -,168,No,Venchi_Chocolate,- None -,- None -,- None -,- None -,,,,,,,,,- None -,,,0,0,0,,,,- None -,- None -,0,0,0,0,0,546
BAKV116716-CA,6764,Venchi Bar Dark Gianduja with Hazelnuts 24x100g,Active-Venchi,34. Confectionary,24,3200 g,- None -,100,No,Venchi_Chocolate,- None -,- None -,- None -,- None -,20,,,,,,,,- None -,,,0,0,0,,,,- None -,- None -,0,0,0,0,0,546
BAKV122012-CA,3809,Venchi Cigar Orange Chocolate 15x100g,Inactive,34. Confectionary,15,1800 g,- None -,216,No,Venchi_Chocolate,- None -,- None -,- None -,- None -,,,,,,,,,- None -,,,0,0,0,,,,- None -,- None -,0,0,0,0,0,546
BAKV122083-CA,3828,Venchi Cigar Truffle Nougatine Chocolate 15x100g,Active-Venchi,34. Confectionary,15,1800 g,- None -,216,No,Venchi_Chocolate,- None -,- None -,- None -,- None -,,,,,,9,,9,- None -,,,0,0,0,,,,- None -,- None -,0,0,0,0,0,546
BAKV122084-CA,3746,Venchi Cigar Aromatic Chocolate 15x100g,Active-Venchi,34. Confectionary,15,1800 g,- None -,216,No,Venchi_Chocolate,- None -,- None -,- None -,- None -,,,,,,,,,- None -,,,0,0,0,,,,- None -,- None -,0,0,0,0,0,546
BAKV122093-CA,6592,Venchi Cigar Pistachio Chocolate 15x100g,Active-Venchi,34. Confectionary,15,3700 g,- None -,216,No,Venchi_Chocolate,- None -,- None -,- None -,- None -,,,,,,,,,- None -,,,0,0,0,,,,- None -,- None -,0,0,0,0,0,546
BAKV126125-CA,2028,Venchi Bulk Gianduja 1x5Kg,Do not Order,34. Confectionary,,5400 g,- None -,60,No,Venchi_Chocolate,- None -,- None -,- None -,- None -,,,,,,,,,- None -,,,0,0,0,,,,- None -,- None -,0,0,0,0,0,546
BAKV126223-CA,2063,Venchi Bulk Cremino 1878 5x1Kg,Do not Order,34. Confectionary,,5400 g,- None -,60,No,Venchi_Chocolate,- None -,- None -,- None -,- None -,,,,,,,,,- None -,,,0,0,0,,,,- None -,- None -,0,0,0,0,0,546
BAKV126234-CA,2070,Venchi Bulk Cremino Pistachio 5x1Kg,Active-Venchi,34. Confectionary,,5400 g,- None -,60,No,Venchi_Chocolate,- None -,- None -,- None -,- None -,,,,,,,,,- None -,,,0,0,0,,,,- None -,- None -,0,0,0,0,0,546
BAKV126363-CA,6292,Venchi Bulk Pistachio Gianduiotti 5x1kg,Do not Order,34. Confectionary,1,3700 g,- None -,60,No,Venchi_Chocolate,- None -,- None -,- None -,- None -,,,,,,,,,- None -,,,0,0,0,,,,- None -,- None -,0,0,0,0,0,546
BAKV935826-OT,5726,Venchi Empty Plastic Blister 25Pcs,Do not Order,42. Packaging,, ,- None -,,No,Venchi - Packaging,- None -,- None -,- None -,- None -,,,,,,,,,- None -,,,0,0,0,,,,- None -,- None -,0,0,0,0,0,
BAKV939150-OT,7105,Venchi Large Murrine Pouch (100 pieces),Do not Order,37. General Merchandise,100, ,- None -,100,No,Venchi_Chocolate,- None -,- None -,- None -,- None -,,,,,,,,,- None -,,,0,0,0,,,,- None -,- None -,0,0,0,0,0,546
BAKV939151-OT,7106,Venchi Extra Large Murrine Pouch (100 pieces),Do not Order,37. General Merchandise,100, ,- None -,100,No,Venchi_Packaging,- None -,- None -,- None -,- None -,,,,,,,,,- None -,,,0,0,0,,,,- None -,- None -,0,0,0,0,0,546
BAUPOS20002780-OT,7258,Bauducco Inflatable Santa,Active-Marketing,43. Display,1, ,- None -,100,No,Bauducco_Marketing,- None -,- None -,- None -,- None -,,,,,,,,,- None -,,,0,0,0,,,,- None -,- None -,0,0,0,0,0,9999
BAUPOS20006251-OT,7257,Bauducco Biscuits Displayer (Floor),Active-Marketing,43. Display,1, ,- None -,100,No,Bauducco_Marketing,- None -,- None -,- None -,- None -,,,,,,,,,- None -,,,0,0,0,,,,- None -,- None -,0,0,0,0,0,9999
BAUPOS90000355-OT,7252,Bauducco Displayer Mini Tower,Active-Marketing,43. Display,1, ,- None -,100,No,Bauducco_Marketing,- None -,- None -,- None -,- None -,,,,,,,,,- None -,,,0,0,0,,,,- None -,- None -,0,0,0,0,0,9999
BAUPOS90000361-OT,7247,Bauducco Pallet Cover,Active-Marketing,43. Display,1, ,- None -,100,No,Bauducco_Marketing,- None -,- None -,- None -,- None -,,,,,,,,,- None -,,,0,0,0,,,,- None -,- None -,0,0,0,0,0,9999
BAUPOS90000424-OT,7259,Bauducco Santa Socks,Active-Marketing,43. Display,1, ,- None -,100,No,Bauducco_Marketing,- None -,- None -,- None -,- None -,,,,,,,,,- None -,,,0,0,0,,,,- None -,- None -,0,0,0,0,0,9999
BAUPOS90000442-OT,7358,Bauducco Dump Bin,Active-Marketing,43. Display,1, ,- None -,,No,Bauducco_Marketing,- None -,- None -,- None -,- None -,,,,,,,,,- None -,,,0,0,0,,,,- None -,- None -,0,0,0,0,0,9999
BAUPOS90000499-OT,7248,Bauducco Tree Topper,Active-Marketing,43. Display,1, ,- None -,100,No,Bauducco_Marketing,- None -,- None -,- None -,- None -,,,,,,,,,- None -,,,0,0,0,,,,- None -,- None -,0,0,0,0,0,9999
BAUPOS90000500-OT,7250,Bauducco Oversized Santa,Active-Marketing,43. Display,1, ,- None -,100,No,Bauducco_Marketing,- None -,- None -,- None -,- None -,,,,,,,,,- None -,,,0,0,0,,,,- None -,- None -,0,0,0,0,0,9999
BAUPOS90000502-OT,7249,Bauducco Chocottone Topper,Active-Marketing,43. Display,1, ,- None -,100,No,Bauducco_Marketing,- None -,- None -,- None -,- None -,,,,,,,,,- None -,,,0,0,0,,,,- None -,- None -,0,0,0,0,0,9999
BAUPOS90000506-OT,7245,Bauducco Displayer Train,Active-Marketing,43. Display,1, ,- None -,100,No,Bauducco_Marketing,- None -,- None -,- None -,- None -,,,,,,,,,- None -,,,0,0,0,,,,- None -,- None -,0,0,0,0,0,9999
BAUPOS90000508-EA,7251,Bauducco Pallet Wrap Roll,Active-Marketing,43. Display,1, ,- None -,100,No,Bauducco_Marketing,- None -,- None -,- None -,- None -,,,,,,,,,- None -,,,0,0,0,,,,- None -,- None -,0,0,0,0,0,9999
BAUPOS90000508-OT,7246,Bauducco Pallet Wrap Roll (Pack of 2),Active-Marketing,43. Display,2, ,- None -,100,No,Bauducco_Marketing,- None -,- None -,- None -,- None -,,,,,,,,,- None -,,,0,0,0,,,,- None -,- None -,0,0,0,0,0,9999
BAUPOS90000514-OT,7356,Bauducco Branded Base,Active-Marketing,43. Display,1, ,- None -,,No,Bauducco_Marketing,- None -,- None -,- None -,- None -,,,,,,,,,- None -,,,0,0,0,,,,- None -,- None -,0,0,0,0,0,9999
BAUPOS90000520-OT,7357,Bauducco Chocottone Display,Active-Marketing,43. Display,1, ,- None -,,No,Bauducco_Marketing,- None -,- None -,- None -,- None -,,,,,,,,,- None -,,,0,0,0,,,,- None -,- None -,0,0,0,0,0,9999
BAUWAFCHO142-CA,6891,Bauducco Wafers Chocolate 18x142g,Active,25. Biscuits & Wafers,18,3492 g,875754010083,160,Yes,Bauducco_Wafers,- None -,- None -,- None -,- None -,618,,,,,,,2900,- None -,,,0,0,0,,,,- None -,- None -,0,0,0,0,0,425
BAUWAFHAZ142-CA,6895,Bauducco Wafers Hazelnut 18x142g,Active,25. Biscuits & Wafers,18,3492 g,875754010113,160,Yes,Bauducco_Wafers,- None -,- None -,- None -,- None -,400,,,,,,,3000,- None -,,,0,0,0,,,,- None -,- None -,0,0,0,0,0,425
BAUWAFROLCH-CA,7122,Bauducco Wafer Rolls Chocolate Hazelnut TIN 12x400g,Do not Order,25. Biscuits & Wafers,12,6518.122 g,- None -,88,No,Bauducco_Wafers,- None -,- None -,- None -,- None -,,,,,,,,,- None -,,,0,0,0,,,,- None -,- None -,0,0,0,0,0,420
BAUWAFROLVA-CA,7123,Bauducco Wafer Rolls Vanilla TIN 12x400g,Do not Order,25. Biscuits & Wafers,12,6518.122 g,- None -,88,No,Bauducco_Wafers,- None -,- None -,- None -,- None -,,,,,,,,,- None -,,,0,0,0,,,,- None -,- None -,0,0,0,0,0,420
BAUWAFSTR142-CA,6893,Bauducco Wafers Strawberry 18x142g,Active,25. Biscuits & Wafers,18,3492 g,875754010106,160,Yes,Bauducco_Wafers,- None -,- None -,- None -,- None -,204,,,,,2,,1302,- None -,,,0,0,0,,,,- None -,- None -,0,0,0,0,0,425
BAUWAFVAN142-CA,6892,Bauducco Wafers Vanilla 18x142g,Active,25. Biscuits & Wafers,18,3492 g,875754010090,160,Yes,Bauducco_Wafers,- None -,- None -,- None -,- None -,580,,,,,,,2100,- None -,,,0,0,0,,,,- None -,- None -,0,0,0,0,0,425
BEBI01-CA,3467,Gioia Bitter (Red) 24x100ml (4x6Pack),Active,30. Juices & Drinks,4,4970 g,779921921106,224,Yes,Polara,- None -,- None -,- None -,- None -,85,,,,,1803,,4715,- None -,1803,9/9/2026,-7,-.23,0,,,,- None -,- None -,0,0,0,0,0,730
BEBI01-PA,6245,Gioia Bitter (Red) 224x(24x100ml) (4x6Pack),Active - Costco,30. Juices & Drinks,1,0 g,- None -,1,No,Molisana Imports_PL Costco,- None -,- None -,- None -,- None -,,,,,,,,,- None -,,,0,0,0,,,,- None -,- None -,0,0,0,0,0,730
BEBI18-CA,3619,Niasca Limonata Cluster 24x250ml (6x4Pack),Active,30. Juices & Drinks,6,11740 g,779921902020,91,No,Niasca_Beverages,- None -,- None -,- None -,- None -,,,,,,,,910,- None -,,,0,0,0,,,,- None -,- None -,0,0,0,0,0,730
BEBI19-CA,3621,Niasca Mandarinata Cluster 24x250ml (6x4Pack),Active,30. Juices & Drinks,6,11720 g,779921902068,91,No,Niasca_Beverages,- None -,- None -,- None -,- None -,1,,,,,,,455,- None -,,,0,0,0,,,,- None -,- None -,0,0,0,0,0,730
BEBI20-CA,3618,Niasca Festivo Cluster 24x250ml (6x4Pack),Active,30. Juices & Drinks,6,11890 g,779921902129,91,No,Niasca_Beverages,- None -,- None -,- None -,- None -,1,,,,,,,455,- None -,,,0,0,0,,,,- None -,- None -,0,0,0,0,0,730
BEBI21-CA,3615,Niasca Chinotto Cluster 24x250ml (6x4Pack),Active,30. Juices & Drinks,6,11700 g,779921902167,91,No,Niasca_Beverages,- None -,- None -,- None -,- None -,,,,,,,,637,- None -,,,0,0,0,,,,- None -,- None -,0,0,0,0,0,730
BEDOR01-CA,3886,Vita Sana Nectars Peach 12x680ml,Active,30. Juices & Drinks,12,12390 g,779921901108,90,Yes,Conserve Italia_Nectars,- None -,- None -,- None -,- None -,,,,,,,,1170,- None -,,,0,0,0,,,,- None -,- None -,0,0,0,0,0,1095
BEDOR02-CA,3888,Vita Sana Nectars Pear 12x680ml,Active,30. Juices & Drinks,12,12480 g,779921901009,90,Yes,Conserve Italia_Nectars,- None -,- None -,- None -,- None -,61,,,,,,,180,- None -,,,0,0,0,,,,- None -,- None -,0,0,0,0,0,1095
BEDOR03-CA,3883,Vita Sana Nectars Apricot 12x680ml,Active,30. Juices & Drinks,12,12400 g,779921901207,90,Yes,Conserve Italia_Nectars,- None -,- None -,- None -,- None -,1,,,,,,,630,- None -,,,0,0,0,,,,- None -,- None -,0,0,0,0,0,1095
BEDOR04-CA,3885,Vita Sana Nectars Peach 24x125ml (4x6Pack),Active,30. Juices & Drinks,4,5630 g,779921991451,200,Yes,Conserve Italia_Nectars,- None -,- None -,- None -,- None -,24,,,,,,,400,- None -,,,0,0,0,,,,- None -,- None -,0,0,0,0,0,1095
BEDOR05-CA,3887,Vita Sana Nectars Pear 24x125ml (4x6Pack),Active,30. Juices & Drinks,4,5580 g,779921991352,200,Yes,Conserve Italia_Nectars,- None -,- None -,- None -,- None -,104,,,,,,,4000,- None -,,,0,0,0,,,,- None -,- None -,0,0,0,0,0,1095
BEFU01-CA,5374,Fiuggi Vivace Sparkling Water 6x1L,Active,31. Water,6,8750 g,840368082122,60,Yes,Fiuggi,- None -,- None -,- None -,- None -,20,,,,,2640,,7980,- None -,2640,10/5/2026,19,.63,0,,,,- None -,- None -,0,0,0,0,0,730
BEFU02-CA,5370,Fiuggi Natural Mineral Water 6x1L,Active,31. Water,6,8750 g,840368082023,60,Yes,Fiuggi,- None -,- None -,- None -,- None -,131,,,,,5040,,36960,- None -,2400,9/28/2026,12,.4,0,,,,- None -,- None -,0,0,0,0,0,730
BEFU07A-CA,7115,Fiuggi Natural Mineral Water Slim 4x6x500ml PET,Active,31. Water,4,3360 g,693707000352,240,No,Fiuggi,- None -,- None -,- None -,- None -,15,,,,,,,4000,- None -,,,0,0,0,,,,- None -,- None -,0,0,0,0,0,730
BEFU09A-CA,7116,Fiuggi Sparkling Mineral Water Slim 4x6x500ml PET,Active,31. Water,4,3360 g,693707000345,240,No,Fiuggi,- None -,- None -,- None -,- None -,,,,,,728,,1000,- None -,728,9/28/2026,12,.4,0,,,,- None -,- None -,0,0,0,0,0,730
BEFU11-CA,7343,Fiuggi Natural Mineral Water 12x750ml,Active - Not Sellable,31. Water,12, ,- None -,,No,Fiuggi,- None -,- None -,- None -,- None -,,,,,,,,,- None -,,,0,0,0,,,,- None -,- None -,0,0,0,0,0,
BEFU12-CA,7344,Fiuggi Natural Mineral Water 6x1L (Tower PET),Active - Not Sellable,31. Water,6, ,- None -,,No,Fiuggi,- None -,- None -,- None -,- None -,,,,,,,,,- None -,,,0,0,0,,,,- None -,- None -,0,0,0,0,0,
BEGB02-CA,6875,Gioia Bitter (Red) 6x1L,Active,30. Juices & Drinks,6,6480 g,779921900200,180,Yes,Polara,- None -,- None -,- None -,- None -,,,,,,992,,2705,- None -,992,9/9/2026,-7,-.23,0,,,,- None -,- None -,0,0,0,0,0,365
BOX101167S-OT,7240,Empty Box Portapanettone + Bott (L430mm x W240mm x H345mm) Seta Oro,Active-Packaging,42. Packaging,1, ,- None -,100,No,Scotton_Packaging,- None -,- None -,- None -,- None -,,,,,,,,,- None -,,,0,0,0,,,,- None -,- None -,0,0,0,0,0,
BOX130121S-OT,7241,Empty Box Portapanettone + Bott (L430mm x W240mm x H345mm) Fibra Blue,Active-Packaging,42. Packaging,1, ,- None -,100,No,Scotton_Packaging,- None -,- None -,- None -,- None -,,,,,,,,,- None -,,,0,0,0,,,,- None -,- None -,0,0,0,0,0,
BOX134947S-OT,7243,Empty Box Portapanettone + Bott (L520mm x W310mm x H355mm) Bordeaux Silk,Active-Packaging,42. Packaging,1, ,- None -,100,No,Scotton_Packaging,- None -,- None -,- None -,- None -,,,,,,,,,- None -,,,0,0,0,,,,- None -,- None -,0,0,0,0,0,
BOX138781S-OT,7242,Empty Box Portapanettone + Bott (L280mm x W200mm x H350mm) Skin Argento,Active-Packaging,42. Packaging,1, ,- None -,100,No,Scotton_Packaging,- None -,- None -,- None -,- None -,,,,,,,,,- None -,,,0,0,0,,,,- None -,- None -,0,0,0,0,0,
BRCO06A-CA,3876,Vita Sana Freselle Integrali 12x400g,Active,28. Dry Breads & Snacks,12,5470 g,779921200362,50,No,Pascuzzo,- None -,- None -,- None -,- None -,3,,,,,80,,325,- None -,80,9/9/2026,-7,-.23,0,,,,- None -,- None -,0,0,0,0,0,360
BRCO07-CA,3912,Vita Sana Whole Wheat Bruschette 15x400g,Active,28. Dry Breads & Snacks,15,7010 g,779921200362,50,No,Pascuzzo,- None -,- None -,- None -,- None -,3,,,,,90,,290,- None -,90,9/9/2026,-7,-.23,0,,,,- None -,- None -,0,0,0,0,0,360
BRFB001-CA,3443,Farm Boy Artisanal Grissini Traditional 20x250g,Active - PL,28. Dry Breads & Snacks,20,11400 g,- None -,64,No,Larte Dei Sapori_PL Farm Boy,- None -,- None -,- None -,- None -,,,,,,,,,- None -,,,0,0,0,,,,- None -,- None -,0,0,0,0,0,365
BRFB002-CA,3441,Farm Boy Artisanal Grissini Fennel 20x250g,Active - PL,28. Dry Breads & Snacks,20,11400 g,- None -,64,No,Larte Dei Sapori_PL Farm Boy,- None -,- None -,- None -,- None -,,,,,,,,,- None -,,,0,0,0,,,,- None -,- None -,0,0,0,0,0,365
BRFB003-CA,3442,Farm Boy Artisanal Grissini Garlic & Hot Pepper 20x250g,Active - PL,28. Dry Breads & Snacks,20,11400 g,- None -,64,No,Larte Dei Sapori_PL Farm Boy,- None -,- None -,- None -,- None -,,,,,,,,,- None -,,,0,0,0,,,,- None -,- None -,0,0,0,0,0,365
BRLF105-CA,6214,Vita Sana Taralli Pizza 16x225g,Active,28. Dry Breads & Snacks,16,4032 g,779921200348,104,Yes,Pascuzzo,- None -,- None -,- None -,- None -,,,,,,100,,250,- None -,100,9/9/2026,-7,-.23,0,,,,- None -,- None -,0,0,0,0,0,360
BRLF106-CA,3907,Vita Sana Taralli Pepperoncino 16x225g,Active,28. Dry Breads & Snacks,16,4030 g,779921200232,104,Yes,Pascuzzo,- None -,- None -,- None -,- None -,14,,,,,300,,1550,- None -,300,9/9/2026,-7,-.23,0,,,,- None -,- None -,0,0,0,0,0,365
BRLF107-CA,3906,Vita Sana Taralli Olive Oil 16x225g,Active,28. Dry Breads & Snacks,16,4060 g,779921200201,104,Yes,Pascuzzo,- None -,- None -,- None -,- None -,122,,,,,2085,,6233,- None -,1292,9/9/2026,-7,-.23,0,,,,- None -,- None -,0,0,0,0,0,365
BRLF108-CA,3869,Vita Sana Breadsticks Sesame Bulk 12x400g,Active,27. Breadsticks/Grissini,12,5920 g,779921200249,40,No,La Mole,- None -,- None -,- None -,- None -,26,,,,,252,,252,- None -,252,9/30/2026,14,.47,0,,,,- None -,- None -,0,0,0,0,0,365
BRLF109-CA,3905,Vita Sana Taralli Fennel 16x225g,Active,28. Dry Breads & Snacks,16,4090 g,779921200225,104,Yes,Pascuzzo,- None -,- None -,- None -,- None -,141,,,,,705,,2870,- None -,705,9/9/2026,-7,-.23,0,,,,- None -,- None -,0,0,0,0,0,360
BRRI576-CA,3495,Vita Sana Treccine 16x340g,Active,28. Dry Breads & Snacks,16,5970 g,779921200010,50,Yes,Ricciardi,- None -,- None -,- None -,- None -,16,,,,,273,,793,- None -,273,9/9/2026,-7,-.23,0,,,,- None -,- None -,0,0,0,0,0,365
BRRI579-CA,3496,Vita Sana Treccine Pepperoncino 16x340g,Do not Order,28. Dry Breads & Snacks,16,6140 g,779921200034,50,No,Ricciardi,- None -,- None -,- None -,- None -,,,,,,1,,1,- None -,,,0,0,0,,,,- None -,- None -,0,0,0,0,0,
BRVV01A-CA,3924,Vita Vigor Traditional Breadsticks 12x125g,Active,27. Breadsticks/Grissini,12,2040 g,779921228502,120,Yes,Vitavigor,- None -,- None -,- None -,- None -,345,,,,,1768,,4676,- None -,1512,10/5/2026,19,.63,0,,,,- None -,- None -,0,0,0,0,0,380
BRVV02A-CA,3923,Vita Vigor Sesame Breadsticks 12x125g,Active,27. Breadsticks/Grissini,12,2150 g,779921228533,120,Yes,Vitavigor,- None -,- None -,- None -,- None -,42,,,,,1766,,2348,- None -,1766,10/5/2026,19,.63,0,,,,- None -,- None -,0,0,0,0,0,380
BRVV03A-CA,3919,Vita Vigor Garlic Breadsticks 12x125g,Active,27. Breadsticks/Grissini,12,2030 g,779921228564,120,Yes,Vitavigor,- None -,- None -,- None -,- None -,20,,,,,754,,1164,- None -,750,10/5/2026,19,.63,0,,,,- None -,- None -,0,0,0,0,0,380
BRVV22-CA,3918,Vita Vigor (VS) Super Trad. Breadsticks 10x250g,Active,27. Breadsticks/Grissini,10,3070 g,779921222050,50,Yes,Vitavigor,- None -,- None -,- None -,- None -,31,,,,,100,,100,- None -,100,10/5/2026,19,.63,0,,,,- None -,- None -,0,0,0,0,0,380
BRVV23-CA,3920,Vita Vigor Multigrain Breadsticks 12x125g,Active,27. Breadsticks/Grissini,12,2140 g,779921228625,120,Yes,Vitavigor,- None -,- None -,- None -,- None -,2,,,,,658,,856,- None -,650,10/5/2026,19,.63,0,,,,- None -,- None -,0,0,0,0,0,380
BRVV28-CA,4757,Massimo Garlic Breadsticks 14x125g,Do not Order,27. Breadsticks/Grissini,14,2705 g,- None -,140,No,Vitavigor_Massimo,- None -,- None -,- None -,- None -,,,,,,,,,- None -,,,0,0,0,,,,- None -,- None -,0,0,0,0,0,
CERAMIC03-L-CA,3471,Gioia Ceramic Biscotti Jar Large 6 Per Case,Do not Order,37. General Merchandise,6, ,- None -,100,No,Jin - Packaging,- None -,- None -,- None -,- None -,,,,,,,,,- None -,,,0,0,0,,,,- None -,- None -,0,0,0,0,0,
CERAMICBLUE-UNIT-CA,3474,Gioia Ceramic Biscotti Jar Small Blue Empty Jar 12 Per Case,Do not Order,42. Packaging,1, ,- None -,100,No,Jin - Packaging,- None -,- None -,- None -,- None -,1,,,,,,,,- None -,,,0,0,0,,,,- None -,- None -,0,0,0,0,0,
CHE993PAR18-CA,6814,993 Reggiano Parmigiano18 Month 10x500g,Do not Order,36. Deli Cheese,10,5200 g,- None -,42,No,993,- None -,- None -,- None -,- None -,,,,,,,,,- None -,,,0,0,0,,,,- None -,- None -,0,0,0,0,0,
CHIDAMACB500-CA,7332,Chiostro Crunchy Amaretti Red Bag 10x500g,Active-XMAS,40. Seasonal Christmas,10,6350 g,8002873019464,25,No,Chiostro_Cookies,- None -,- None -,- None -,- None -,,,,,,,,,- None -,,,0,0,0,,,,- None -,- None -,0,0,0,0,0,364
CHIDAMAFVA227-CA,7126,Chiostro Amaretti Vintage Tin 6x225g,Active-XMAS,40. Seasonal Christmas,6,4120 g,- None -,56,No,Chiostro_Label_XMAS,- None -,- None -,- None -,- None -,,,,,,,,,- None -,,,0,0,0,,,,- None -,- None -,0,0,0,0,0,364
CHIDAMASB500-CA,7125,Chiostro Amaretti Bag 10x500g,Active-XMAS,40. Seasonal Christmas,10,6350 g,- None -,64,No,Chiostro_Cookies,- None -,- None -,- None -,- None -,,,,,,,,,- None -,,,0,0,0,,,,- None -,- None -,0,0,0,0,0,364
CHIDAMAVAN100-CA,7129,Chiostro Amaretti Classic Metal Van 12x100g,Active-XMAS,40. Seasonal Christmas,12,6550 g,- None -,42,No,Chiostro_Label_XMAS,- None -,- None -,- None -,- None -,,,,,,,,,- None -,,,0,0,0,,,,- None -,- None -,0,0,0,0,0,364
CHIDAMAWB150-CA,7124,Chiostro Amaretti Red Window Box 12x150g,Active-XMAS,40. Seasonal Christmas,12,2870 g,- None -,42,No,Chiostro_Label_XMAS,- None -,- None -,- None -,- None -,,,,,,,,,- None -,,,0,0,0,,,,- None -,- None -,0,0,0,0,0,364
CHIDCANTVAN100-CA,7130,Chiostro Cantuccini Metal Van 12x100g,Active-XMAS,40. Seasonal Christmas,12,6450 g,- None -,42,No,Chiostro_Cookies,- None -,- None -,- None -,- None -,,,,,,,,,- None -,,,0,0,0,,,,- None -,- None -,0,0,0,0,0,364
CHIDEXPOASS175-CA,7128,Chiostro Amaretti Assorted 12x175g,Active-XMAS,40. Seasonal Christmas,12,6186 g,- None -,40,No,Chiostro_Cookies,- None -,- None -,- None -,- None -,,,,,,,,,- None -,,,0,0,0,,,,- None -,- None -,0,0,0,0,0,364
CHIDPANDLSCI750-CA,7166,Chiostro Pandoro Sciatori Metal Tin 6x750g,Active-XMAS,40. Seasonal Christmas,6,4500 g,- None -,36,No,Chiostro_Label_XMAS,- None -,- None -,- None -,- None -,,,,,,,,,- None -,,,0,0,0,,,,- None -,- None -,0,0,0,0,0,364
CHIDPANEA750-CA,7145,Chiostro Panettone Paper Wrap Amaretto 8x750g,Active-XMAS,40. Seasonal Christmas,8,7840 g,- None -,30,No,Chiostro_Label_XMAS,- None -,- None -,- None -,- None -,,,,,,,,,- None -,,,0,0,0,,,,- None -,- None -,0,0,0,0,0,364
CHIDPANEALLUX750-CA,7143,"Chiostro Panettone Tin Lemon, Tangerine, Orange 6x750g",Active-XMAS,40. Seasonal Christmas,6,4500 g,- None -,20,No,Chiostro_Label_XMAS,- None -,- None -,- None -,- None -,,,,,,,,,- None -,,,0,0,0,,,,- None -,- None -,0,0,0,0,0,364
CHIDPANEL750-CA,7007,Chiostro Panettone Paper Wrap Limoncello 8x750g,Active-XMAS,40. Seasonal Christmas,8,7840 g,- None -,30,No,Chiostro_Label_XMAS,- None -,- None -,- None -,- None -,,,,,,,,,- None -,,,0,0,0,,,,- None -,- None -,0,0,0,0,0,364
CHIDPANELGR1-CA,7011,Chiostro Panettone Tin Classic 6x1Kg,Active-XMAS,40. Seasonal Christmas,6,9900 g,- None -,20,No,Chiostro_Label_XMAS,- None -,- None -,- None -,- None -,,,,,,,,,- None -,,,0,0,0,,,,- None -,- None -,0,0,0,0,0,364
CHIDPANELSCI750-CA,7331,Chiostro Panettone Classic Sciatori Metal Tin 6x750g,Active-XMAS,40. Seasonal Christmas,6,4500 g,8002873015091,20,No,Chiostro_Label_XMAS,- None -,- None -,- None -,- None -,,,,,,,,,- None -,,,0,0,0,,,,- None -,- None -,0,0,0,0,0,364
CHIDPANEPI750-CA,7009,Chiostro Panettone Paper Wrap Pistacchio 8x750g,Active-XMAS,40. Seasonal Christmas,8,7840 g,- None -,30,No,Chiostro_Label_XMAS,- None -,- None -,- None -,- None -,,,,,,,,,- None -,,,0,0,0,,,,- None -,- None -,0,0,0,0,0,364
CHIDPANEPLLUX750-CA,7161,Chiostro Panettone Pistachio Metal Tin Luxury Edition 6x750g,Active-XMAS,40. Seasonal Christmas,6,4500 g,- None -,20,No,Chiostro_Label_XMAS,- None -,- None -,- None -,- None -,,,,,,,,,- None -,,,0,0,0,,,,- None -,- None -,0,0,0,0,0,364
CIAMDRL400-CA,7149,David Rocco Ciambella Lemon 6x400g,Active,24. Bakery,6,2900 g,- None -,104,No,IL FORNAIO,- None -,- None -,- None -,- None -,,,,,,,,314,- None -,,,0,0,0,,,,- None -,- None -,0,0,0,0,0,240
COFCAM122-CA,4163,Camardo Espresso Royal Beans 6x1Kg,Active,29. Coffee,6,6460 g,- None -,72,No,Camardo,- None -,- None -,- None -,- None -,,,,,,,,,- None -,,,0,0,0,,,,- None -,- None -,0,0,0,0,0,730
COFCAM158SLIM-CA,6869,Camardo Slim Arabica Moka and Drip Classic 12x250g (Can),Active,29. Coffee,12,4750 g,- None -,88,No,Camardo,- None -,- None -,- None -,- None -,,,,,,,,,- None -,,,0,0,0,,,,- None -,- None -,0,0,0,0,0,730
COFCAM159SLIM-CA,6871,Camardo Slim Decaf Moka and Drip 12x250g (Can),Active,29. Coffee,12,4760 g,- None -,88,No,Camardo,- None -,- None -,- None -,- None -,,,,,,,,,- None -,,,0,0,0,,,,- None -,- None -,0,0,0,0,0,730
COFCAM188-CA,4164,Camardo Nespresso Classic 160x5g Pods (16x10Pack),Active,29. Coffee,16,1930 g,- None -,135,No,Camardo,- None -,- None -,- None -,- None -,,,,,,,,50,- None -,,,0,0,0,,,,- None -,- None -,0,0,0,0,0,730
COFCAM188P25-CA,6865,Camardo Nespresso Classic 150x5g Pods (6x25Pack),Active,29. Coffee,6,1610 g,- None -,135,No,Camardo,- None -,- None -,- None -,- None -,,,,,,,,,- None -,,,0,0,0,,,,- None -,- None -,0,0,0,0,0,730
COFCAM237-CA,6866,Camardo Espresso Crema 6x1Kg,Active,29. Coffee,6,6480 g,- None -,72,No,Camardo,- None -,- None -,- None -,- None -,,,,,,,,,- None -,,,0,0,0,,,,- None -,- None -,0,0,0,0,0,730
COFCAM303SLIM-CA,6872,Camardo Slim Biologico Moka and Drip 12x250g (Can),Do not Order,29. Coffee,12,4730 g,8003755003038,88,No,Camardo,- None -,- None -,- None -,- None -,,,,,,,,,- None -,,,0,0,0,,,,- None -,- None -,0,0,0,0,0,730
COFCAM335-CA,6867,Camardo Espresso Gourmet Avvolgente 8x500g,Do not Order,29. Coffee,8,4380 g,- None -,70,No,Camardo,- None -,- None -,- None -,- None -,,,,,,,,,- None -,,,0,0,0,,,,- None -,- None -,0,0,0,0,0,730
COFCAM435-CA,6868,Camardo Espresso Gourmet Intenso 8x500g,Active,29. Coffee,8,4380 g,8003755004356,70,No,Camardo,- None -,- None -,- None -,- None -,,,,,,,,,- None -,,,0,0,0,,,,- None -,- None -,0,0,0,0,0,730
COFGIO-CAP CLASSIC-CA,1535,Gioia Espresso Classic Capsules 100 Per Case,Active,29. Coffee,,1510 g,- None -,100,No,Labcaffe,- None -,- None -,- None -,- None -,,,,,,,,,- None -,,,0,0,0,,,,- None -,- None -,0,0,0,0,0,730
COFGIO01-12PK-CA,3481,Gioia Espresso Coffee White 12x250g,Active,29. Coffee,12,3140 g,779921570007,180,Yes,Labcaffe,- None -,- None -,- None -,- None -,4,,,,,1,,953,- None -,,,0,0,0,,,,- None -,- None -,0,0,0,0,0,730
COFGIO02-12PK-CA,3480,Gioia Espresso Coffee Gold 12x250g,Active,29. Coffee,12,3140 g,779921571004,180,Yes,Labcaffe,- None -,- None -,- None -,- None -,,,,,,5,,719,- None -,,,0,0,0,,,,- None -,- None -,0,0,0,0,0,730
COFGIO03-CA,3479,Gioia Espresso Coffee Beans 12x1Kg,Active,29. Coffee,12,12820 g,779921572001 + 8007387001035,40,Yes,Labcaffe,- None -,- None -,- None -,- None -,,,,,,,,,- None -,,,0,0,0,,,,- None -,- None -,0,0,0,0,0,730
COFVER009CAN-CA,3858,Vergnano Granaroma  Whole Bean 6x1Kg,Active,29. Coffee,6,6510 g,8001800000094,112,Yes,Vergnano,- None -,- None -,- None -,- None -,,,,,,1,,1,- None -,,,0,0,0,,,,- None -,- None -,0,0,0,0,0,730
COFVER048CAN-CA,5169,Vergnano Anticabottega Whole Bean 6x1Kg,Active,29. Coffee,6,6400 g,8001800000483,112,No,Vergnano,- None -,- None -,- None -,- None -,,,,,,,,,- None -,,,0,0,0,,,,- None -,- None -,0,0,0,0,0,730
COFVER051-CA,6722,Vergnano Arabica Decaffeinated Whole Bean 6x1Kg,Active,29. Coffee,6,6560 g,8001800000513,112,No,Vergnano,- None -,- None -,- None -,- None -,,,,,,,,15,- None -,,,0,0,0,,,,- None -,- None -,0,0,0,0,0,730
COFVER052-CA,3853,Vergnano Crema 800 Whole Bean 6x1Kg,Active,29. Coffee,6,6500 g,8001800000520,112,No,Vergnano,- None -,- None -,- None -,- None -,,,,,,,,,- None -,,,0,0,0,,,,- None -,- None -,0,0,0,0,0,730
COFVER054CAN-CA,6979,Vergnano Granaroma Whole Bean 6x500g,Active,29. Coffee,6,3200 g,8001800000803,160,No,Vergnano,- None -,- None -,- None -,- None -,,,,,,,,,- None -,,,0,0,0,,,,- None -,- None -,0,0,0,0,0,730
COFVER103CAN-CA,6978,Vergnano Anticabottega Whole Bean 6x500g,Active,29. Coffee,6,3200 g,- None -,160,No,Vergnano,- None -,- None -,- None -,- None -,,,,,,,,,- None -,,,0,0,0,,,,- None -,- None -,0,0,0,0,0,730
COFVER150CAN-CA,3856,Vergnano Decaffinated Espresso (Blue Tin) 6x250g,Active,29. Coffee,6,2220 g,8001800001503,240,No,Vergnano,- None -,- None -,- None -,- None -,,,,,,,,,- None -,,,0,0,0,,,,- None -,- None -,0,0,0,0,0,730
COFVER15306-CA,3850,Vergnano Arabica Moka (Black Tin) 6x250g,Active,29. Coffee,6,2310 g,764583001532,240,No,Vergnano,- None -,- None -,- None -,- None -,,,,,,,,,- None -,,,0,0,0,,,,- None -,- None -,0,0,0,0,0,730
COFVER15406-CA,3849,Vergnano Arabica Espresso (Red Tin) 6x250g,Do not Order,29. Coffee,6,2298 g,764583001549,240,No,Vergnano,- None -,- None -,- None -,- None -,,,,,,,,,- None -,,,0,0,0,,,,- None -,- None -,0,0,0,0,0,730
COFVER154CAN-CA,6717,Vergnano Arabica 100% Fine Grind Tin 12x250g,Do not Order,29. Coffee,12,4450 g,- None -,160,No,Vergnano,- None -,- None -,- None -,- None -,,,,,,,,,- None -,,,0,0,0,,,,- None -,- None -,0,0,0,0,0,730
COFVER1601CA-CA,6725,Vergnano 1882 Original Blend Whole Bean PET 2x2.5Kg,Active,29. Coffee,2,5890 g,- None -,60,No,Vergnano,- None -,- None -,- None -,- None -,,,,,,90,,180,- None -,90,9/22/2026,6,.2,0,,,,- None -,- None -,0,0,0,0,0,730
COFVER181CAN-CA,5168,Vergnano Anticabottega Moka 12x250g,Active,29. Coffee,12,3140 g,8001800001824,288,No,Vergnano,- None -,- None -,- None -,- None -,,,,,,,,,- None -,,,0,0,0,,,,- None -,- None -,0,0,0,0,0,730
COFVER198-CA,3859,Vergnano Granaroma Moka Ground Brick 12x250g,Active,29. Coffee,12,3146 g,- None -,288,Yes,Vergnano,- None -,- None -,- None -,- None -,,,,,,,,,- None -,,,0,0,0,,,,- None -,- None -,0,0,0,0,0,730
COFVER455-CA,6718,Vergnano 100% Arabica Made in Eataly (Gold Tin) 12x250g,Active,29. Coffee,12,4430 g,8001800004559,160,No,Vergnano,- None -,- None -,- None -,- None -,,,,,,2,,2,- None -,,,0,0,0,,,,- None -,- None -,0,0,0,0,0,730
COFVER5476-CA,3848,Vergnano Arabica Espresso 6x10 Capsules,Active,29. Coffee,6,970 g,764583006278,216,Yes,Vergnano,- None -,- None -,- None -,- None -,,,,,,,,,- None -,,,0,0,0,,,,- None -,- None -,0,0,0,0,0,730
COFVER5486-CA,3854,Vergnano Cremoso Espresso 6x10 Capsules,Active,29. Coffee,6,960 g,- None -,216,No,Vergnano,- None -,- None -,- None -,- None -,,,,,,,,,- None -,,,0,0,0,,,,- None -,- None -,0,0,0,0,0,730
COFVER5556-CA,3860,Vergnano Napoli Espresso 6x10 Capsules,Active,29. Coffee,6,950 g,764583005554,216,Yes,Vergnano,- None -,- None -,- None -,- None -,,,,,,216,,216,- None -,216,9/22/2026,6,.2,0,,,,- None -,- None -,0,0,0,0,0,730
COLMKT001-OT,7353,Colavita Crowner Per Pallet (Soccer Special Edition),Active-Marketing,43. Display,, ,- None -,,No,Colavita_Special,- None -,- None -,- None -,- None -,,,,,,,,,- None -,,,0,0,0,,,,- None -,- None -,0,0,0,0,0,
DELROV049CD-CA,1192,Rovagnati Prosciutto Cotto Gran Biscotto Classic (Half Piece) RW,Active,35. Deli Meats & Dried Sausages,2,7662 g,- None -,32,Yes,Rovagnati,- None -,- None -,- None -,- None -,7,,,,,,,3300,- None -,,,0,0,0,,,,- None -,- None -,0,0,0,0,0,300
DELROV194CD-CA,3719,Rovagnati SPECK Prosciutto RW,Active,35. Deli Meats & Dried Sausages,2,5326 g,- None -,48,No,Rovagnati,- None -,- None -,- None -,- None -,2,,,,,,,,- None -,,,0,0,0,,,,- None -,- None -,0,0,0,0,0,240
DELROV250CD-CA,3718,Rovagnati Sgrassatella RW,Active,35. Deli Meats & Dried Sausages,1,2760 g,- None -,90,Yes,Rovagnati,- None -,- None -,- None -,- None -,1,,,,,,,300,- None -,,,0,0,0,,,,- None -,- None -,0,0,0,0,0,240
DELROVG33CD-CA,6001,Rovagnati Salame Napoli (Whole Piece) RW,Active,35. Deli Meats & Dried Sausages,,6364 g,- None -,25,No,Rovagnati,- None -,- None -,- None -,- None -,1,,,,,,,500,- None -,,,0,0,0,,,,- None -,- None -,0,0,0,0,0,240
DELROVG37CD-CA,6000,Rovagnati Salame Milano (Half Piece) RW,Active,35. Deli Meats & Dried Sausages,,6110 g,- None -,48,No,Rovagnati,- None -,- None -,- None -,- None -,1,,,,,,,636,- None -,,,0,0,0,,,,- None -,- None -,0,0,0,0,0,240
DELROVGL0CD-CA,3707,Rovagnati Porchetta Smaller Cuts RW,Active,35. Deli Meats & Dried Sausages,2,9702 g,- None -,21,Yes,Rovagnati,- None -,- None -,- None -,- None -,6,,,,,,,900,- None -,,,0,0,0,,,,- None -,- None -,0,0,0,0,0,300
DELROVGS5CD-CA,3714,Rovagnati Prosciutto San Daniele 18 Months RW,Active,35. Deli Meats & Dried Sausages,1,7660 g,2000602,,No,Rovagnati,- None -,- None -,- None -,- None -,,,,,,,,150,- None -,,,0,0,0,,,,- None -,- None -,0,0,0,0,0,
DELROVGT1CD-CA,3712,Rovagnati Prosciutto Di Parma 18 Months RW,Active,35. Deli Meats & Dried Sausages,1,7494 g,- None -,30,No,Rovagnati,- None -,- None -,- None -,- None -,,,,,,,,370,- None -,,,0,0,0,,,,- None -,- None -,0,0,0,0,0,
DELROVGT4CD-CA,3713,Rovagnati Prosciutto Gran Milano 14 Months RW,Active,35. Deli Meats & Dried Sausages,1,7510 g,- None -,30,No,Rovagnati,- None -,- None -,- None -,- None -,,,,,,,,730,- None -,,,0,0,0,,,,- None -,- None -,0,0,0,0,0,300
DELROVGV9CD-CA,1194,Rovagnati Prosciutto Cotto Gran Sapore (Half Piece) RW,Active,35. Deli Meats & Dried Sausages,2,6886 g,- None -,32,No,Rovagnati,- None -,- None -,- None -,- None -,,,,,,,,1600,- None -,,,0,0,0,,,,- None -,- None -,0,0,0,0,0,300
DELROVU87CD-CA,3706,Rovagnati PISTACCHIO Gran Mortadella (Half Piece) RW,Active,35. Deli Meats & Dried Sausages,2,6538 g,- None -,40,No,Rovagnati,- None -,- None -,- None -,- None -,,,,,,,,300,- None -,,,0,0,0,,,,- None -,- None -,0,0,0,0,0,300
DELROVU88CD-CA,6150,Rovagnati Gran Mortadella Massima (Half Piece) RW,Active,35. Deli Meats & Dried Sausages,2,6340 g,- None -,40,Yes,Rovagnati,- None -,- None -,- None -,- None -,2,,,,,,,2400,- None -,,,0,0,0,,,,- None -,- None -,0,0,0,0,0,300
DELROVUO7CD-CA,6003,Rovagnati Salame Ventricina (Whole Piece) RW,Active,35. Deli Meats & Dried Sausages,,6000 g,- None -,75,No,Rovagnati,- None -,- None -,- None -,- None -,,,,,,,,450,- None -,,,0,0,0,,,,- None -,- None -,0,0,0,0,0,240
DELROVUZ1CD-CA,7188,Longos Curato Prosciutto Cotto Gran Sapore (2Pc) Per/Kg,Active - PL,35. Deli Meats & Dried Sausages,2,6886 g,- None -,100,No,Rovagnati_PL Longos,- None -,- None -,- None -,- None -,4,,,,,,,,- None -,,,0,0,0,,,,- None -,- None -,0,0,0,0,0,300
DSPBACIBOW-OT,7227,Baci Bow Image Display (empty) 31.5x20 Inch PVC 10 Inch Extra Fold at 90 Degrees,Active-Displayer,43. Display,1, ,- None -,100,No,Baci_Displayer,- None -,- None -,- None -,- None -,2,,,,,,,,- None -,,,0,0,0,,,,- None -,- None -,0,0,0,0,0,9999
DSPBACIEA-OT,7363,Baci Displayer Easter Eggs x1 (with product),Active-Displayer,43. Display,1, ,- None -,,No,Baci_Displayer,- None -,- None -,- None -,- None -,,,,,,,,,- None -,,,0,0,0,,,,- None -,- None -,0,0,0,0,0,9999
DSPBACINUTC-OT,7228,Baci Nutcracker Image (empty) 48x24 Inch Full Colour Coro With Cardboard Easel,Active,43. Display,1, ,- None -,100,No,Baci_XMAS Chocolate,- None -,- None -,- None -,- None -,5,,,,,,,,- None -,,,0,0,0,,,,- None -,- None -,0,0,0,0,0,9999
DSPBACISLIM-EMPTY-OT,7354,Baci Slim Displayer (Empty)  x1,Part,43. Display,1, ,- None -,,No,SupplyOne,- None -,- None -,- None -,- None -,1,,,,,,,,- None -,,,0,0,0,,,,- None -,- None -,0,0,0,0,0,9999
DSPBACISLIM-OT,7330,Baci Slim Displayer x1 (with product),Active-Displayer,43. Display,1, ,- None -,,No,Baci_Displayer,- None -,- None -,- None -,- None -,4,,,,,,,,- None -,,,0,0,0,,,,- None -,- None -,0,0,0,0,0,9999
DSPGIOIASLIM-EMPTY-OT,7380,Gioia Slim Displayer SILVER (Empty) x1,Part,43. Display,1, ,- None -,,No,SupplyOne,- None -,- None -,- None -,- None -,,,,,,,,,- None -,,,0,0,0,,,,- None -,- None -,0,0,0,0,0,9999
FBGAN01-CA,3450,Farm Boy Hazelnut Spread 12x350g,Active - PL,32. Spreads,12,14980 g,- None -,96,No,Gandola_PL Farm Boy,- None -,- None -,- None -,- None -,,,,,,,,,- None -,,,0,0,0,,,,- None -,- None -,0,0,0,0,0,547
FBTRUF01-CA,3455,Farm Boy Truffle Flavoured Grapedseed Oil 12x100ml,Active - PL,19. Specialty Oils,12,3000 g,- None -,180,No,Le Ife_PL Farm Boy,- None -,- None -,- None -,- None -,,,,,,,,,- None -,,,0,0,0,,,,- None -,- None -,0,0,0,0,0,365
FBTRUF02-CA,3456,Farm Boy Truffle Flavoured Sea Salts 12x100ml,Active - PL,22. Truffle,12,4000 g,- None -,270,No,Le Ife_PL Farm Boy,- None -,- None -,- None -,- None -,,,,,,,,50,- None -,,,0,0,0,,,,- None -,- None -,0,0,0,0,0,547
FER33-CA,4428,Ferrarelle Sparkling Water 24x330ml,Do not Order,31. Water,24,14420 g,8006290800117,84,No,Ferrarelle,- None -,- None -,- None -,- None -,7,,,,,,,,- None -,,,0,0,0,,,,- None -,- None -,0,0,0,0,0,1095
FER33N-CA,4788,Ferrarelle Still Water 24x330ml,Do not Order,31. Water,24,14420 g,8006290805341,84,No,Ferrarelle,- None -,- None -,- None -,- None -,1,,,,,,,,- None -,,,0,0,0,,,,- None -,- None -,0,0,0,0,0,1095
FER75-S-CA,4430,Ferrarelle Sparkling Water 12x750ml,Do not Order,31. Water,12,15120 g,8006290800605,75,No,Ferrarelle,- None -,- None -,- None -,- None -,,,,,,,,525,- None -,,,0,0,0,,,,- None -,- None -,0,0,0,0,0,1095
FER75N-CA,4789,Ferrarelle Still Water 12x750ml,Do not Order,31. Water,12,14770 g,8006290805334,75,No,Ferrarelle,- None -,- None -,- None -,- None -,,,,,,,,225,- None -,,,0,0,0,,,,- None -,- None -,0,0,0,0,0,1095
FILMGIOIASB-OT,7069,Gioia S Biscuits Film,Active-Packaging,37. General Merchandise,1,1 kg,- None -,100,No,Carta Stampa_Packaging,- None -,- None -,- None -,- None -,,,,,,,,,- None -,,,0,0,0,,,,- None -,- None -,0,0,0,0,0,9999
FPCOL15-CA,1156,Colavita Hazelnut Chopped Roasted 8x4.4lb,Active - PL,38. Food Service,8,16330 g,- None -,100,No,Colavita USA_Hazelnuts,- None -,- None -,- None -,- None -,,,,,,,,,- None -,,,0,0,0,,,,- None -,- None -,0,0,0,0,0,730
FPCOL16-CA,1157,Colavita Hazelnut Whole Roasted 8x4.4lb,Active - PL,38. Food Service,8,16780 g,- None -,100,No,Colavita USA_Hazelnuts,- None -,- None -,- None -,- None -,,,,,,,,,- None -,,,0,0,0,,,,- None -,- None -,0,0,0,0,0,730
FPFB001-CA,3454,Farm Boy Olives Green Cerignola 12x580ml,Active - PL,21. Marinades,12,9998 g,- None -,84,No,Iposea_PL Farm Boy,- None -,- None -,- None -,- None -,,,,,,,,112,- None -,,,0,0,0,,,,- None -,- None -,0,0,0,0,0,1080
FPIP254-CA,3649,R.M. Artichokes Grilled 12x580g,Active,21. Marinades,12,10260 g,- None -,110,No,Colavita Italy_Other,- None -,- None -,- None -,- None -,,,,,,,,240,- None -,,,0,0,0,,,,- None -,- None -,0,0,0,0,0,730
FPIP256-CA,3694,R.M. Sundried Tomatoes 12x314ml,Active,21. Marinades,12,5680 g,779921321104,170,Yes,Iposea_Marinades,- None -,- None -,- None -,- None -,1,,,,,,,2224,- None -,,,0,0,0,,,,- None -,- None -,0,0,0,0,0,1080
FPIP258-CA,3650,R.M. Artichokes Stemmed 12x580ml,Do not Order,21. Marinades,12,9577 g,779921320602,98,No,Iposea_Marinades,- None -,- None -,- None -,- None -,,,,,,,,,- None -,,,0,0,0,,,,- None -,- None -,0,0,0,0,0,730
FPIP259-CA,3682,R.M. Olives Green Cerignola 12x580ml,Active,21. Marinades,12,9010 g,779921320800,98,Yes,Iposea_Olives,- None -,- None -,- None -,- None -,,,,,,,,600,- None -,,,0,0,0,,,,- None -,- None -,0,0,0,0,0,1080
FPRM01-CA,3651,R.M. Baby Clams 6x270g,Active,23. Fish & Seafood,6,2920 g,- None -,252,Yes,Flott,- None -,- None -,- None -,- None -,20,,,,,,,,- None -,,,0,0,0,,,,- None -,- None -,0,0,0,0,0,1460
FPRM120-CA,3646,R.M. Artichoke Hearts 12x6oz,Active,21. Marinades,12,4470 g,779921361056,238,Yes,El Raal,- None -,- None -,- None -,- None -,,,,,,,,1428,- None -,,,0,0,0,,,,- None -,- None -,0,0,0,0,0,1092
FPRM120-FB-CA,3440,Farm Boy Artichoke Hearts 12x340ml,Active - PL,21. Marinades,12,7528 g,- None -,162,No,El Raal_PL Farm Boy,- None -,- None -,- None -,- None -,,,,,,,,486,- None -,,,0,0,0,,,,- None -,- None -,0,0,0,0,0,1095
FPRM124-CA,3645,R.M. Artichoke Hearts 12x12oz,Active,21. Marinades,12,6540 g,779921361100,153,Yes,El Raal,- None -,- None -,- None -,- None -,3,,,,,,,1518,- None -,,,0,0,0,,,,- None -,- None -,0,0,0,0,0,1092
FPRM125-CA,3663,R.M. Fire Red Roasted Peppers 12x12oz,Active,21. Marinades,12,6390 g,- None -,153,Yes,El Raal,- None -,- None -,- None -,- None -,70,,,,,,,765,- None -,,,0,0,0,,,,- None -,- None -,0,0,0,0,0,1457
FPRM126-CA,3664,R.M. Fire Red Roasted Peppers 6x3Kg,Active,38. Food Service,6,17290 g,779921362206,63,Yes,El Raal,- None -,- None -,- None -,- None -,,,,,,,,124,- None -,,,0,0,0,,,,- None -,- None -,0,0,0,0,0,1095
FPRM149A-CA,5490,R.M. Capers 12x105ml,Active,21. Marinades,12,2560 g,779921362916,288,No,- None -,- None -,- None -,- None -,- None -,2,,,,,,,300,- None -,,,0,0,0,,,,- None -,- None -,0,0,0,0,0,1092
FPRM150A-CA,3684,R.M. Olives Infornate 12x500g,Active - Not Sellable,21. Marinades,12,6600 g,- None -,110,No,Salviani,- None -,- None -,- None -,- None -,,,,,,,,,- None -,,,0,0,0,,,,- None -,- None -,0,0,0,0,0,365
FPVA022-CA,3656,R.M. Eggplant Hot In Oil 12x375ml,Active,21. Marinades,12,6980 g,779921310238,144,Yes,Livabec,- None -,- None -,- None -,- None -,17,,,,,,,,- None -,,,0,0,0,,,,- None -,- None -,0,0,0,0,0,730
FPVA023-CA,3659,R.M. Eggplant Mild In Oil 12x375ml,Active,21. Marinades,12,7050 g,779921320237,144,Yes,Livabec,- None -,- None -,- None -,- None -,37,,,,,,,,- None -,,,0,0,0,,,,- None -,- None -,0,0,0,0,0,730
FPVA024-CA,3658,R.M. Eggplant Hot In Oil 12x750ml,Active,21. Marinades,12,13110 g,779921310269,77,Yes,Livabec,- None -,- None -,- None -,- None -,,,,,,,,900,- None -,,,0,0,0,,,,- None -,- None -,0,0,0,0,0,730
FPVA025-CA,3661,R.M. Eggplant Mild In Oil 12x750ml,Active,21. Marinades,12,13100 g,779921320268,77,Yes,Livabec,- None -,- None -,- None -,- None -,1,,,,,,,1100,- None -,,,0,0,0,,,,- None -,- None -,0,0,0,0,0,730
FPVA028-CA,3666,R.M. Hot Sliced Peppers 12x250ml,Active,21. Marinades,12,5030 g,779921325133,192,Yes,Livabec,- None -,- None -,- None -,- None -,15,,,,,,,,- None -,,,0,0,0,,,,- None -,- None -,0,0,0,0,0,728
FPVA030-CA,3676,R.M. Mushrooms Hot In Oil 12x250ml,Active,21. Marinades,12,5020 g,779921310016,192,Yes,Livabec,- None -,- None -,- None -,- None -,,,,,,,,1000,- None -,,,0,0,0,,,,- None -,- None -,0,0,0,0,0,728
FPVA031-CA,3679,R.M. Mushrooms Mild In Oil 12x250ml,Active,21. Marinades,12,5080 g,779921320015,192,Yes,Livabec,- None -,- None -,- None -,- None -,3,,,,,,,500,- None -,,,0,0,0,,,,- None -,- None -,0,0,0,0,0,728
FPVA055-CA,3657,R.M. Eggplant Hot In Oil 2x4L,Active,38. Food Service,2,10260 g,- None -,84,No,Livabec,- None -,- None -,- None -,- None -,,,,,,,,168,- None -,,,0,0,0,,,,- None -,- None -,0,0,0,0,0,730
FPVA056-CA,3660,R.M. Eggplant Mild In Oil 2x4L,Active,38. Food Service,2,10150 g,- None -,84,Yes,Livabec,- None -,- None -,- None -,- None -,,,34,,,,,252,- None -,,,0,0,0,,,,- None -,- None -,0,0,0,0,0,730
FPVA057-CA,3677,R.M. Mushrooms Hot In Oil 2x4L,Do not Order,38. Food Service,2,10590 g,- None -,84,No,Livabec,- None -,- None -,- None -,- None -,1,,,,,,,,- None -,,,0,0,0,,,,- None -,- None -,0,0,0,0,0,730
FPVA058-CA,3678,R.M. Mushrooms Mild In Oil 2x4L,Do not Order,38. Food Service,2,10640 g,779921310054,84,No,Livabec,- None -,- None -,- None -,- None -,6,,,,,,,,- None -,,,0,0,0,,,,- None -,- None -,0,0,0,0,0,730
FPVA059-CA,3642,R.M. Antipasto (Giardiniera) Hot 12x375ml,Active,21. Marinades,12,7050 g,779921371000,144,Yes,Livabec,- None -,- None -,- None -,- None -,2,,,,,,,400,- None -,,,0,0,0,,,,- None -,- None -,0,0,0,0,0,730
FPVA060-CA,3643,R.M. Antipasto (Giardiniera) Mild 12x375ml,Active,21. Marinades,12,7010 g,779921371024,144,Yes,Livabec,- None -,- None -,- None -,- None -,20,,,,,,,1100,- None -,,,0,0,0,,,,- None -,- None -,0,0,0,0,0,730
FPVA065A-CA,3674,R.M. Muffuletta Mild 12x500ml,Active,21. Marinades,12,9000 g,779921372014,102,Yes,Livabec,- None -,- None -,- None -,- None -,84,,,,,,,2500,- None -,,,0,0,0,,,,- None -,- None -,0,0,0,0,0,730
FPVA066A-CA,3672,R.M. Muffuletta Hot 12x500ml,Active,21. Marinades,12,9070 g,779921372052,102,Yes,Livabec,- None -,- None -,- None -,- None -,74,,,,,,,2500,- None -,,,0,0,0,,,,- None -,- None -,0,0,0,0,0,730
FPVA069A-CA,3554,Longos Muffuletta Original (HOT) 12x500ml,Active - PL,21. Marinades,12,5680 g,- None -,102,No,Livabec_PL Longos,- None -,- None -,- None -,- None -,58,,,,,,,816,- None -,,,0,0,0,,,,- None -,- None -,0,0,0,0,0,730
FPVA069B-CA,3553,Longos Muffuletta Mild 12x500ml,Active - PL,21. Marinades,12,5680 g,- None -,102,No,Livabec_PL Longos,- None -,- None -,- None -,- None -,116,,,,,,,510,- None -,,,0,0,0,,,,- None -,- None -,0,0,0,0,0,730
FPVA070-CA,3452,Farm Boy Muffuletta Mild 12x500g,Active - PL,21. Marinades,12,5680 g,- None -,102,No,Livabec_PL Farm Boy,- None -,- None -,- None -,- None -,,,,,,,,,- None -,,,0,0,0,,,,- None -,- None -,0,0,0,0,0,730
FPVA070C-CA,6620,Longos Curato Hot Sliced Peppers 12x250ml,Active - PL,21. Marinades,12,5316 g,- None -,250,No,Livabec_PL Longos,- None -,- None -,- None -,- None -,,,,,,,,,- None -,,,0,0,0,,,,- None -,- None -,0,0,0,0,0,730
FPVA071-CA,3453,Farm Boy Muffuletta Spicy 12x500g,Active - PL,21. Marinades,12,5680 g,- None -,102,No,Livabec_PL Farm Boy,- None -,- None -,- None -,- None -,,,,,,,,408,- None -,,,0,0,0,,,,- None -,- None -,0,0,0,0,0,730
FPVA375-CA,3673,R.M. Muffuletta Mild 2x4L,Active,38. Food Service,2,10548 g,- None -,84,Yes,Livabec,- None -,- None -,- None -,- None -,,,,,,,,252,- None -,,,0,0,0,,,,- None -,- None -,0,0,0,0,0,730
FPVA375A-CA,3671,R.M. Muffuletta Hot 2x4L,Active,38. Food Service,2,10460 g,- None -,84,No,Livabec,- None -,- None -,- None -,- None -,5,,,,,,,,- None -,,,0,0,0,,,,- None -,- None -,0,0,0,0,0,730
GIFTMCB5-CA,7131,Molisana Imports Giftbox (Large Gold),Active,37. General Merchandise,1, ,- None -,100,No,Molisana Imports_Gift Sets,- None -,- None -,- None -,- None -,,,,,,,,,- None -,,,0,0,0,,,,- None -,- None -,0,0,0,0,0,
GNOCCHI-CA,3877,Vita Sana Gnocchi 10x500g,Active,11. Gnocchi,10,5480 g,779921116113,147,Yes,Ciemme_Gnocchi,- None -,- None -,- None -,- None -,512,,,,,4725,,11815,- None -,1215,9/12/2026,-4,-.13,0,,,,- None -,- None -,0,0,0,0,0,365
GNOCCHI05-CA,3878,Vita Sana Gnocchi Bulk 6x1Kg,Active,11. Gnocchi,6,6480 g,779921106121,120,Yes,Ciemme_Gnocchi,- None -,- None -,- None -,- None -,1039,,,,,4196,,19279,- None -,1279,9/12/2026,-4,-.13,0,,,,- None -,- None -,0,0,0,0,0,365
GNOCCHI10-CA,3880,Vita Sana Gnocchi Gluten Free 12x500g,Active,11. Gnocchi,12,6430 g,779921116175,100,Yes,Ciemme_Gnocchi,- None -,- None -,- None -,- None -,14,,,,,4015,,10315,- None -,1711,9/12/2026,-4,-.13,0,,,,- None -,- None -,0,0,0,0,0,365
GNOCCHI10FB-CA,3449,Farm Boy Gnocchi Gluten Free 12x500g,Active - PL,09. Gluten Free Pasta,12,5500 g,- None -,140,No,Ciemme_PL Farm Boy,- None -,- None -,- None -,- None -,,,,,,,,400,- None -,,,0,0,0,,,,- None -,- None -,0,0,0,0,0,365
GNOCCHICAULI-CA,6812,Vita Sana Gluten Free Cauliflower Gnocchi 8x500g,Active,11. Gnocchi,8,5458 g,779921116137,85,Yes,Ciemme_Gnocchi,- None -,- None -,- None -,- None -,106,,,,,,,,- None -,,,0,0,0,,,,- None -,- None -,0,0,0,0,0,365
GNOCCHICAULIFB-CA,7053,Farm Boy  Cauliflower Gnocchi 8x500g,Active - PL,11. Gnocchi,8,5458 g,- None -,100,No,Ciemme_PL Farm Boy,- None -,- None -,- None -,- None -,,,,,,130,,450,- None -,130,9/12/2026,-4,-.13,0,,,,- None -,- None -,0,0,0,0,0,365
GNOCCHIFB-CA,3448,Farm Boy Gnocchi 10x500g,Active - PL,11. Gnocchi,10,7000 g,- None -,108,No,Ciemme_PL Farm Boy,- None -,- None -,- None -,- None -,,,,,,,,3234,- None -,,,0,0,0,,,,- None -,- None -,0,0,0,0,0,365
GNOCCHIMASS-CA,3562,Massimo Gnocchi 10x500g,Do not Order,11. Gnocchi,10,5500 g,- None -,140,No,Ciemme/Maffei_ Massimo,- None -,- None -,- None -,- None -,,,,,,,,,- None -,,,0,0,0,,,,- None -,- None -,0,0,0,0,0,365
La Molisana Semi Di Melone #61 450g (each),7315,La Molisana Semi Di Melone #61 450g (each),Part,01. Traditional Pasta,1, ,- None -,,No,L.M._Pasta Traditional,- None -,- None -,- None -,- None -,,,,,,,,,- None -,,,0,0,0,,,,- None -,- None -,0,0,0,0,0,
LEMON100-CA,7355,Vita Sana Lemon Juice 18x200ml,Active,30. Juices & Drinks,18,4000 g,779921352412,256,No,Liotti,- None -,- None -,- None -,- None -,,,,,,659,,659,- None -,659,9/22/2026,6,.2,0,,,,- None -,- None -,0,0,0,0,0,365
OCOAVOCA-CA,6883,Colavita Avocado Oil 6x750ml (Timeless),Do not Order,19. Specialty Oils,6,7360 g,39153431836,120,No,Colavita Italy_Oil,- None -,- None -,- None -,- None -,,,,,,,,,- None -,,,0,0,0,,,,- None -,- None -,0,0,0,0,0,730
OCOGRAPE01-CA,1158,Colavita Oil GRAPESEED 6x750ml,Do not Order,19. Specialty Oils,6,7094 g,39153100992,120,No,Colavita Italy_Oil,- None -,- None -,- None -,- None -,88,,,,,,,,- None -,,,0,0,0,,,,- None -,- None -,0,0,0,0,0,
OCOSPRAVO-CA,6559,Colavita Spray Avocado Oil 6x148ml,Do not Order,19. Specialty Oils,6,1270 g,39153431041,240,No,Colavita Italy_Oil,- None -,- None -,- None -,- None -,,,,,,,,,- None -,,,0,0,0,,,,- None -,- None -,0,0,0,0,0,365
OCOSPRGAR-CA,6555,Colavita SPRAY EV Olive Oil GARLIC 6x148ml,Do not Order,19. Specialty Oils,6,1270 g,39153430082,240,No,Colavita Italy_Oil,- None -,- None -,- None -,- None -,,,,,,,,,- None -,,,0,0,0,,,,- None -,- None -,0,0,0,0,0,365
OCOSPRGRA-CA,6557,Colavita SPRAY GRAPESEED Oil 6x148ml,Do not Order,19. Specialty Oils,6,1290 g,39153431034,240,No,Colavita Italy_Oil,- None -,- None -,- None -,- None -,,,,,,,,,- None -,,,0,0,0,,,,- None -,- None -,0,0,0,0,0,
OCOSPRORG-CA,6553,Colavita Spray EV Olive Oil Organic 6x148ml,Do not Order,19. Specialty Oils,6,1270 g,39153431027,240,No,Colavita Italy_Oil,- None -,- None -,- None -,- None -,,,,,,,,,- None -,,,0,0,0,,,,- None -,- None -,0,0,0,0,0,365
OCOSPRPRE-CA,6551,Colavita Spray EV Olive Oil Premium 6x148ml,Do not Order,19. Specialty Oils,6,1265 g,39153431539,240,No,Colavita Italy_Oil,- None -,- None -,- None -,- None -,,,,,,,,,- None -,,,0,0,0,,,,- None -,- None -,0,0,0,0,0,365
OCOXV-6PK-CA,3662,R.M. Extra Virgin Olive Oil 6x1L,Active,18. Olive Oil,6,8160 g,779921601053,100,Yes,Colavita Italy_Oil,- None -,- None -,- None -,- None -,39,,,,,,,,- None -,,,0,0,0,,,,- None -,- None -,0,0,0,0,0,547
OCOXV-ORGANIC-CA,1177,Colavita EV Olive Oil ORGANIC 6x500ml,Active,18. Olive Oil,6,5030 g,39153100404,125,Yes,Colavita Italy_Oil,- None -,- None -,- None -,- None -,4,,40,,,,,190,- None -,,,0,0,0,,,,- None -,- None -,0,0,0,0,0,546
OCOXV.075MLAUDBOLD,1163,Colavita Premium Audace BOLD EV Olive Oil 6x750 mL,Active,18. Olive Oil,6,7332 g,039153010109,120,No,Colavita Italy_Oil,- None -,- None -,- None -,- None -,94,,,,,,,140,- None -,,,0,0,0,,,,- None -,- None -,0,0,0,0,0,546
OCOXV.075MLBOLD,7351,Colavita Premium BOLD EV Olive Oil 6x 750 mL,Inactive,18. Olive Oil,6,7332 g,039153010109,96,No,Colavita Italy_Oil,- None -,- None -,- None -,- None -,,,,,,,,,- None -,,,0,0,0,,,,- None -,- None -,0,0,0,0,0,546
OCOXV.10CAN-CA,1059,Colavita Oil Canola (80) / EV Olive (20) 1x10L (Bag in Box),Active,38. Food Service,,8982 g,- None -,64,Yes,Colavita USA_Oil,- None -,- None -,- None -,- None -,,,,,,,,600,- None -,,,0,0,0,,,,- None -,- None -,0,0,0,0,0,546
OCOXV.10L56BB-CA,6860,Colavita Pure Olive Oil Bag In Box 1x10L,Active,38. Food Service,1,9400 g,- None -,72,No,Colavita USA_Oil,- None -,- None -,- None -,- None -,672,,,,,,,3600,- None -,,,0,0,0,,,,- None -,- None -,0,0,0,0,0,546
OCOXV.1L147TIMELESS-CA,7017,Colavita Premium ITALIAN EV Olive Oil 6x1L,Inactive,18. Olive Oil,6,7332 g,39153011410,96,No,Colavita Italy_Oil,- None -,- None -,- None -,- None -,,,,,,,,110,- None -,,,0,0,0,,,,- None -,- None -,0,0,0,0,0,546
OCOXV.1LCOSTA,7350,Colavita Premium COSTA EV Olive Oil 6x1L,Active,18. Olive Oil,6,7332 g,039153432543,96,No,Colavita Italy_Oil,- None -,- None -,- None -,- None -,,,,,,,,100,- None -,,,0,0,0,,,,- None -,- None -,0,0,0,0,0,546
OCOXV.1LDELICATO,7352,Colavita Premium DELICATO EV Olive Oil 6x.75L,Inactive,18. Olive Oil,6,7332 g,- None -,96,No,Colavita Italy_Oil,- None -,- None -,- None -,- None -,,,,,,,,,- None -,,,0,0,0,,,,- None -,- None -,0,0,0,0,0,546
OCOXV.25TIMELESS-CA,1160,Colavita Extra Virgin Olive Oil 12x250ml (Timeless),Do not Order,18. Olive Oil,12,3021 g,- None -,136,No,Colavita Italy - Special,- None -,- None -,- None -,- None -,,,,,,,,,- None -,,,0,0,0,,,,- None -,- None -,0,0,0,0,0,
OCOXV.5-6pk-CA,6482,Colavita Extra Virgin Olive Oil 6x500ml (Timeless),Active,18. Olive Oil,6,5050 g,39153010031,180,Yes,Colavita Italy_Oil,- None -,- None -,- None -,- None -,93,,,,,5280,,6000,- None -,5280,9/28/2026,12,.4,0,,,,- None -,- None -,0,0,0,0,0,546
OCOXV.500L71TIMELESS-CA,7016,Colavita Premium ITALIAN EV Olive Oil 6x500ml,Do not Order,18. Olive Oil,6,7332 g,39153010215,180,No,Colavita Italy_Oil,- None -,- None -,- None -,- None -,,,,,,,,,- None -,,,0,0,0,,,,- None -,- None -,0,0,0,0,0,547
OCOXV.75PETIMELESS-CA,7367,Colavita Premium EUROPEAN EV Olive Oil 6x750 mL (Timeless),Do not Order,18. Olive Oil,6,7200 g,039153100329,120,No,Colavita Italy_Oil,- None -,- None -,- None -,- None -,,,,,,,,,- None -,,,0,0,0,,,,- None -,- None -,0,0,0,0,0,546
OCOXV1LBOLD,7377,Colavita Premium BOLD EV Olive Oil 6x1L,Do not Order,18. Olive Oil,6,7332 g,039153010109,96,No,Colavita Italy_Oil,- None -,- None -,- None -,- None -,,,,,,,,,- None -,,,0,0,0,,,,- None -,- None -,0,0,0,0,0,546
OCOXV1TIMELESS-CA,1166,Colavita Extra Virgin Olive Oil 6x1L (Timeless),Active,18. Olive Oil,6,9330 g,39153010024,96,Yes,Colavita Italy_Oil,- None -,- None -,- None -,- None -,173,,,,,14008,,58808,- None -,2800,9/2/2026,-14,-.47,0,,,,- None -,- None -,0,0,0,0,0,546
OCOXV3T-CA,1167,Colavita Extra Virgin Olive Oil 4x3L (Tin),Active,18. Olive Oil,4,12330 g,39153010017,90,Yes,Colavita Italy_Oil,- None -,- None -,- None -,- None -,3,,,,,,,230,- None -,,,0,0,0,,,,- None -,- None -,0,0,0,0,0,546
OCOXVBAS-CA,1168,Colavita EV Olive Oil Basil 6x250ml (Timeless),Active,19. Specialty Oils,6,3090 g,39153100268,238,Yes,Colavita Italy_Oil,- None -,- None -,- None -,- None -,3,,,,,,,,- None -,,,0,0,0,,,,- None -,- None -,0,0,0,0,0,730
OCOXVCAL-CA,1169,Colavita EV Olive Oil California 6x750ml (Timeless),Active,18. Olive Oil,6,7360 g,- None -,120,Yes,Colavita USA_Oil,- None -,- None -,- None -,- None -,,,,,,,,,- None -,,,0,0,0,,,,- None -,- None -,0,0,0,0,0,546
OCOXVCERAMIC-CA,1170,Colavita EV Olive Oil Premium Italian 6x250ml (Ceramic Jar),Active,18. Olive Oil,6,3596 g,39153100381,155,No,Colavita Italy_Oil,- None -,- None -,- None -,- None -,,,,,,,,,- None -,,,0,0,0,,,,- None -,- None -,0,0,0,0,0,
OCOXVGAR-CA,1173,Colavita EV Olive Oil Garlic 6x250ml (Timeless),Active,19. Specialty Oils,6,3120 g,39153100503,238,Yes,Colavita Italy_Oil,- None -,- None -,- None -,- None -,66,,,,,,,238,- None -,,,0,0,0,,,,- None -,- None -,0,0,0,0,0,730
OCOXVGRE01-CA,1174,Colavita EV Olive Oil GREEK 6x750ml (Timeless),Active,18. Olive Oil,6,7380 g,39153100862,140,Yes,Colavita Italy_Oil,- None -,- None -,- None -,- None -,116,,,,,,,1400,- None -,,,0,0,0,,,,- None -,- None -,0,0,0,0,0,546
OCOXVLEM-CA,1175,Colavita EV Olive Oil Lemon 6x250ml (Timeless),Active,19. Specialty Oils,6,3090 g,39153100251,238,Yes,Colavita Italy_Oil,- None -,- None -,- None -,- None -,,,,,,,,119,- None -,,,0,0,0,,,,- None -,- None -,0,0,0,0,0,730
OCOXVMED-CA,1176,Colavita EV Olive Oil Mediterranean 6x750ml (Timeless),Active,18. Olive Oil,6,7370 g,39153100879,140,Yes,Colavita Italy_Oil,- None -,- None -,- None -,- None -,41,,,,,,,500,- None -,,,0,0,0,,,,- None -,- None -,0,0,0,0,0,546
OCOXVPEP-CA,1178,Colavita EV Olive Oil PEPPER 6x250ml (Timeless),Active,19. Specialty Oils,6,3000 g,- None -,287,Yes,Colavita Italy_Oil,- None -,- None -,- None -,- None -,61,,,,,,,469,- None -,,,0,0,0,,,,- None -,- None -,0,0,0,0,0,730
OCOXVPOR-CA,1179,Colavita EV Olive Oil PORTUGAL 6x750ml (Timeless),Do not Order,18. Olive Oil,6,7360 g,39153011526,120,Yes,Colavita Italy_Oil,- None -,- None -,- None -,- None -,1,,,,,,,,- None -,,,0,0,0,,,,- None -,- None -,0,0,0,0,0,730
OCOXVSEWC-CA,7203,Colavita EV Olive Oil The 2026 Soccer Special Edition 6x500ml,Do not Order,19. Specialty Oils,6,7500 g,039153432321,72,Yes,Colavita_Special,- None -,- None -,- None -,- None -,,,,,,,,,- None -,,,0,0,0,,,,- None -,- None -,0,0,0,0,0,540
OCOXVTAR-CA,1181,Colavita EV Olive Oil TRUFFLE 6x250ml (Timeless),Active,19. Specialty Oils,6,3090 g,39153100398,238,Yes,Colavita Italy_Oil,- None -,- None -,- None -,- None -,147,,,,,119,,119,- None -,119,9/28/2026,12,.4,0,,,,- None -,- None -,0,0,0,0,0,730
OOIL011-CA,7117,O California Premium EVOO  (Plastic Squeeze Bottle) 6x500ml,Active,19. Specialty Oils,6,3130 g,- None -,224,No,Colavita USA_Oil,- None -,- None -,- None -,- None -,,,,,,,,,- None -,,,0,0,0,,,,- None -,- None -,0,0,0,0,0,547
OOIL051-CA,6792,O Meyer Lemon Crushed Olive Oil 6x250ml,Active,19. Specialty Oils,6,2980 g,634039050011,252,Yes,Colavita USA_Oil,- None -,- None -,- None -,- None -,132,,,,,,,,- None -,,,0,0,0,,,,- None -,- None -,0,0,0,0,0,730
OOIL052-CA,6793,O Blood Orange Crushed Olive Oil 6x250ml,Active,19. Specialty Oils,6,2980 g,634039050028,252,Yes,Colavita USA_Oil,- None -,- None -,- None -,- None -,129,,,,,,,,- None -,,,0,0,0,,,,- None -,- None -,0,0,0,0,0,730
OOIL053-CA,6794,O Roasted Garlic Crushed Olive Oil 6x250ml,Active,19. Specialty Oils,6,3010 g,- None -,252,Yes,Colavita USA_Oil,- None -,- None -,- None -,- None -,,,,,,,,,- None -,,,0,0,0,,,,- None -,- None -,0,0,0,0,0,730
OOIL101-CA,6795,O Champagne Vinegar 6x300ml,Active,20. Vinegars,6,3710 g,634039350081,250,Yes,Colavita USA_Vinegar,- None -,- None -,- None -,- None -,117,,,,,,,500,- None -,,,0,0,0,,,,- None -,- None -,0,0,0,0,0,1821
OOIL102-CA,6796,O Citrus Champagne Vinegar 6x300ml,Active,20. Vinegars,6,3700 g,634039350111,250,Yes,Colavita USA_Vinegar,- None -,- None -,- None -,- None -,3,,,,,,,,- None -,,,0,0,0,,,,- None -,- None -,0,0,0,0,0,1821
OOIL104-CA,6804,O Orange Blossom Champagne Vinegar 6x300ml,Active,20. Vinegars,6,3850 g,- None -,250,No,Colavita USA_Vinegar,- None -,- None -,- None -,- None -,3,,,,,,,,- None -,,,0,0,0,,,,- None -,- None -,0,0,0,0,0,1821
OOIL105-CA,6797,O Pomegranate Champagne Vinegar 6x300ml,Active,20. Vinegars,6,3770 g,634039350470,250,Yes,Colavita USA_Vinegar,- None -,- None -,- None -,- None -,7,,,,,,,,- None -,,,0,0,0,,,,- None -,- None -,0,0,0,0,0,1821
OOIL111-CA,6801,O Cabernet Wine Vinegar 6x300ml,Active,20. Vinegars,6,3770 g,634039350128,250,No,Colavita USA_Vinegar,- None -,- None -,- None -,- None -,5,,,,,,,,- None -,,,0,0,0,,,,- None -,- None -,0,0,0,0,0,1821
OOIL113-CA,6802,O Sherry Wine Vinegar 6x300ml,Active,20. Vinegars,6,3770 g,634039350050,250,No,Colavita USA_Vinegar,- None -,- None -,- None -,- None -,31,,,,,,,,- None -,,,0,0,0,,,,- None -,- None -,0,0,0,0,0,1821
OOIL117-CA,6803,O Yuzu Rice Vinegar 6x300ml,Active,20. Vinegars,6,3710 g,634039350142,250,Yes,Colavita USA_Vinegar,- None -,- None -,- None -,- None -,55,,,,,,,500,- None -,,,0,0,0,,,,- None -,- None -,0,0,0,0,0,1821
OOIL119-CA,6798,O California White Balsamic Vinegar 6x300ml,Active,20. Vinegars,6,3860 g,634039350180,250,No,Colavita USA_Vinegar,- None -,- None -,- None -,- None -,,,,,,,,,- None -,,,0,0,0,,,,- None -,- None -,0,0,0,0,0,1821
OOIL121-CA,6799,O California Fig Balsamic Vinegar 6x300ml,Active,20. Vinegars,6,3930 g,634039350210,250,Yes,Colavita USA_Vinegar,- None -,- None -,- None -,- None -,2,,,,,,,,- None -,,,0,0,0,,,,- None -,- None -,0,0,0,0,0,1821
OOIL122-CA,6800,O California Balsamic Vinegar 6x300ml,Active,20. Vinegars,6,3880 g,634039350135,250,No,Colavita USA_Vinegar,- None -,- None -,- None -,- None -,5,,,,,,,,- None -,,,0,0,0,,,,- None -,- None -,0,0,0,0,0,1821
ORAAV80CI-CA,7388,OraSi Plant Based Cooking Cream 24x200ml,In Progress,30. Juices & Drinks,24, ,- None -,,No,OraSi,- None -,- None -,- None -,- None -,,,,,,72,,72,- None -,72,9/22/2026,6,.2,0,,,,- None -,- None -,0,0,0,0,0,
ORAAV80DJ-CA,7055,OraSi Soy Beverage Sugar Free 12x1L,Do not Order,30. Juices & Drinks,12,13872 g,8003180048154,65,No,OraSi,- None -,- None -,- None -,- None -,,,,,,,,,- None -,,,0,0,0,,,,- None -,- None -,0,0,0,0,0,420
ORAAV80EO-CA,7054,OraSi Soy Beverage 12x1L,Active,30. Juices & Drinks,12,13872 g,8003180046990,65,No,OraSi,- None -,- None -,- None -,- None -,,,,,,,,,- None -,,,0,0,0,,,,- None -,- None -,0,0,0,0,0,420
ORAAV81BG-CA,7387,OraSi Plant Based Whipping Cream 24x200ml,In Progress,30. Juices & Drinks,24, ,- None -,,No,OraSi,- None -,- None -,- None -,- None -,,,,,,72,,72,- None -,72,9/22/2026,6,.2,0,,,,- None -,- None -,0,0,0,0,0,
ORAAV81ER-CA,7056,OraSi Rice Beverage No Added Sugar 12x1L,Do not Order,30. Juices & Drinks,12,13872 g,8003180046976,65,No,OraSi,- None -,- None -,- None -,- None -,,,,,,,,,- None -,,,0,0,0,,,,- None -,- None -,0,0,0,0,0,420
ORAAV84AJ-CA,7061,OraSi Hazelnut Beverage 12x1L,Do not Order,30. Juices & Drinks,12,13872 g,8003180047058,65,No,OraSi,- None -,- None -,- None -,- None -,,,,,,,,,- None -,,,0,0,0,,,,- None -,- None -,0,0,0,0,0,360
ORAAV87CF-CA,7058,OraSi Oat Beverage Sugar Free 12x1L,Active,30. Juices & Drinks,12,13872 g,8003180048130,65,No,OraSi,- None -,- None -,- None -,- None -,26,,,,,102,,102,- None -,102,9/22/2026,6,.2,0,,,,- None -,- None -,0,0,0,0,0,360
ORAAV88AN-CA,7062,OraSi Barista Soy Beverage 12x1L,Do not Order,30. Juices & Drinks,12,13872 g,8003180047782,65,No,OraSi,- None -,- None -,- None -,- None -,,,,,,77,,77,- None -,77,9/22/2026,6,.2,0,,,,- None -,- None -,0,0,0,0,0,420
ORAAV88FV-CA,7063,OraSi Barista Almond Beverage 12x1L,Active,30. Juices & Drinks,12,13872 g,8003180047829,65,No,OraSi,- None -,- None -,- None -,- None -,,,,,,155,,155,- None -,155,9/22/2026,6,.2,0,,,,- None -,- None -,0,0,0,0,0,420
ORAAV88HT-CA,7064,OraSi Barista Coconut Beverage 12x1L,Active,30. Juices & Drinks,12,13872 g,8003180047843,65,No,OraSi,- None -,- None -,- None -,- None -,,,,,,206,,206,- None -,206,9/22/2026,6,.2,0,,,,- None -,- None -,0,0,0,0,0,420
ORAAV88IW-CA,7066,OraSi Barista Oat Beverage 12x1L,Active,30. Juices & Drinks,12,13872 g,8003180047805,65,No,OraSi,- None -,- None -,- None -,- None -,,,,,,161,,161,- None -,161,9/22/2026,6,.2,0,,,,- None -,- None -,0,0,0,0,0,360
ORAAV88JK-CA,7065,OraSi Barista Hazelnut Beverage 12x1L,Active,30. Juices & Drinks,12,13872 g,8003180047867,65,No,OraSi,- None -,- None -,- None -,- None -,,,,,,,,,- None -,,,0,0,0,,,,- None -,- None -,0,0,0,0,0,360
ORAAV88KC-CA,7386,OraSi Barista Soy Banana Beverage 12x1L,In Progress,30. Juices & Drinks,12, ,- None -,65,No,OraSi,- None -,- None -,- None -,- None -,,,,,,16,,16,- None -,16,9/22/2026,6,.2,0,,,,- None -,- None -,0,0,0,0,0,420
ORAPOS60UNITS-OT,7266,OraSi Displayer 60 Units,Active-Displayer,43. Display,1, ,- None -,,No,OraSi_Displayer,- None -,- None -,- None -,- None -,,,,,,,,,- None -,,,0,0,0,,,,- None -,- None -,0,0,0,0,0,
PAB001-CA,4035,Vita Sana Organic Chickpea Fusilli 6x225g,Active,08. Organic Bean Pasta,6,1530 g,779921017137,162,Yes,GoviFarm,- None -,- None -,- None -,- None -,269,,,,,648,,1080,- None -,648,9/30/2026,14,.47,0,,,,- None -,- None -,0,0,0,0,0,1095
PAB002-CA,4036,Vita Sana Organic Red Lentil Penne 6x225g,Active,08. Organic Bean Pasta,6,1530 g,779921017052,162,Yes,GoviFarm,- None -,- None -,- None -,- None -,332,,,,,,,648,- None -,,,0,0,0,,,,- None -,- None -,0,0,0,0,0,1095
PAB003-CA,4037,Vita Sana Organic Yellow Lentil Casarecce 6x225g,Active,08. Organic Bean Pasta,6,1500 g,779921017090,162,Yes,GoviFarm,- None -,- None -,- None -,- None -,75,,,,,,,648,- None -,,,0,0,0,,,,- None -,- None -,0,0,0,0,0,1095
PAB015-CA,6899,La Molisana Lupini Spaghetti 12x400g,Do not Order,03. Specialty Cut Pasta,12,5460 g,8004690486160,95,Yes,L.M._Pasta Speciali,- None -,- None -,- None -,- None -,,,,,,,,,- None -,,,0,0,0,,,,- None -,- None -,0,0,0,0,0,1095
PAB020-CA,6897,La Molisana Lupini Penne Rigate 12x400g,Label,03. Specialty Cut Pasta,12,5630 g,8004690480205,50,Yes,L.M._Pasta Speciali,- None -,- None -,- None -,- None -,,,,,,,,,- None -,,,0,0,0,,,,- None -,- None -,0,0,0,0,0,1095
PAB028-CA,6898,La Molisana Lupini Fusilli 12x400g,Label,03. Specialty Cut Pasta,12,5600 g,8004690480281,50,Yes,L.M._Pasta Speciali,- None -,- None -,- None -,- None -,,,,,,,,,- None -,,,0,0,0,,,,- None -,- None -,0,0,0,0,0,1095
PACM001-CA,3896,Vita Sana Pasta Orecchiette 12x450g,Active,10. Artisanal Pasta,12,5930 g,779921600100,96,Yes,Dibenedetto,- None -,- None -,- None -,- None -,73,,,,,,,860,- None -,,,0,0,0,,,,- None -,- None -,0,0,0,0,0,790
PACM001DR-CA,6144,David Rocco Pasta Orecchiette 12x400g,Active,10. Artisanal Pasta,12,5950 g,- None -,60,Yes,Dibenedetto,- None -,- None -,- None -,- None -,,,,,,1,,201,- None -,,,0,0,0,,,,- None -,- None -,0,0,0,0,0,790
PACM002-CA,3890,Vita Sana Pasta Cavatelli 12x450g,Active,10. Artisanal Pasta,12,5900 g,- None -,120,Yes,Dibenedetto,- None -,- None -,- None -,- None -,36,,,,,,,820,- None -,,,0,0,0,,,,- None -,- None -,0,0,0,0,0,790
PACM003-CA,3894,Vita Sana Pasta Fusilli 12x450g,Active,10. Artisanal Pasta,12,5990 g,- None -,96,Yes,Dibenedetto,- None -,- None -,- None -,- None -,79,,,,,,,630,- None -,,,0,0,0,,,,- None -,- None -,0,0,0,0,0,790
PACM003DR-CA,6145,David Rocco Pasta Fusilli 12x400g,Active,10. Artisanal Pasta,12,5370 g,- None -,60,Yes,Dibenedetto,- None -,- None -,- None -,- None -,,,,,,,,90,- None -,,,0,0,0,,,,- None -,- None -,0,0,0,0,0,790
PACM004-CA,3897,Vita Sana Pasta Strozzapreti 12x450g,Active,10. Artisanal Pasta,12,5980 g,779921600933,96,Yes,Dibenedetto,- None -,- None -,- None -,- None -,,,,,,1,,271,- None -,,,0,0,0,,,,- None -,- None -,0,0,0,0,0,790
PACM004A-CA,3898,Vita Sana Pasta Strozzapreti Tricolore 12x450g,Active,10. Artisanal Pasta,12,5960 g,779921600513,96,Yes,Dibenedetto,- None -,- None -,- None -,- None -,11,,,,,1,,51,- None -,,,0,0,0,,,,- None -,- None -,0,0,0,0,0,790
PACM004DR-CA,6146,David Rocco Pasta Strozzapreti 12x400g,Active,10. Artisanal Pasta,12,5310 g,- None -,60,Yes,Dibenedetto,- None -,- None -,- None -,- None -,,,,,,,,145,- None -,,,0,0,0,,,,- None -,- None -,0,0,0,0,0,790
PACM005-CA,3891,Vita Sana Pasta Cavatoni 12x450g,Active,10. Artisanal Pasta,12,5990 g,- None -,96,Yes,Dibenedetto,- None -,- None -,- None -,- None -,17,,,,,,,230,- None -,,,0,0,0,,,,- None -,- None -,0,0,0,0,0,790
PACM006-CA,3895,Vita Sana Pasta Maccheroni 12x450g,Active,10. Artisanal Pasta,12,5930 g,- None -,72,Yes,Dibenedetto,- None -,- None -,- None -,- None -,49,,,,,,,680,- None -,,,0,0,0,,,,- None -,- None -,0,0,0,0,0,790
PACM008-CA,3892,Vita Sana Pasta Foglie And Spinaci 12x450g,Active,10. Artisanal Pasta,12,5990 g,779921600124,96,Yes,Dibenedetto,- None -,- None -,- None -,- None -,,,,,,,,70,- None -,,,0,0,0,,,,- None -,- None -,0,0,0,0,0,790
PACM013A-CA,3893,Vita Sana Pasta Fregola Sarda 12x500g,Active,10. Artisanal Pasta,12,6480 g,- None -,84,Yes,Cagliaritani,- None -,- None -,- None -,- None -,14,,,,,,,384,- None -,,,0,0,0,,,,- None -,- None -,0,0,0,0,0,851
PACM014-CA,3899,Vita Sana Pasta Trofie 12x450g,Active,10. Artisanal Pasta,12,5940 g,- None -,60,No,Dibenedetto,- None -,- None -,- None -,- None -,,,,,,,,40,- None -,,,0,0,0,,,,- None -,- None -,0,0,0,0,0,790
PACM015-CA,7361,Vita Sana Pasta Casarecce 12x450g,In Progress,10. Artisanal Pasta,12, ,- None -,,No,Dibenedetto,- None -,- None -,- None -,- None -,,,,,,,,500,- None -,,,0,0,0,,,,- None -,- None -,0,0,0,0,0,790
PAG020-GF-CA,6191,La Molisana Gluten Free Penne Ziti Rigate#20 14x400g,Label,09. Gluten Free Pasta,14,6390 g,8004690470039,60,Yes,L.M._Pasta Gluten free,- None -,- None -,- None -,- None -,2,,,,,192,,580,- None -,96,9/28/2026,12,.4,0,,,,- None -,- None -,0,0,0,0,0,1095
PAG028-GF-CA,6192,La Molisana Gluten Free Fusilli #28 14x400g,Label,09. Gluten Free Pasta,14,6090 g,8004690470046,50,Yes,L.M._Pasta Gluten free,- None -,- None -,- None -,- None -,9,,,,,240,,700,- None -,240,9/28/2026,12,.4,0,,,,- None -,- None -,0,0,0,0,0,1095
PALAT071-CA,3990,La Molisana Rotelle #71 24x500g,Label,01. Traditional Pasta,24,12710 g,8004690057100,45,No,L.M._Pasta Speciali,- None -,- None -,- None -,- None -,2,,,,,,,300,- None -,,,0,0,0,,,,- None -,- None -,0,0,0,0,0,1095
PALAT077-CA,4011,La Molisana Mafalda Corta #77 24x500g,Label,03. Specialty Cut Pasta,24,13050 g,8004690057704,32,No,L.M._Pasta Speciali,- None -,- None -,- None -,- None -,1,,,,,252,,672,- None -,252,10/5/2026,19,.63,0,,,,- None -,- None -,0,0,0,0,0,1095
PALAT1000-DR-CA,6156,La Molisana Rigacuore #1000 24x500g,Label,03. Specialty Cut Pasta,24,12860 g,8004690110003,40,No,L.M._Pasta Speciali,- None -,- None -,- None -,- None -,1,,,,,,,95,- None -,,,0,0,0,,,,- None -,- None -,0,0,0,0,0,1095
PALAT58-DR-CA,6843,La Molisana Mista Grano Ita #58 24x500g,Do not Order,03. Specialty Cut Pasta,24,12730 g,8004690055823,40,No,L.M._Pasta Speciali,- None -,- None -,- None -,- None -,,,,,,,,,- None -,,,0,0,0,,,,- None -,- None -,0,0,0,0,0,1095
PAR002-DR-CA,3998,La Molisana Fettucce Ricce #2 12x450g,Label,02. Specialty Long Cut Pasta,12,6054 g,8004690100202,48,Yes,L.M._Pasta Speciali,- None -,- None -,- None -,- None -,43,,,,,,,753,- None -,,,0,0,0,,,,- None -,- None -,0,0,0,0,0,1095
PAR002-DR-EA,7306,La Molisana Fettucce Ricce #2 450g (each),Part,02. Specialty Long Cut Pasta,1, ,- None -,,No,L.M._Pasta Speciali,- None -,- None -,- None -,- None -,,,,,,,,,- None -,,,0,0,0,,,,- None -,- None -,0,0,0,0,0,
PAR002-DR18-CA,6951,La Molisana Fettuccia Riccia #2 18x500g,Part,02. Specialty Long Cut Pasta,18,10000 g,- None -,100,No,L.M._Pasta Speciali,- None -,- None -,- None -,- None -,,,,,,,,,- None -,,,0,0,0,,,,- None -,- None -,0,0,0,0,0,1095
PAR003-DR-CA,4002,La Molisana Tripolina Lunga #3 12x450g,Label,02. Specialty Long Cut Pasta,12,5790 g,779921000030,48,Yes,L.M._Pasta Speciali,- None -,- None -,- None -,- None -,19,,,,,,,201,- None -,,,0,0,0,,,,- None -,- None -,0,0,0,0,0,1095
PAR003-DR-EA,7305,La Molisana Tripolina Lunga #3 450g (each),Part,02. Specialty Long Cut Pasta,1, ,- None -,,No,L.M._Pasta Speciali,- None -,- None -,- None -,- None -,,,,,,,,,- None -,,,0,0,0,,,,- None -,- None -,0,0,0,0,0,
PAR003-DR18-CA,7275,La Molisana Mezze Fettuccia Riccia #3 18x500g,Part,02. Specialty Long Cut Pasta,18,10000 g,- None -,100,No,L.M._Pasta Speciali,- None -,- None -,- None -,- None -,,,,,,,,485,- None -,,,0,0,0,,,,- None -,- None -,0,0,0,0,0,
PAR100-12-500-CA,7296,La Molisana Nidi '0' Capelli Angelo #100 12x500g,Part,02. Specialty Long Cut Pasta,12,6380 g,- None -,40,No,L.M._Pasta Speciali,- None -,- None -,- None -,- None -,,,,,,,,,- None -,,,0,0,0,,,,- None -,- None -,0,0,0,0,0,1095
PAR100-12-CA,4000,La Molisana Nidi '0' Capelli Angelo #100 12x450g,Active,02. Specialty Long Cut Pasta,12,6380 g,779921001006,40,Yes,L.M._Pasta Speciali,- None -,- None -,- None -,- None -,2,,,,,1,,1,- None -,,,0,0,0,,,,- None -,- None -,0,0,0,0,0,1095
PAR100-8-CA,7370,La Molisana Nidi '0' Capelli Angelo #100 8x450g,In Progress,02. Specialty Long Cut Pasta,8,3600 g,779921001006,18,No,L.M._Pasta Speciali,- None -,- None -,- None -,- None -,,,,,,,,,- None -,,,0,0,0,,,,- None -,- None -,0,0,0,0,0,1095
PAR103-12-500-CA,7311,La Molisana Nidi '3' Tagliatelle #103 12x500g,Part,02. Specialty Long Cut Pasta,12,6420 g,- None -,40,No,L.M._Pasta Speciali,- None -,- None -,- None -,- None -,,,,,,,,100,- None -,,,0,0,0,,,,- None -,- None -,0,0,0,0,0,1095
PAR103-12-CA,4001,La Molisana Nidi '3' Tagliatelle #103 12x450g,Label,02. Specialty Long Cut Pasta,12,6420 g,779921001037,40,No,L.M._Pasta Speciali,- None -,- None -,- None -,- None -,2,,,,,,,,- None -,,,0,0,0,,,,- None -,- None -,0,0,0,0,0,1095
PAR103-8-CA,7371,La Molisana Nidi '3' Tagliatelle #103 8x450g,In Progress,02. Specialty Long Cut Pasta,8,3600 g,779921001037,18,No,L.M._Pasta Speciali,- None -,- None -,- None -,- None -,,,,,,,,,- None -,,,0,0,0,,,,- None -,- None -,0,0,0,0,0,1095
PAR108-DR-CA,4008,La Molisana Fusilli Corti Bucati #108 12x450g,Do not Order,03. Specialty Cut Pasta,12,5950 g,779921011081,90,No,L.M._Pasta Speciali,- None -,- None -,- None -,- None -,,,,,,,,,- None -,,,0,0,0,,,,- None -,- None -,0,0,0,0,0,1095
PAR108-DR-EA,7307,La Molisana Fusilli Corti Bucati #108 450g (each),Part,03. Specialty Cut Pasta,1, ,- None -,,No,L.M._Pasta Speciali,- None -,- None -,- None -,- None -,,,,,,,,,- None -,,,0,0,0,,,,- None -,- None -,0,0,0,0,0,
PAR60A-DR-500-CA,7312,La Molisana Anelli Siciliani #60A 12x500g,Part,03. Specialty Cut Pasta,12,5850 g,- None -,98,No,L.M._Pasta Speciali,- None -,- None -,- None -,- None -,,,,,,,,,- None -,,,0,0,0,,,,- None -,- None -,0,0,0,0,0,1095
PAR60A-DR-CA,4004,La Molisana Anelli Siciliani #60A 12x450g,Label,03. Specialty Cut Pasta,12,5850 g,779921001600,98,Yes,L.M._Pasta Speciali,- None -,- None -,- None -,- None -,39,,,,,,,600,- None -,,,0,0,0,,,,- None -,- None -,0,0,0,0,0,1095
PAR60A-DR24-500-CA,7359,La Molisana Anelli Siciliani #60A 24x500g,Part,03. Specialty Cut Pasta,24,5850 g,- None -,,No,L.M._Pasta Speciali,- None -,- None -,- None -,- None -,,,,,,,,,- None -,,,0,0,0,,,,- None -,- None -,0,0,0,0,0,1095
PASPT01-CA,4032,Vita Sana Spelt Penne 12x450g,Active,07. Organic Spelt Pasta,12,5870 g,779921015034,60,Yes,Andalini,- None -,- None -,- None -,- None -,35,,40,,,,,,- None -,,,0,0,0,,,,- None -,- None -,0,0,0,0,0,1095
PASPT02-CA,4031,Vita Sana Spelt Fusilli 12x450g,Active,07. Organic Spelt Pasta,12,5810 g,779921015065,60,Yes,Andalini,- None -,- None -,- None -,- None -,4,,,,,,,200,- None -,,,0,0,0,,,,- None -,- None -,0,0,0,0,0,1095
PASPT03-CA,4034,Vita Sana Spelt Tortiglioni (Elicoidali) 12x450g,Do not Order,07. Organic Spelt Pasta,12,5820 g,779921015096,60,No,Andalini,- None -,- None -,- None -,- None -,,,,,,,,,- None -,,,0,0,0,,,,- None -,- None -,0,0,0,0,0,1095
PASPT04-CA,4033,Vita Sana Spelt Spaghetti 12x450g,Active,07. Organic Spelt Pasta,12,5650 g,779921015041,162,Yes,Andalini,- None -,- None -,- None -,- None -,23,,,,,,,,- None -,,,0,0,0,,,,- None -,- None -,0,0,0,0,0,1095
PASPT06-CA,4029,Vita Sana Spelt Cavatappi #70 12x450g,Do not Order,07. Organic Spelt Pasta,12,5840 g,- None -,60,No,Andalini,- None -,- None -,- None -,- None -,,,,,,,,,- None -,,,0,0,0,,,,- None -,- None -,0,0,0,0,0,1095
PAT001-DR18-CA,3994,La Molisana Spaghetto Quadrato #1 18x450g,Active,01. Traditional Pasta,18,8650 g,779921001112,112,Yes,L.M._Pasta Traditional,- None -,- None -,- None -,- None -,5,,,,,26,,1300,- None -,26,9/9/2026,-7,-.23,0,,,,- None -,- None -,0,0,0,0,0,1095
PAT006-DR18-CA,3978,La Molisana Linguine #6 18x450g,Active,01. Traditional Pasta,18,8830 g,779921000061,112,Yes,L.M._Pasta Traditional,- None -,- None -,- None -,- None -,122,,,,,2342,,4684,- None -,896,9/16/2026,0,0,0,,,,- None -,- None -,0,0,0,0,0,1095
PAT012-DR18-CA,3969,La Molisana Bucatini #12 18x450g,Active,01. Traditional Pasta,18,8740 g,779921000122,92,Yes,L.M._Pasta Traditional,- None -,- None -,- None -,- None -,8,,,,,,,2000,- None -,,,0,0,0,,,,- None -,- None -,0,0,0,0,0,1095
PAT015-DR18-CA,3992,La Molisana Spaghetti #15 18x450g,Active,01. Traditional Pasta,18,8600 g,779921000153,112,Yes,L.M._Pasta Traditional,- None -,- None -,- None -,- None -,201,,,,,5636,,10532,- None -,672,9/2/2026,-14,-.47,0,,,,- None -,- None -,0,0,0,0,0,1095
PAT015-GLUTEN-CA,4040,La Molisana Gluten Free Spaghetti #15 12x400g,Label,09. Gluten Free Pasta,12,5250 g,8004690470022,205,Yes,L.M._Pasta Gluten free,- None -,- None -,- None -,- None -,1,,,,,84,,446,- None -,84,9/28/2026,12,.4,0,,,,- None -,- None -,0,0,0,0,0,1095
PAT015-ORG-CA,4028,La Molisana Organic Spaghetti #15 18x500g,Active,06. Organic Wheat Pasta,18,9220 g,8004690420157,84,Yes,L.M._Pasta Organic,- None -,- None -,- None -,- None -,,,,,,,,70,- None -,,,0,0,0,,,,- None -,- None -,0,0,0,0,0,1095
PAT016-DR18-CA,3993,La Molisana Spaghettini #16 18x450g,Active,01. Traditional Pasta,18,8650 g,779921000160,112,Yes,L.M._Pasta Traditional,- None -,- None -,- None -,- None -,66,,,,,1914,,4929,- None -,1568,9/23/2026,7,.23,0,,,,- None -,- None -,0,0,0,0,0,1095
PAT016-FS-CA,3536,La Molisana Spaghetti Bulk #16 2x10lb (Box),Label,38. Food Service,2,9480 g,779921090161,96,Yes,L.M._Pasta Bulk,- None -,- None -,- None -,- None -,26,,,,,96,,599,- None -,96,10/5/2026,19,.63,0,,,,- None -,- None -,0,0,0,0,0,1095
PAT017-DR18-CA,3970,La Molisana Capellini #17 18x450g,Active,01. Traditional Pasta,18,8440 g,779921000177,112,Yes,L.M._Pasta Traditional,- None -,- None -,- None -,- None -,123,,,,,2,,1096,- None -,,,0,0,0,,,,- None -,- None -,0,0,0,0,0,1095
PAT018-DR-CA,3984,La Molisana Penne Ziti Lisce #18 12x450g,Active,01. Traditional Pasta,12,6030 g,779921000184,90,Yes,L.M._Pasta Traditional,- None -,- None -,- None -,- None -,13,,,,,,,2295,- None -,,,0,0,0,,,,- None -,- None -,0,0,0,0,0,1095
PAT020-DR-CA,3985,La Molisana Penne Ziti Rigate #20 12x450g,Active,01. Traditional Pasta,12,5920 g,779921000207,90,Yes,L.M._Pasta Traditional,- None -,- None -,- None -,- None -,218,,,,,3047,,12262,- None -,300,9/2/2026,-14,-.47,0,,,,- None -,- None -,0,0,0,0,0,1095
PAT020-ORG-CA,4027,La Molisana Organic Penne #20 10x500g,Active,06. Organic Wheat Pasta,10,5470 g,8004690420201,60,Yes,L.M._Pasta Organic,- None -,- None -,- None -,- None -,23,,,,,120,,120,- None -,60,9/9/2026,-7,-.23,0,,,,- None -,- None -,0,0,0,0,0,1095
PAT021-DR-CA,3987,La Molisana Pennoni Rigati #21 12x450g,Active,01. Traditional Pasta,12,6020 g,779921000214,48,Yes,L.M._Pasta Traditional,- None -,- None -,- None -,- None -,21,,,,,480,,4349,- None -,480,9/2/2026,-14,-.47,0,,,,- None -,- None -,0,0,0,0,0,1095
PAT021A-DR-CA,3986,La Molisana Pennoni Lisci #21A 12x450g,Active,01. Traditional Pasta,12,6020 g,779921001211,48,Yes,L.M._Pasta Traditional,- None -,- None -,- None -,- None -,4,,,,,,,1000,- None -,,,0,0,0,,,,- None -,- None -,0,0,0,0,0,1095
PAT022-DR-CA,3983,La Molisana Penne Mezzi Ziti #22 12x450g,Do not Order,01. Traditional Pasta,12,5800 g,779921000221,84,Yes,L.M._Pasta Traditional,- None -,- None -,- None -,- None -,1,,,,,,,24,- None -,,,0,0,0,,,,- None -,- None -,0,0,0,0,0,1095
PAT022-FS-CA,3531,La Molisana Penette Bulk Rigate 4x3Kg,Label,38. Food Service,4,12750 g,779921090222,54,Yes,L.M._Pasta Bulk,- None -,- None -,- None -,- None -,19,,,,,432,,960,- None -,144,9/28/2026,12,.4,0,,,,- None -,- None -,0,0,0,0,0,1095
PAT022A-DR-CA,3982,La Molisana Penne Mezze Ziti Rigate #22A 12x450g,Active,01. Traditional Pasta,12,5960 g,779921001228,84,Yes,L.M._Pasta Traditional,- None -,- None -,- None -,- None -,32,,,,,1008,,1008,- None -,1008,9/28/2026,12,.4,0,,,,- None -,- None -,0,0,0,0,0,1095
PAT025-DR-CA,3968,La Molisana Abissine Rigate #25 12x450g,Active,01. Traditional Pasta,12,5930 g,779921000252,90,Yes,L.M._Pasta Traditional,- None -,- None -,- None -,- None -,2,,,,,1963,,3001,- None -,942,9/28/2026,12,.4,0,,,,- None -,- None -,0,0,0,0,0,1095
PAT028-DR-CA,3977,La Molisana Fusilli #28 12x450g,Active,01. Traditional Pasta,12,5950 g,779921000283,90,Yes,L.M._Pasta Traditional,- None -,- None -,- None -,- None -,375,,,,,6262,,17962,- None -,780,9/16/2026,0,0,0,,,,- None -,- None -,0,0,0,0,0,1095
PAT028-FS-CA,3520,La Molisana Fusilli Bulk #28 2x10lb (Box),Label,38. Food Service,2,9760 g,- None -,56,Yes,L.M._Pasta Bulk,- None -,- None -,- None -,- None -,41,,,,,350,,765,- None -,350,10/5/2026,19,.63,0,,,,- None -,- None -,0,0,0,0,0,1095
PAT028-ORG-CA,4025,La Molisana Organic Fusilli #28 10x500g,Active,06. Organic Wheat Pasta,10,5440 g,8004690420287,60,Yes,L.M._Pasta Organic,- None -,- None -,- None -,- None -,,,37,,,60,,175,- None -,60,9/28/2026,12,.4,0,,,,- None -,- None -,0,0,0,0,0,1095
PAT030-FS-CA,3529,La Molisana Orecchiette Bulk #30 2x10lb (Box),Label,38. Food Service,2,9680 g,37212509168,64,No,L.M._Pasta Bulk,- None -,- None -,- None -,- None -,,,,,,,,,- None -,,,0,0,0,,,,- None -,- None -,0,0,0,0,0,1095
PAT031-DR-CA,3989,La Molisana Rigatoni #31 12x450g,Active,01. Traditional Pasta,12,6110 g,779921000313,64,Yes,L.M._Pasta Traditional,- None -,- None -,- None -,- None -,117,,,,,6519,,13153,- None -,1464,9/2/2026,-14,-.47,0,,,,- None -,- None -,0,0,0,0,0,1095
PAT032-DR-CA,3980,La Molisana Mezzi Rigatoni #32 12x450g,Active,01. Traditional Pasta,12,6050 g,779921000320,64,Yes,L.M._Pasta Traditional,- None -,- None -,- None -,- None -,4,,,,,816,,4108,- None -,816,10/5/2026,19,.63,0,,,,- None -,- None -,0,0,0,0,0,1095
PAT034-DR-CA,3972,La Molisana Cavatappi #34 12x450g,Active,01. Traditional Pasta,12,5950 g,- None -,90,Yes,L.M._Pasta Traditional,- None -,- None -,- None -,- None -,25,,,,,,,2407,- None -,,,0,0,0,,,,- None -,- None -,0,0,0,0,0,1095
PAT037-DR-CA,3975,La Molisana Elicoidali #37 12x450g,Active,01. Traditional Pasta,12,6050 g,779921000375,56,Yes,L.M._Pasta Traditional,- None -,- None -,- None -,- None -,8,,,,,8,,2598,- None -,,,0,0,0,,,,- None -,- None -,0,0,0,0,0,1095
PAT037-FS-CA,3516,La Molisana Elicodali Bulk #37 2x10lb (Box),Label,38. Food Service,2,9770 g,- None -,64,No,L.M. - Pasta Food Service,- None -,- None -,- None -,- None -,,,,,,,,,- None -,,,0,0,0,,,,- None -,- None -,0,0,0,0,0,
PAT045-DR-CA,3973,La Molisana Ditali #45 12x450g,Active,01. Traditional Pasta,12,5880 g,779921000450,84,Yes,L.M._Pasta Traditional,- None -,- None -,- None -,- None -,18,,,,,924,,3128,- None -,924,9/28/2026,12,.4,0,,,,- None -,- None -,0,0,0,0,0,1095
PAT048-DR-CA,3997,La Molisana Tubetti #48 12x450g,Label,01. Traditional Pasta,12,5810 g,- None -,98,Yes,L.M._Pasta Traditional,- None -,- None -,- None -,- None -,8,,,,,1,,1001,- None -,,,0,0,0,,,,- None -,- None -,0,0,0,0,0,1095
PAT048-DR-EA,7310,La Molisana Tubetti #48 450g (each),Part,01. Traditional Pasta,1, ,- None -,,No,L.M._Pasta Traditional,- None -,- None -,- None -,- None -,,,,,,,,,- None -,,,0,0,0,,,,- None -,- None -,0,0,0,0,0,
PAT054-ORG-CA,4026,La Molisana Organic Lumache Rigate # 54 10x500g,Active,06. Organic Wheat Pasta,10,5520 g,8004690420546,60,Yes,L.M._Pasta Organic,- None -,- None -,- None -,- None -,,,,,,180,,260,- None -,180,9/9/2026,-7,-.23,0,,,,- None -,- None -,0,0,0,0,0,1095
PAT058A-DR-CA,3971,La Molisana Capellini Spezzati #58 12x450g,Active,01. Traditional Pasta,12,5870 g,779921001587,98,Yes,L.M._Pasta Traditional,- None -,- None -,- None -,- None -,402,,,,,3234,,7959,- None -,980,9/23/2026,7,.23,0,,,,- None -,- None -,0,0,0,0,0,1095
PAT059-DR-CA,3995,La Molisana Stelline #59 12x450g,Active,01. Traditional Pasta,12,5720 g,779921000597,120,Yes,L.M._Pasta Traditional,- None -,- None -,- None -,- None -,197,,,,,,,1056,- None -,,,0,0,0,,,,- None -,- None -,0,0,0,0,0,1095
PAT061-DR-CA,3991,La Molisana Semi Di Melone #61 12x450g,Active,01. Traditional Pasta,12,5760 g,779921000610,120,Yes,L.M._Pasta Traditional,- None -,- None -,- None -,- None -,4,,,,,,,1000,- None -,,,0,0,0,,,,- None -,- None -,0,0,0,0,0,1095
PAT064-DR-CA,3988,La Molisana Peperini #64 12x450g,Label,01. Traditional Pasta,12,5750 g,779921000641,120,Yes,L.M._Pasta Traditional,- None -,- None -,- None -,- None -,4,,,,,,,1000,- None -,,,0,0,0,,,,- None -,- None -,0,0,0,0,0,1095
PAT064-DR-EA,7321,La Molisana Peperini #64 450g (each),Part,01. Traditional Pasta,1, ,- None -,,No,L.M._Pasta Traditional,- None -,- None -,- None -,- None -,,,,,,,,,- None -,,,0,0,0,,,,- None -,- None -,0,0,0,0,0,1095
PAT064-DR24-CA,7320,La Molisana Peperini #64 24x500g,Part,01. Traditional Pasta,24, ,- None -,,No,L.M._Pasta Traditional,- None -,- None -,- None -,- None -,,,,,,,,,- None -,,,0,0,0,,,,- None -,- None -,0,0,0,0,0,1095
PAT065-DR-CA,3981,La Molisana Orzo #65 12x450g,Active,01. Traditional Pasta,12,5660 g,779921000658,120,Yes,L.M._Pasta Traditional,- None -,- None -,- None -,- None -,350,,,,,1882,,4520,- None -,562,9/23/2026,7,.23,0,,,,- None -,- None -,0,0,0,0,0,1095
PAT066-DR-CA,3976,La Molisana Farfalle 'Bow Ties' #66 12x450g,Active,01. Traditional Pasta,12,5980 g,779921000665,72,Yes,L.M._Pasta Traditional,- None -,- None -,- None -,- None -,314,,,,,8536,,17337,- None -,1344,9/9/2026,-7,-.23,0,,,,- None -,- None -,0,0,0,0,0,1095
PAT066-FS-CA,3518,La Molisana Farfalle Bulk #66 2x10lb (Box),Label,38. Food Service,2,9800 g,779921090666,56,Yes,L.M._Pasta Bulk,- None -,- None -,- None -,- None -,1,,,,,315,,985,- None -,175,9/28/2026,12,.4,0,,,,- None -,- None -,0,0,0,0,0,1095
PAT068-DR-CA,3996,La Molisana Tripoline #68 12x450g,Active,01. Traditional Pasta,12,5910 g,779921000689,90,Yes,L.M._Pasta Traditional,- None -,- None -,- None -,- None -,2,,,,,1,,1,- None -,,,0,0,0,,,,- None -,- None -,0,0,0,0,0,1095
PAT070-DR-CA,3974,La Molisana Elbows #70 12x450g,Active,01. Traditional Pasta,12,5870 g,779921000702,98,Yes,L.M._Pasta Traditional,- None -,- None -,- None -,- None -,434,,,,,2058,,9072,- None -,980,9/28/2026,12,.4,0,,,,- None -,- None -,0,0,0,0,0,1095
PAT341-FS-CA,3515,La Molisana Cavatappi Bulk #341 2x10lb (Box),Do not Order,38. Food Service,2,9730 g,- None -,56,No,L.M._Pasta Bulk,- None -,- None -,- None -,- None -,,,,,,70,,70,- None -,70,9/28/2026,12,.4,0,,,,- None -,- None -,0,0,0,0,0,1095
PATGI001-IT,7376,La Molisana Grano Italiano Spaghetto Quadrato #1 24x500g,In Progress,01. Traditional Pasta,24, ,- None -,,No,L.M. - Pasta Grano Italiano,- None -,- None -,- None -,- None -,,,,,,,,25,- None -,,,0,0,0,,,,- None -,- None -,0,0,0,0,0,1095
PATGI006-IT,7213,La Molisana Grano Italiano Linguine #6 24x500g,In Progress,01. Traditional Pasta,24,677.2 g,8.00E+12,52,No,L.M._Pasta Grano Italiano,- None -,- None -,- None -,- None -,,,,,,,,100,- None -,,,0,0,0,,,,- None -,- None -,0,0,0,0,0,
PATGI015-IT,7214,La Molisana Grano Italiano Spaghetti #15 24x500g,In Progress,01. Traditional Pasta,24,677.2 lb,8.00E+12,52,No,L.M._Pasta Grano Italiano,- None -,- None -,- None -,- None -,,,,,,,,250,- None -,,,0,0,0,,,,- None -,- None -,0,0,0,0,0,
PATGI020-IT,7215,La Molisana Grano Italiano Penne Rigate #20 24x500g,In Progress,01. Traditional Pasta,24,379 lb,8.00E+12,28,No,L.M._Pasta Grano Italiano,- None -,- None -,- None -,- None -,,,,,,,,250,- None -,,,0,0,0,,,,- None -,- None -,0,0,0,0,0,
PATGI025-IT,7216,La Molisana Grano Italiano Conchiglie Rigate #25 24x500g,In Progress,01. Traditional Pasta,24,289.75 lb,8.00E+12,21,No,L.M._Pasta Grano Italiano,- None -,- None -,- None -,- None -,,,,,,,,25,- None -,,,0,0,0,,,,- None -,- None -,0,0,0,0,0,
PATGI032-IT,7220,La Molisana Grano Italiano Mezzi Rigatoni #32 24x500g,In Progress,01. Traditional Pasta,24,255.1 lb,8.00E+12,18,No,L.M._Pasta Grano Italiano,- None -,- None -,- None -,- None -,,,,,,,,150,- None -,,,0,0,0,,,,- None -,- None -,0,0,0,0,0,
PATGI037-IT,7221,La Molisana Grano Italiano Maccheroni #37 24x500g,In Progress,01. Traditional Pasta,24,254.38 lb,8.00E+12,18,No,L.M._Pasta Grano Italiano,- None -,- None -,- None -,- None -,,,,,,,,150,- None -,,,0,0,0,,,,- None -,- None -,0,0,0,0,0,
PATGI061-IT,7226,La Molisana Grano Italiano Semi Di Melone #61 24x500g,Part,01. Traditional Pasta,24,553.3 lb,8.00E+12,42,No,L.M._Pasta Grano Italiano,- None -,- None -,- None -,- None -,,,,,,,,,- None -,,,0,0,0,,,,- None -,- None -,0,0,0,0,0,
PATGI065-IT,7375,La Molisana Grano Italiano Orzo #65 24x500g,In Progress,01. Traditional Pasta,12, ,- None -,,No,L.M. - Pasta Grano Italiano,- None -,- None -,- None -,- None -,,,,,,,,25,- None -,,,0,0,0,,,,- None -,- None -,0,0,0,0,0,1095
PATGI066-IT,7222,La Molisana Grano Italiano Farfalle #66 24x500g,In Progress,01. Traditional Pasta,24,251.5 lb,8.00E+12,18,No,L.M._Pasta Grano Italiano,- None -,- None -,- None -,- None -,,,,,,,,100,- None -,,,0,0,0,,,,- None -,- None -,0,0,0,0,0,
PATGI073-IT,7223,La Molisana Grano Italiano Radiatori #73 24x500g,In Progress,01. Traditional Pasta,24,289.75 lb,8.00E+12,21,No,L.M._Pasta Grano Italiano,- None -,- None -,- None -,- None -,,,,,,,,100,- None -,,,0,0,0,,,,- None -,- None -,0,0,0,0,0,
PATGI108-IT,7225,La Molisana Grano Italiano Fusilli Corti Bucati #108 24x500g,Part,01. Traditional Pasta,24,379 lb,8.00E+12,28,No,L.M._Pasta Speciali,- None -,- None -,- None -,- None -,,,,,,168,,548,- None -,168,9/9/2026,-7,-.23,0,,,,- None -,- None -,0,0,0,0,0,
PATW015-DR-CA,4017,La Molisana Whole Wheat Spaghetti #15 18x500g,Do not Order,04. Whole Grain Pasta,18,9390 g,8004690611500,84,Yes,L.M._Pasta Whole Wheat,- None -,- None -,- None -,- None -,,,,,,,,,- None -,,,0,0,0,,,,- None -,- None -,0,0,0,0,0,1095
PATW020-DR-CA,4016,La Molisana Whole Wheat Penne Ziti Rigate #20 12x500g,Do not Order,04. Whole Grain Pasta,12,6480 g,- None -,70,Yes,L.M._Pasta Whole Wheat,- None -,- None -,- None -,- None -,,,60,,,,,,- None -,,,0,0,0,,,,- None -,- None -,0,0,0,0,0,1095
PATW028-DR-CA,4015,La Molisana Whole Wheat Fusilli #28 12x500g,Do not Order,04. Whole Grain Pasta,12,6510 g,8004690612804,63,Yes,L.M._Pasta Whole Wheat,- None -,- None -,- None -,- None -,,,,,,,,,- None -,,,0,0,0,,,,- None -,- None -,0,0,0,0,0,1095
PATW066-DR-CA,4014,La Molisana Whole Wheat Farfalle #66 12x500g,Do not Order,04. Whole Grain Pasta,12,6580 g,8004690616604,63,Yes,L.M._Pasta Whole Wheat,- None -,- None -,- None -,- None -,,,,,,,,,- None -,,,0,0,0,,,,- None -,- None -,0,0,0,0,0,1095
PFLOUR02-CA,3870,Vita Sana Enriched 00 Soft Wheat Flour 10x1Kg (Bag),Active,14. Flour,10,10650 g,779921020014,63,Yes,Agugiaro & Figna_Flour,- None -,- None -,- None -,- None -,66,,,,,1261,,3781,- None -,1260,10/5/2026,19,.63,0,,,,- None -,- None -,0,0,0,0,0,365
PFLOUR04A-CA,3535,La Molisana Semola Flour Di Grano #601 12x1Kg,Label,14. Flour,12,12730 g,8004690258316,45,Yes,L.M._Flour,- None -,- None -,- None -,- None -,,,,,,1170,,2135,- None -,1170,10/5/2026,19,.63,0,,,,- None -,- None -,0,0,0,0,0,365
PFLOUR05-CA,3533,La Molisana Pizza Semola Flour Di Grano Duro #603 12x1Kg,Label,14. Flour,12,12590 g,8004690278246,45,Yes,L.M._Flour,- None -,- None -,- None -,- None -,3,,,,,360,,1310,- None -,360,10/5/2026,19,.63,0,,,,- None -,- None -,0,0,0,0,0,365
PFLOURFB-CA,3439,Farm Boy 00 Soft Wheat Flour 10x1Kg (Bag),Active - PL,14. Flour,10,10570 g,- None -,63,No,Agugiaro & Figna_PL Farm Boy,- None -,- None -,- None -,- None -,,,,,,,,400,- None -,,,0,0,0,,,,- None -,- None -,0,0,0,0,0,365
PFLOURFBA-CA,3444,Farm Boy Enriched Durum Wheat Semolina 10x1Kg (Bag),Active - PL,14. Flour,10,10570 g,- None -,63,No,Agugiaro & Figna_PL Farm Boy,- None -,- None -,- None -,- None -,,,,,,,,,- None -,,,0,0,0,,,,- None -,- None -,0,0,0,0,0,365
PRM203-DR-CA,4021,La Molisana Tagliatelle Egg #203 12x250g,Do not Order,05. Egg Pasta,12,3950 g,779921002034,60,Yes,L.M._Pasta Egg,- None -,- None -,- None -,- None -,79,,150,,,,,1700,- None -,,,0,0,0,,,,- None -,- None -,0,0,0,0,0,730
PRM203-DR6-CA,7372,La Molisana Tagliatelle Egg #203 6x250g,In Progress,05. Egg Pasta,6,1500 g,779921002034,55,No,L.M._Pasta Egg,- None -,- None -,- None -,- None -,,,,,,880,,1707,- None -,880,9/30/2026,14,.47,0,,,,- None -,- None -,0,0,0,0,0,730
PRM204-DR-CA,4019,La Molisana Fettuccine Egg #204 12x250g,Do not Order,05. Egg Pasta,12,4060 g,779921002041,60,Yes,L.M._Pasta Egg,- None -,- None -,- None -,- None -,29,,45.5,,,,,,- None -,,,0,0,0,,,,- None -,- None -,0,0,0,0,0,730
PRM204-DR-IT,7309,La Molisana Fettuccine Egg #204 12x250g,Part,05. Egg Pasta,12,4060 g,- None -,60,No,L.M._Pasta Egg,- None -,- None -,- None -,- None -,,,,,,,,,- None -,,,0,0,0,,,,- None -,- None -,0,0,0,0,0,
PRM204-DR6-CA,7373,La Molisana Fettuccine Egg #204 6x250g,In Progress,05. Egg Pasta,6,1500 g,779921002041,55,No,L.M._Pasta Egg,- None -,- None -,- None -,- None -,,,,,,,,2329,- None -,,,0,0,0,,,,- None -,- None -,0,0,0,0,0,730
PRM205-DR-CA,4020,La Molisana Pappardelle Egg #205 12x250g,Do not Order,05. Egg Pasta,12,4100 g,779921002058,60,Yes,L.M._Pasta Egg,- None -,- None -,- None -,- None -,36,,,,,,,,- None -,,,0,0,0,,,,- None -,- None -,0,0,0,0,0,730
PRM205-DR6-CA,7374,La Molisana Pappardelle Egg #205 6x250g,In Progress,05. Egg Pasta,6,1500 g,779921002058,55,No,L.M._Pasta Egg,- None -,- None -,- None -,- None -,1,,,,,935,,3108,- None -,935,9/30/2026,14,.47,0,,,,- None -,- None -,0,0,0,0,0,730
PRM220-CA,4023,R.M. Lasagna Egg #220 12x500g,Active,05. Egg Pasta,12,6690 g,779921002201,96,Yes,Fazion,- None -,- None -,- None -,- None -,47,,,,,960,,1920,- None -,960,9/30/2026,14,.47,0,,,,- None -,- None -,0,0,0,0,0,730
PRM220-FB-CA,3451,Farm Boy Lasagna Egg #220 12x500g,Inactive,05. Egg Pasta,12,6554 g,- None -,96,No,Fazion_PL Farm Boy,- None -,- None -,- None -,- None -,,,,,,,,,- None -,,,0,0,0,,,,- None -,- None -,0,0,0,0,0,730
PRM220-GF-CA,6228,RM Lasagna Gluten Free 12x250g,Active,09. Gluten Free Pasta,12,3740 g,779921002232,125,Yes,Andriani,- None -,- None -,- None -,- None -,97,,,,,,,550,- None -,,,0,0,0,,,,- None -,- None -,0,0,0,0,0,1095
RDAN02-CA,3644,R.M. Arborio Rice 10x1Kg,Active,12. Rice,10,10430 g,779921601503,90,Yes,Scotti/Agrover,- None -,- None -,- None -,- None -,124,,,,,,,2000,- None -,,,0,0,0,,,,- None -,- None -,0,0,0,0,0,365
SACIR31916-CA,3398,Cirio Rustica Passata 12x680ml,Do not Order,17. Tomatoes,12,12540 g,822356000226,90,Yes,Conserve Italia - Cirio,- None -,- None -,- None -,- None -,,,,,,,,,- None -,,,0,0,0,,,,- None -,- None -,0,0,0,0,0,
SACIR39788-CA,3389,Cirio Passata Strained Tomatoes 12x680ml,Do not Order,17. Tomatoes,12,12550 g,822356000615,90,Yes,Conserve Italia - Cirio,- None -,- None -,- None -,- None -,,,,,,,,,- None -,,,0,0,0,,,,- None -,- None -,0,0,0,0,0,
SACIR41348-CA,3384,Cirio Crushed Cuor Pomodoro 2x5Kg,Do not Order,38. Food Service,2,10610 g,- None -,90,Yes,Conserve Italia - Cirio,- None -,- None -,- None -,- None -,,,,,,,,,- None -,,,0,0,0,,,,- None -,- None -,0,0,0,0,0,1095
SACIR41540-CA,3376,Cirio Arrabbiata Spicy Pasta Sauce 12x400ml,Do not Order,16. Sauces,12,8010 g,822356000547,120,No,Conserve Italia - Cirio,- None -,- None -,- None -,- None -,,,,,,,,,- None -,,,0,0,0,,,,- None -,- None -,0,0,0,0,0,1095
SACIR41541-CA,3377,Cirio Basilico Pasta Sauce With Basil 12x400ml,Do not Order,16. Sauces,12,7930 g,822356000554,160,No,Conserve Italia - Cirio,- None -,- None -,- None -,- None -,,,,,,,,,- None -,,,0,0,0,,,,- None -,- None -,0,0,0,0,0,1095
SACIR41542-CA,3388,Cirio Napoletana Original Pasta Sauce 12x400ml,Do not Order,16. Sauces,12,7970 g,822356000561,135,No,Conserve Italia - Cirio,- None -,- None -,- None -,- None -,,,,,,,,,- None -,,,0,0,0,,,,- None -,- None -,0,0,0,0,0,1095
SACIR41548-CA,3390,Cirio Pelati Whole Peeled Plum Tomatoes 12x796ml(Tin),Do not Order,17. Tomatoes,12,11000 g,822356000196,88,No,Conserve Italia - Cirio,- None -,- None -,- None -,- None -,,,,,,,,,- None -,,,0,0,0,,,,- None -,- None -,0,0,0,0,0,
SACOLPASS-CA,7201,Colavita Passata 6x680ml,Do not Order,17. Tomatoes,6,6320 g,039153500082,174,No,Colavita Italy_Other,- None -,- None -,- None -,- None -,,,,,,,,,- None -,,,0,0,0,,,,- None -,- None -,0,0,0,0,0,1095
SADRALF482-CA,7181,David Rocco Alfredo Sauce 6x482ml,Active,16. Sauces,6,2891 g,- None -,210,Yes,La Doria,- None -,- None -,- None -,- None -,90,,,,,,,5000,- None -,,,0,0,0,,,,- None -,- None -,0,0,0,0,0,730
SADRARR650-CA,6408,David Rocco Arrabbiata Pasta Sauce 6x650ml,Active,16. Sauces,6,6450 g,779921800944,160,Yes,La Doria,- None -,- None -,- None -,- None -,1,,,,,,,6360,- None -,,,0,0,0,,,,- None -,- None -,0,0,0,0,0,1095
SADRPEST185-CA,7184,David Rocco Green Pesto Genovese 6x185g,Active,16. Sauces,6,1998 g,- None -,468,Yes,Nord Salse,- None -,- None -,- None -,- None -,,,,,,,,,- None -,,,0,0,0,,,,- None -,- None -,0,0,0,0,0,730
SADRPUT650-CA,6412,David Rocco Puttanesca Pasta Sauce 6x650ml,Active,16. Sauces,6,6320 g,779921800975,160,Yes,La Doria,- None -,- None -,- None -,- None -,,,,,,,,3005,- None -,,,0,0,0,,,,- None -,- None -,0,0,0,0,0,1095
SADRRIC650-CA,6410,David Rocco Ricotta Pasta Sauce 6x650ml,Active,16. Sauces,6,6320 g,779921800968,160,Yes,La Doria,- None -,- None -,- None -,- None -,11,,,,,,,5000,- None -,,,0,0,0,,,,- None -,- None -,0,0,0,0,0,1095
SADRTAB650-CA,6406,David Rocco Tomato and Basil Pasta Sauce 6x650ml,Active,16. Sauces,6,6560 g,779921800982,160,Yes,La Doria,- None -,- None -,- None -,- None -,,,,,,,,5000,- None -,,,0,0,0,,,,- None -,- None -,0,0,0,0,0,1095
SAFARM01-CA,6902,Farm Boy San Marzano DOP Tomatoes 12x796ml (28oz),Active - PL,16. Sauces,12,11024 g,- None -,100,No,Agriconserve_PL Farm Boy,- None -,- None -,- None -,- None -,,,,,,,,700,- None -,,,0,0,0,,,,- None -,- None -,0,0,0,0,0,120
SALM005-CA,3510,La Molisana Basil Pesto 6x190g,Do not Order,16. Sauces,6,2180 g,8004690950098,165,No,L.M._Pesto,- None -,- None -,- None -,- None -,,,,,,,,,- None -,,,0,0,0,,,,- None -,- None -,0,0,0,0,0,730
SALONGOS01-CA,3548,Longos Curato San Marzano DOP Tomatoes 12x796ml,Active - PL,16. Sauces,12,11250 g,- None -,100,No,Agriconserve_PL Longos,- None -,- None -,- None -,- None -,,,,,,1,,1,- None -,,,0,0,0,,,,- None -,- None -,0,0,0,0,0,120
SAPEST-135-CA,3690,R.M. Pesto (Green) with Basil 12x150g,Active,16. Sauces,12,3030 g,779921800500,200,No,Clas Pesto_Green Pesto,- None -,- None -,- None -,- None -,,,,,,,,,- None -,,,0,0,0,,,,- None -,- None -,0,0,0,0,0,730
SAPO04-CA,3641,Pomi Passata Strained Tomatoes 12x750ml (Tetra),Active,17. Tomatoes,12,9510 g,846558000150,105,No,Casalasco_Tomato Sauce,- None -,- None -,- None -,- None -,,,,,,,,500,- None -,,,0,0,0,,,,- None -,- None -,0,0,0,0,0,730
SAPO06-CA,1810,Pomi Polpa Di Pomodoro 1x10Kg,Active,38. Food Service,,10300 g,- None -,125,No,Casalasco_Tomato Sauce,- None -,- None -,- None -,- None -,18,,,,,,,1000,- None -,,,0,0,0,,,,- None -,- None -,0,0,0,0,0,730
SARM-100-CA,3667,R.M. Italian Peeled Tomatoes 6x100oz,Active,38. Food Service,6,20000 g,- None -,64,No,Agriconserve,- None -,- None -,- None -,- None -,,,,,,,,64,- None -,,,0,0,0,,,,- None -,- None -,0,0,0,0,0,1216
SARM-12 DOP-CA,3693,R.M. San Marzano DOP Tomatoes 12x796ml (28oz),Active,17. Tomatoes,12,11470 g,- None -,120,Yes,Agriconserve,- None -,- None -,- None -,- None -,71,,,,,,,1330,- None -,,,0,0,0,,,,- None -,- None -,0,0,0,0,0,1581
SARM-12-CA,3668,R.M. Italian Peeled Tomatoes 12x796ml (28oz),Active,17. Tomatoes,12,11330 g,- None -,120,Yes,Agriconserve,- None -,- None -,- None -,- None -,21,,,,,,,1100,- None -,,,0,0,0,,,,- None -,- None -,0,0,0,0,0,1216
SARM-D24-CA,3654,R.M. Diced Tomatoes 24x398ml (14oz),Active,17. Tomatoes,24,11690 g,- None -,96,Yes,Agriconserve,- None -,- None -,- None -,- None -,35,,,,,,,,- None -,,,0,0,0,,,,- None -,- None -,0,0,0,0,0,1095
SARM425-PZA-CA,7032,R.M. Pizza Sauce 12x380ml,Active,16. Sauces,12,5500 g,- None -,221,Yes,Casalasco_Tomato Sauce,- None -,- None -,- None -,- None -,3,,,,,,,,- None -,,,0,0,0,,,,- None -,- None -,0,0,0,0,0,1095
SARM500-8PK-CA,6806,R.M. Passata 8x500ml (Tetra),Active,17. Tomatoes,8,4380 g,779921800784,210,Yes,Casalasco_Tomato Sauce,- None -,- None -,- None -,- None -,,,,,,,,,- None -,,,0,0,0,,,,- None -,- None -,0,0,0,0,0,730
SARM500T-12PK-CA,7187,R.M. Passata 12x500ml (Tetra),Active,17. Tomatoes,12,4380 g,- None -,147,No,Casalasco,- None -,- None -,- None -,- None -,194,,,,,,,7300,- None -,,,0,0,0,,,,- None -,- None -,0,0,0,0,0,730
SARM680.ORG-CA,7183,R.M. Organic Passata 12x680ml,Active,17. Tomatoes,12,12000 g,779921800777,96,Yes,Agriconserve,- None -,- None -,- None -,- None -,,,,,,,,2202,- None -,,,0,0,0,,,,- None -,- None -,0,0,0,0,0,1095
SARM680.RUS-CA,7182,R.M. Passata Rustica 12x680ml,Active,17. Tomatoes,12,12000 g,- None -,96,Yes,Agriconserve,- None -,- None -,- None -,- None -,91,,,,,,,2278,- None -,,,0,0,0,,,,- None -,- None -,0,0,0,0,0,1095
SARM700.PAS-CA,3689,R.M. Passata Di Pomodori 12x680ml,Active,17. Tomatoes,12,12320 g,779921800746,90,Yes,La Doria,- None -,- None -,- None -,- None -,285,,,,,2,,174866,- None -,,,0,0,0,,,,- None -,- None -,0,0,0,0,0,1095
SARM700.PAS6PK-CA,6269,R.M. Passata Di Pomodori 6x680ml,Active,17. Tomatoes,6,6140 g,- None -,,No,La Doria,- None -,- None -,- None -,- None -,,,,,,,,8413,- None -,,,0,0,0,,,,- None -,- None -,0,0,0,0,0,
SARM720-BAS-CA,3692,R.M. Pomodoro and Basilico 12x680ml,Active,16. Sauces,12,12830 g,779921800708,90,Yes,Conserve Italia_Tomato Sauce,- None -,- None -,- None -,- None -,12,,,,,,,990,- None -,,,0,0,0,,,,- None -,- None -,0,0,0,0,0,1095
SARM720-MAR-CA,3670,R.M. Marinara Sauce 12x680ml,Active,16. Sauces,12,12710 g,779921800203,90,Yes,Conserve Italia_Tomato Sauce,- None -,- None -,- None -,- None -,132,,,,,,,990,- None -,,,0,0,0,,,,- None -,- None -,0,0,0,0,0,1095
SCOTTI1-CA,3727,Scotti Arborio Superfine Rice 10x1Kg,Active,12. Rice,10,10814 g,779921601602,84,Yes,Scotti,- None -,- None -,- None -,- None -,179.2,,,,,,,936,- None -,,,0,0,0,,,,- None -,- None -,0,0,0,0,0,365
SCOTTI10-CA,4965,Scotti Arborio Rice 12x500g,Active,12. Rice,12,6600 g,8001860201516,108,No,Scotti,- None -,- None -,- None -,- None -,7,,,,,,,378,- None -,,,0,0,0,,,,- None -,- None -,0,0,0,0,0,365
SCOTTI1DISPLAY-EMPTY-FL,1962,Scotti Empty Displayers,Active-Displayer,43. Display,, ,- None -,,No,Scotti,- None -,- None -,- None -,- None -,3,,,,,,,,- None -,,,0,0,0,,,,- None -,- None -,0,0,0,0,0,9999
SCOTTI23-14-CA,7313,Scotti Venere Black Rice 14x500g (Bag),Part,12. Rice,14,6660 g,8001860187735,126,No,Scotti,- None -,- None -,- None -,- None -,,,,,,,,,- None -,,,0,0,0,,,,- None -,- None -,0,0,0,0,0,
SCOTTI23-CA,6193,Scotti Venere Black Rice 12x500g (Box),Label,12. Rice,12,6660 g,8001860187735,126,No,Scotti,- None -,- None -,- None -,- None -,,,,,,,,,- None -,,,0,0,0,,,,- None -,- None -,0,0,0,0,0,365
SCOTTI23-EA,7314,Scotti Venere Black Rice 500g (each),Part,12. Rice,1,6660 g,8001860187735,126,No,Scotti,- None -,- None -,- None -,- None -,,,,,,,,,- None -,,,0,0,0,,,,- None -,- None -,0,0,0,0,0,
SCOTTI2DISPLAY-FL,7318,Scotti Displayer 160x210g Mixed Risotto (Built),Active,43. Display,1, ,- None -,,No,Scotti - Displayer,- None -,- None -,- None -,- None -,,,,,,,,,- None -,,,0,0,0,,,,- None -,- None -,0,0,0,0,0,9999
SCOTTI3-CA,3728,Scotti Long Grain Carnaroli 10x1Kg,Active,12. Rice,10,10840 g,779921601619,84,Yes,Scotti,- None -,- None -,- None -,- None -,14,,,,,,,386,- None -,,,0,0,0,,,,- None -,- None -,0,0,0,0,0,365
SCOTTI36-CA,3726,Scotti Arancine Rice 10x1kg,Active,12. Rice,10,10270 g,779921601657,84,Yes,Scotti,- None -,- None -,- None -,- None -,,,,,,,,112,- None -,,,0,0,0,,,,- None -,- None -,0,0,0,0,0,365
SCOTTI4-CA,3732,Scotti Porcini Risotto 10x210g,Active,12. Rice,10,2370 g,709736350051,136,Yes,Scotti,- None -,- None -,- None -,- None -,15,,,,,,,886,- None -,,,0,0,0,,,,- None -,- None -,0,0,0,0,0,365
SCOTTI7-CA,3733,Scotti Tartufi (Truffle) Risotto 10x210g,Active,12. Rice,10,2380 g,8001860257131,136,Yes,Scotti,- None -,- None -,- None -,- None -,8,,,,,,,272,- None -,,,0,0,0,,,,- None -,- None -,0,0,0,0,0,365
SCOTTI8-CA,3731,Scotti Risotto Formaggio Cremoso 10x210g,Active,12. Rice,10,2380 g,8001860257773,136,Yes,Scotti,- None -,- None -,- None -,- None -,18,,,,,,,544,- None -,,,0,0,0,,,,- None -,- None -,0,0,0,0,0,365
SCOTTI8A-CA,3734,Scotti Zafferano (Milanese) Risotto 10x210g,Active,12. Rice,10,2380 g,8001860257810,136,Yes,Scotti,- None -,- None -,- None -,- None -,11,,,,,,,272,- None -,,,0,0,0,,,,- None -,- None -,0,0,0,0,0,365
SRMPASTE-CA,6252,R.M. Tomato Paste Tube (Double Concentrate) 12x140g,Active,17. Tomatoes,12,2140 g,779921800913,300,Yes,Casalasco_Tomato Paste,- None -,- None -,- None -,- None -,196,,,,,,,6250,- None -,,,0,0,0,,,,- None -,- None -,0,0,0,0,0,730
STR010201091-CA,7341,Strega Torroncini Mini Box 18x102g,Active-XMAS,40. Seasonal Christmas,18,3.2 kg,8001975010911,91,No,Strega,- None -,- None -,- None -,- None -,,,,,,,,5,- None -,,,0,0,0,,,,- None -,- None -,0,0,0,0,0,243
STR010201149-OT,7381,Strega Floor Stand (Empty) #010201149,Active-Displayer,43. Display,1, ,8001975011499,,No,Strega,- None -,- None -,- None -,- None -,,,,,,,,14,- None -,,,0,0,0,,,,- None -,- None -,0,0,0,0,0,9999
STR010201153-CA,7342,Strega Torroncini Bottle 6x350g,Active-XMAS,40. Seasonal Christmas,6,5.2 kg,8001975011536,105,No,Strega,- None -,- None -,- None -,- None -,,,,,,,,64,- None -,,,0,0,0,,,,- None -,- None -,0,0,0,0,0,243
STR010302050-CA,7337,Strega Torroncini Soft Chocolate Bag 24x150g,Active-XMAS,40. Seasonal Christmas,24,4.5 kg,8001975020507,54,No,Strega,- None -,- None -,- None -,- None -,,,,,,,,56,- None -,,,0,0,0,,,,- None -,- None -,0,0,0,0,0,243
STR010604536-CA,7338,Strega Prodigi Assorted Almond and Hazelnut Bag 18x150g,Active-XMAS,40. Seasonal Christmas,18,3.3 kg,8001975045364,66,No,Strega,- None -,- None -,- None -,- None -,,,,,,,,57,- None -,,,0,0,0,,,,- None -,- None -,0,0,0,0,0,243
STR011004801-CA,7336,Strega Torrone Soft 16x150g,Active-XMAS,40. Seasonal Christmas,16,3.1 kg,8001975048013,112,No,Strega,- None -,- None -,- None -,- None -,,,,,,,,82,- None -,,,0,0,0,,,,- None -,- None -,0,0,0,0,0,243
STR020307621-CA,7339,Strega Magie Pralines Bag 24x150g,Active-XMAS,40. Seasonal Christmas,24,4.8 kg,8001975076214,54,No,Strega,- None -,- None -,- None -,- None -,,,,,,,,57,- None -,,,0,0,0,,,,- None -,- None -,0,0,0,0,0,243
STR021307510-CA,7340,Strega Incantesimo Hazelnut Cream Truffle Bag 24x150g,Active-XMAS,40. Seasonal Christmas,24,3.2 kg,8001975075101,91,No,Strega,- None -,- None -,- None -,- None -,,,,,,,,57,- None -,,,0,0,0,,,,- None -,- None -,0,0,0,0,0,243
STR070107070-CA,7335,Strega Pandoro Cream Filled 6x1kg,Active-XMAS,40. Seasonal Christmas,6,5000 g,8001975070700,66,No,Strega,- None -,- None -,- None -,- None -,,,,,,,,71,- None -,,,0,0,0,,,,- None -,- None -,0,0,0,0,0,243
STR070107089-CA,7334,Strega Mini Panettone Cream Filled 36x100g,Active-XMAS,40. Seasonal Christmas,36,4.32 g,8001975070892,48,No,Strega,- None -,- None -,- None -,- None -,,,,,,,,82,- None -,,,0,0,0,,,,- None -,- None -,0,0,0,0,0,243
STR070107090-CA,7333,Strega Panettone Cream Filled 6x1kg,Active-XMAS,40. Seasonal Christmas,6,5000 g,8001975070908,84,No,Strega,- None -,- None -,- None -,- None -,,,,,,,,78,- None -,,,0,0,0,,,,- None -,- None -,0,0,0,0,0,243
TOMDRUM,6425,Polpa Tomatoes Drum 1x215Kg,Active,38. Food Service,1,231125 g,- None -,4,No,Casalasco_Tomatos,- None -,- None -,- None -,- None -,,,,,,,,468,- None -,,,0,0,0,,,,- None -,- None -,0,0,0,0,0,730
VDODI07A-CA,3865,Vita Sana Balsamic Vinegar of Modena IGP 6x250ml,Active,20. Vinegars,6,4340 g,779921363319,234,Yes,Denigris,- None -,- None -,- None -,- None -,,,,,,,,500,- None -,,,0,0,0,,,,- None -,- None -,0,0,0,0,0,1825
VDODI14-CA,3652,R.M. Balsamic Vinegar of Modena 12x500ml,Active,20. Vinegars,12,12260 g,779921363852,110,Yes,Denigris,- None -,- None -,- None -,- None -,12,,,,,,,,- None -,,,0,0,0,,,,- None -,- None -,0,0,0,0,0,1825
VERMKT99106H-OT,5799,Vergnano Black Saucers set of 6x8,Active-Marketing,42. Packaging,, ,- None -,100,No,Vergnano Marketing,- None -,- None -,- None -,- None -,,,,,,,,,- None -,,,0,0,0,,,,- None -,- None -,0,0,0,0,0,9999
VERMKT99109H-OT,5808,Caffe Vergnano Cappuccino Black Saucer6x8,Active-Marketing,- None -,, ,- None -,100,No,Vergnano Marketing,- None -,- None -,- None -,- None -,,,,,,,,,- None -,,,0,0,0,,,,- None -,- None -,0,0,0,0,0,9999
VERMKT99137-OT,7096,Vergnano Takeaway Lid (Medium 9oz) 10x100Pcs,Active-Marketing,37. General Merchandise,1, ,- None -,100,No,Vergnano Marketing,- None -,- None -,- None -,- None -,,,,,,,,,- None -,,,0,0,0,,,,- None -,- None -,0,0,0,0,0,9999
VERMKT99138-OT,7097,Vergnano Takeaway Lid (Large 14oz) 10x100Pcs,Active-Marketing,37. General Merchandise,1, ,- None -,100,No,Vergnano Marketing,- None -,- None -,- None -,- None -,,,,,,,,,- None -,,,0,0,0,,,,- None -,- None -,0,0,0,0,0,9999
VERMKT99170-OT,6030,Vergnano BIC Take Away 1882 (50pcs x 4OZ) x 20,Active-Marketing,- None -,, ,- None -,100,No,Vergnano Marketing,- None -,- None -,- None -,- None -,,,,,,5,,5,- None -,,,0,0,0,,,,- None -,- None -,0,0,0,0,0,730
VERMKT99172-OT,6132,Vergnano Lid for Disposable Cup,Active-Marketing,- None -,, ,- None -,100,No,Vergnano Marketing,- None -,- None -,- None -,- None -,,,,,,,,,- None -,,,0,0,0,,,,- None -,- None -,0,0,0,0,0,9999
VERMKT99177-OT,7094,Vergnano Takeaway Cups (Medium 9oz) 20x50Pcs,Active-Marketing,37. General Merchandise,1, ,- None -,100,No,Vergnano Marketing,- None -,- None -,- None -,- None -,,,,,,,,,- None -,,,0,0,0,,,,- None -,- None -,0,0,0,0,0,9999
VERMKT99178-OT,6727,VERGNANO TAKE AWAY SLEEVES LARGE (12 oz - 500) CODE 99178,Active-Marketing,- None -,, ,- None -,100,No,Vergnano Marketing,- None -,- None -,- None -,- None -,,,,,,,,,- None -,,,0,0,0,,,,- None -,- None -,0,0,0,0,0,
VERMKT99179-OT,6728,VERGNANO TAKE AWAY SLEEVES LARGE (8 oz -500) CODE 99179,Active-Marketing,42. Packaging,, ,- None -,100,No,Vergnano Marketing,- None -,- None -,- None -,- None -,,,,,,,,,- None -,,,0,0,0,,,,- None -,- None -,0,0,0,0,0,9999
VERMKT99186-OT,7095,Vergnano Takeaway Cups (Large 14oz) 20x50Pcs,Active-Marketing,37. General Merchandise,1,0 lb,- None -,100,No,Vergnano Marketing,- None -,- None -,- None -,- None -,,,,,,,,,- None -,,,0,0,0,,,,- None -,- None -,0,0,0,0,0,9999
VERMKT99208H-OT,5798,Vergnano Black Cups 6 Cupsx2.5oz,Active-Marketing,42. Packaging,, ,- None -,100,No,Vergnano Marketing,- None -,- None -,- None -,- None -,,,,,,,,,- None -,,,0,0,0,,,,- None -,- None -,0,0,0,0,0,9999
VERMKT99209H-OT,5811,Vergnano Cappuccino Black Cup6x8,Active-Marketing,- None -,, ,- None -,100,No,Vergnano Marketing,- None -,- None -,- None -,- None -,,,,,,,,,- None -,,,0,0,0,,,,- None -,- None -,0,0,0,0,0,
VERMKT99210H-OT,5812,Caffe Vergnano Black Chocolate Set,Active-Marketing,- None -,, ,- None -,100,No,Vergnano Marketing,- None -,- None -,- None -,- None -,,,,,,,,,- None -,,,0,0,0,,,,- None -,- None -,0,0,0,0,0,
VERMKT99921-OT,6134,Vergnano Cup & Saucer,Active-Marketing,- None -,, ,- None -,100,No,Vergnano Marketing,- None -,- None -,- None -,- None -,,,,,,,,,- None -,,,0,0,0,,,,- None -,- None -,0,0,0,0,0,9999
VIBA.5-6PK-CA,7366,Colavita Balsamic Vinegar of Modena 6x500ml,Part,20. Vinegars,6, ,39153413009,,No,Colavita_Vinegar,- None -,- None -,- None -,- None -,,,,,,,,,- None -,,,0,0,0,,,,- None -,- None -,0,0,0,0,0,1825
VIBA.5-CA,1184,Colavita Balsamic Vinegar of Modena 12x500ml,Active,20. Vinegars,12,11080 g,39153413009,102,Yes,Colavita_Vinegar,- None -,- None -,- None -,- None -,36,,,,,952,,4046,- None -,952,9/2/2026,-14,-.47,0,,,,- None -,- None -,0,0,0,0,0,1825
VIBA.5LT-CA,1185,Colavita Balsamic Vinegar of Modena 2x5L,Do not Order,38. Food Service,2,11278 g,8001876570064,,Yes,Colavita_Vinegar,- None -,- None -,- None -,- None -,3,,,,,,,,- None -,,,0,0,0,,,,- None -,- None -,0,0,0,0,0,1821
VIBAGLAZEV72-CA,6885,Colavita Balsamic Glaze 6x250ml (Plastic),Do not Order,20. Vinegars,6,2040 g,- None -,126,No,Colavita_Vinegar,- None -,- None -,- None -,- None -,,,,,,,,,- None -,,,0,0,0,,,,- None -,- None -,0,0,0,0,0,
VIBAV24-CA,4200,Colavita Balsamic Aged Vinegar IGP 6x250ml,Do not Order,20. Vinegars,6, ,- None -,126,No,Colavita_Vinegar,- None -,- None -,- None -,- None -,,,,,,,,,- None -,,,0,0,0,,,,- None -,- None -,0,0,0,0,0,1821
VIBGLAZEV332-CA,7132,Colavita Balsamic Glaze 2x32oz,Active,20. Vinegars,2,2494 g,- None -,370,No,Colavita USA_Vinegar,- None -,- None -,- None -,- None -,,,,,,,,,- None -,,,0,0,0,,,,- None -,- None -,0,0,0,0,0,1821
VINWB01-CA,3696,R.M. White Vinegar of Modena 12x500ml,Active,20. Vinegars,12,12190 g,779921363869,110,Yes,Denigris,- None -,- None -,- None -,- None -,1,,,,,,,660,- None -,,,0,0,0,,,,- None -,- None -,0,0,0,0,0,1825
VIPW.5LT-CA,7319,Colavita Wine Vinegar Prosecco 2x5L,Active,38. Food Service,2,10659 g,039153413696,105,No,Colavita USA_Vinegar,- None -,- None -,- None -,- None -,,,,,,,,,- None -,,,0,0,0,,,,- None -,- None -,0,0,0,0,0,
VIRASW-CA,6149,Colavita Raspberry Wine Vinegar 12x500ml,Do not Order,20. Vinegars,12,10640 g,39153413153,102,No,Colavita_Vinegar,- None -,- None -,- None -,- None -,,,,,,,,,- None -,,,0,0,0,,,,- None -,- None -,0,0,0,0,0,1095
VIWR003-CA,1188,Colavita Wine Vinegar Red 12x500ml,Active,20. Vinegars,12,10630 g,39153413054,102,Yes,Colavita_Vinegar,- None -,- None -,- None -,- None -,85,,,,,595,,3570,- None -,595,9/2/2026,-14,-.47,0,,,,- None -,- None -,0,0,0,0,0,1825
VIWR003-FB-CA,3457,Farm Boy Wine Vinegar Red 12x500ml,Active - PL,20. Vinegars,12,9998 g,- None -,102,No,Colavita_PL Farmboy,- None -,- None -,- None -,- None -,,,,,,,,,- None -,,,0,0,0,,,,- None -,- None -,0,0,0,0,0,1821
VIWW004-CA,1190,Colavita Wine Vinegar White 12x500ml,Active,20. Vinegars,12,10620 g,39153413061,102,Yes,Colavita_Vinegar,- None -,- None -,- None -,- None -,1,,,,,714,,1785,- None -,714,9/2/2026,-14,-.47,0,,,,- None -,- None -,0,0,0,0,0,1825
VLONGOFET02-CA,7109,Longos Curato Fettucine Egg Nest pasta 18x250g,Active - PL,05. Egg Pasta,18,5000 g,- None -,100,No,Alguazas_PL Longos,- None -,- None -,- None -,- None -,,,,,,1,,1,- None -,,,0,0,0,,,,- None -,- None -,0,0,0,0,0,730
VLONGONSWHI01-CA,3552,Longos Curato White Wine Vinegar 12x500ml,Active - PL,20. Vinegars,12,12300 g,- None -,102,No,Colavita_PL Longos,- None -,- None -,- None -,- None -,,,,,,,,408,- None -,,,0,0,0,,,,- None -,- None -,0,0,0,0,0,1095
VLONGOPAP03-CA,7108,Longos Curato Pappardelle Egg Nest pasta 18x250g,Active - PL,05. Egg Pasta,18,5000 g,- None -,100,No,Alguazas_PL Longos,- None -,- None -,- None -,- None -,,,,,,2,,2,- None -,,,0,0,0,,,,- None -,- None -,0,0,0,0,0,730
VLONGOSBALS01-CA,3544,Longos Curato Balsamic Vinegar 12x500ml,Active - PL,20. Vinegars,12,23540 g,- None -,102,No,Colavita_PL Longos,- None -,- None -,- None -,- None -,,,,,,,,510,- None -,,,0,0,0,,,,- None -,- None -,0,0,0,0,0,1821
VLONGOSBALS02-CA,3551,Longos Curato White Vinegar of Modena 6x250ml,Active - PL,20. Vinegars,6,3200 g,- None -,259,No,Colavita_PL Longos,- None -,- None -,- None -,- None -,,,,,,,,518,- None -,,,0,0,0,,,,- None -,- None -,0,0,0,0,0,1821
VLONGOSBALS03-CA,3543,Longos Curato Balsamic Glaze 12x250ml,Active - PL,20. Vinegars,12,9140 g,- None -,192,No,Colavita_PL Longos,- None -,- None -,- None -,- None -,,,,,,,,384,- None -,,,0,0,0,,,,- None -,- None -,0,0,0,0,0,1821
VLONGOSBALS04-CA,3545,Longos Curato Balsamic Vinegar Gold 6x250ml,Active - PL,20. Vinegars,6,3885 g,- None -,224,No,Colavita_PL Longos,- None -,- None -,- None -,- None -,,,,,,,,,- None -,,,0,0,0,,,,- None -,- None -,0,0,0,0,0,1821
VLONGOSBALS05-CA,3546,Longos Curato Balsamic Vinegar Silver 12x250ml,Active - PL,20. Vinegars,12,6200 g,- None -,100,No,Colavita_PL Longos,- None -,- None -,- None -,- None -,,,,,,,,,- None -,,,0,0,0,,,,- None -,- None -,0,0,0,0,0,1821
VLONGOSFOC01-CA,6608,Longos Curato Focaccia Rosemary 10x100g,Active - PL,24. Bakery,10,1500 g,- None -,60,No,Panificio Bo_PL Longos,- None -,- None -,- None -,- None -,,,,,,290,,290,- None -,288,9/30/2026,14,.47,0,,,,- None -,- None -,0,0,0,0,0,365
VLONGOSFOC02-CA,6610,Longos Curato Focaccia Olive 10x100g,Active - PL,24. Bakery,10,1500 g,- None -,60,No,Panificio Bo_PL Longos,- None -,- None -,- None -,- None -,,,,,,440,,440,- None -,432,9/30/2026,14,.47,0,,,,- None -,- None -,0,0,0,0,0,365
VLONGOSGNO-CA,6616,Longos Curato Gnocchi 12x500g,Active - PL,11. Gnocchi,12,5458 g,- None -,100,No,Ciemme_PL Longos,- None -,- None -,- None -,- None -,,,,,,,,480,- None -,,,0,0,0,,,,- None -,- None -,0,0,0,0,0,365
VLONGOSGNOGF-CA,6618,Longos Curato Gnocchi Gluten Free 12x500g,Active - PL,09. Gluten Free Pasta,12,6408 g,- None -,140,No,Ciemme_PL Longos,- None -,- None -,- None -,- None -,,,,,,,,480,- None -,,,0,0,0,,,,- None -,- None -,0,0,0,0,0,365
VLONGOSRED01-CA,3547,Longos Curato Red Wine Vinegar 12x500ml,Active - PL,20. Vinegars,12,12300 g,- None -,100,No,Colavita_PL Longos,- None -,- None -,- None -,- None -,,,,,,,,816,- None -,,,0,0,0,,,,- None -,- None -,0,0,0,0,0,1095
VLONGOTAG01-CA,7107,Longos Curato Tagliatelle Egg Nest pasta 20x250g,Active - PL,05. Egg Pasta,20,5000 g,- None -,100,No,Alguazas_PL Longos,- None -,- None -,- None -,- None -,,,,,,,,,- None -,,,0,0,0,,,,- None -,- None -,0,0,0,0,0,730
VSHON500A-T-CA,6430,Vita Sana Honey (Truffle) 6x500g,Do not Order,16. Sauces,6,3360 g,- None -,100,No,La Ife,- None -,- None -,- None -,- None -,,,,,,,,,- None -,,,0,0,0,,,,- None -,- None -,0,0,0,0,0,547
VSPOLENTA01-CA,3900,Vita Sana Polenta 12x500g (Box),Active,13. Polenta,12,6660 g,779921106596,120,Yes,Molino Peila,- None -,- None -,- None -,- None -,34,,,,,1082,,1082,- None -,1080,9/30/2026,14,.47,0,,,,- None -,- None -,0,0,0,0,0,547
XMAS52A-CA,4071,Gioia Pandoro Chocolate Cream Fill 8x750g,Active-XMAS,40. Seasonal Christmas,8,6200 g,- None -,21,Yes,Balconi,- None -,- None -,- None -,- None -,45,,,,,,,286,- None -,,,0,0,0,,,,- None -,- None -,0,0,0,0,0,243
XMAS53A-CA,4073,Gioia Pandoro Lemon Cream Filled 8x750g,Active-XMAS,40. Seasonal Christmas,8,6200 g,- None -,21,Yes,Balconi,- None -,- None -,- None -,- None -,46,,,,,,,288,- None -,,,0,0,0,,,,- None -,- None -,0,0,0,0,0,243
XMASAU01B-CA,6573,Gioia Panettone Traditional 12x750g,Active-XMAS,40. Seasonal Christmas,12,10200 g,- None -,25,Yes,Bauducco_XMAS,- None -,- None -,- None -,- None -,230,,,,,1362,,3300,- None -,110,9/10/2026,-6,-.2,0,,,,- None -,- None -,0,0,0,0,0,243
XMASAU02-CA,4072,Gioia Pandoro Classic 8x800g,Active-XMAS,40. Seasonal Christmas,8,7000 g,- None -,21,Yes,Balconi,- None -,- None -,- None -,- None -,49,,,,,,,1230,- None -,,,0,0,0,,,,- None -,- None -,0,0,0,0,0,243
XMASBAU01B-CA,6574,Bauducco Panettone Traditional 12x680g,Active-XMAS,40. Seasonal Christmas,12,9850 g,- None -,25,Yes,Bauducco_XMAS,- None -,- None -,- None -,- None -,,,,,,3668,,6625,- None -,810,9/10/2026,-6,-.2,0,,,,- None -,- None -,0,0,0,0,0,365
XMASBAU02B-CA,6575,Bauducco Chocottone 12x680g,Active-XMAS,40. Seasonal Christmas,12,9850 g,- None -,25,Yes,Bauducco_XMAS,- None -,- None -,- None -,- None -,,,,,,3797,,7550,- None -,810,9/3/2026,-13,-.43,0,,,,- None -,- None -,0,0,0,0,0,365
XMASBAU03AB-CA,7034,Bauducco Hazelnut Cream Panettone Box 12x454g,Active-XMAS,40. Seasonal Christmas,12,9850 g,875754006079,25,No,Bauducco_XMAS,- None -,- None -,- None -,- None -,,,,,,,,2700,- None -,,,0,0,0,,,,- None -,- None -,0,0,0,0,0,243
XMASBAU04B-CA,6577,Bauducco Mini Panettone 24x80g,Active-XMAS,40. Seasonal Christmas,24,2900 g,- None -,72,Yes,Bauducco_XMAS,- None -,- None -,- None -,- None -,,,,,,3040,,5500,- None -,2670,9/10/2026,-6,-.2,0,,,,- None -,- None -,0,0,0,0,0,365
XMASBAU09B-CA,6578,Bauducco Mini Chocottone 24x80g,Active-XMAS,40. Seasonal Christmas,24,2900 g,- None -,72,Yes,Bauducco_XMAS,- None -,- None -,- None -,- None -,,,,,,3021,,5500,- None -,2670,9/10/2026,-6,-.2,0,,,,- None -,- None -,0,0,0,0,0,365
XMASBOX16361-OT,5686,Blue or Red Small Empty Box,Active-Packaging,- None -,, ,- None -,100,No,Scotton_Packaging,- None -,- None -,- None -,- None -,,,,,,,,,- None -,,,0,0,0,,,,- None -,- None -,0,0,0,0,0,
XMASBOX16362-OT,5684,Blue or Red Medium Empty Box,Active-Packaging,- None -,, ,- None -,100,No,Scotton_Packaging,- None -,- None -,- None -,- None -,,,,,,,,,- None -,,,0,0,0,,,,- None -,- None -,0,0,0,0,0,
XMASBOX31341-OT,5704,Silver or Gold Small Empty Box,Active-Packaging,- None -,, ,- None -,100,No,Scotton_Packaging,- None -,- None -,- None -,- None -,,,,,,,,,- None -,,,0,0,0,,,,- None -,- None -,0,0,0,0,0,
XMASMAS01-CA,6904,Massimo Pandoro Classic 12x500g (Box),Active-XMAS,40. Seasonal Christmas,12,9850 g,779921120011,25,Yes,Bauducco_ XMAS Massimo,- None -,- None -,- None -,- None -,,,,,,,,4575,- None -,,,0,0,0,,,,- None -,- None -,0,0,0,0,0,243
XMASMAS01-PA,7382,Massimo Pandoro Classic (Pallet) 25x12x500g,Active-XMAS,40. Seasonal Christmas,25, ,10779921120018,25,No,- None -,- None -,- None -,- None -,- None -,,,,,,,,,- None -,,,0,0,0,,,,- None -,- None -,0,0,0,0,0,243
XMASMAS01B-CA,6903,Massimo Panettone Traditional 12x750g (Cello),Active-XMAS,40. Seasonal Christmas,12,9850 g,779921110029,25,Yes,Bauducco_ XMAS Massimo,- None -,- None -,- None -,- None -,,,,,,4125,,10235,- None -,875,9/10/2026,-6,-.2,0,,,,- None -,- None -,0,0,0,0,0,243
XMASMAS01B-PA,7383,Massimo Panettone Traditional (Pallet) 25x12x750g,Active-XMAS,40. Seasonal Christmas,25, ,10779921110026,25,No,- None -,- None -,- None -,- None -,- None -,,,,,,,,,- None -,,,0,0,0,,,,- None -,- None -,0,0,0,0,0,243
XMASMTV01-CA,7033,Monteverde Panettone CELLO 12x750g,Active-XMAS,40. Seasonal Christmas,12,9850 g,779921110036,25,No,Bauducco_XMAS,- None -,- None -,- None -,- None -,,,,,,1500,,12500,- None -,625,9/10/2026,-6,-.2,0,,,,- None -,- None -,0,0,0,0,0,243
XMASMTV02-CA,7349,Monteverde Pandoro 12x500g (Box),Active - Not Sellable,40. Seasonal Christmas,12,9850 g,779921110043,25,No,- None -,- None -,- None -,- None -,- None -,,,,,,720,,3500,- None -,720,9/10/2026,-6,-.2,0,,,,- None -,- None -,0,0,0,0,0,
XMASTR01A-CA (do no use),4068,Gioia Torrone Soft With Almonds 12x150g,Active - Not Sellable,40. Seasonal Christmas,12,2100 g,779921290042,248,Yes,Torrone del Molise,- None -,- None -,- None -,- None -,,,,,,,,,- None -,,,0,0,0,,,,- None -,- None -,0,0,0,0,0,
XMASTR03A-CA (do no use),4067,Gioia Torrone Ricoperto (Chocolate Covered) 12x150g,Active - Not Sellable,40. Seasonal Christmas,12,2100 g,779921290004,248,No,Torrone del Molise,- None -,- None -,- None -,- None -,,,,,,,,,- None -,,,0,0,0,,,,- None -,- None -,0,0,0,0,0,
XMASTR08A-CA (do no use),4070,Gioia Torrone HARD with Almonds 12x150g,Active - Not Sellable,40. Seasonal Christmas,12,2140 g,779921290035,248,No,Torrone del Molise,- None -,- None -,- None -,- None -,,,,,,,,,- None -,,,0,0,0,,,,- None -,- None -,0,0,0,0,0,
XMASTR10A-CA  (do no use),4069,Gioia Torrone Soft With Hazelnuts 12x150g,Do not Order,40. Seasonal Christmas,12,0 g,779921290028,248,Yes,Torrone del Molise,- None -,- None -,- None -,- None -,,,,,,,,,- None -,,,0,0,0,,,,- None -,- None -,0,0,0,0,0,
XMASTR23A-CA  (do no use),3437,Gioia Torrone - Gianduia With Hazelnuts 12x150g,Active - Not Sellable,40. Seasonal Christmas,12,2100 g,779921290059,248,No,Torrone del Molise,- None -,- None -,- None -,- None -,,,,,,,,,- None -,,,0,0,0,,,,- None -,- None -,0,0,0,0,0,
XMASTR29-CA  (do no use),4065,Gioia Torrincini Mini Assorted 12x200g,Active - Not Sellable,40. Seasonal Christmas,12,6660 g,779921290066,48,No,Torrone del Molise,- None -,- None -,- None -,- None -,,,,,,,,,- None -,,,0,0,0,,,,- None -,- None -,0,0,0,0,0,547
XMASTR35A-CA (do no use),4066,Gioia Torrone Hard With Hazelnut 12x150g,Active - Not Sellable,40. Seasonal Christmas,12,2100 g,779921290011,248,No,Torrone del Molise,- None -,- None -,- None -,- None -,,,,,,,,,- None -,,,0,0,0,,,,- None -,- None -,0,0,0,0,0,
XMASTRN51-CA,7327,Gioia Torroncini Mini Assorted 8x150g,Active-XMAS,40. Seasonal Christmas,8,1.3 kg,779921290509,176,No,Oliviero,- None -,- None -,- None -,- None -,,,,,,610,,610,- None -,610,9/22/2026,6,.2,0,,,,- None -,- None -,0,0,0,0,0,547
XMASTRN52-CA,7325,Gioia Torrone HARD with Almonds 18x150g,Active-XMAS,40. Seasonal Christmas,18,3.1 kg,779921290523,110,No,Oliviero,- None -,- None -,- None -,- None -,,,,,,618,,650,- None -,618,9/22/2026,6,.2,0,,,,- None -,- None -,0,0,0,0,0,
XMASTRN53-CA,7324,Gioia Torrone Soft With Almonds 18x150g,Active-XMAS,40. Seasonal Christmas,18,3.1 kg,779921290561,110,Yes,Oliviero,- None -,- None -,- None -,- None -,,,,,,779,,779,- None -,779,9/22/2026,6,.2,0,,,,- None -,- None -,0,0,0,0,0,
XMASTRN54-CA,7326,Gioia Torrone Soft With Hazelnuts 18x150g,Active-XMAS,40. Seasonal Christmas,18,3.1 kg,779921290578,110,No,Oliviero,- None -,- None -,- None -,- None -,,,,,,1050,,1050,- None -,1050,9/22/2026,6,.2,0,,,,- None -,- None -,0,0,0,0,0,
XMASTRN55-CA,7323,Gioia Torrone Ricoperto (Chocolate Covered) 18x150g,Active-XMAS,40. Seasonal Christmas,18,3.1 kg,779921290585,110,No,Oliviero,- None -,- None -,- None -,- None -,,,,,,872,,872,- None -,872,9/22/2026,6,.2,0,,,,- None -,- None -,0,0,0,0,0,
Total,,,,,,,,,,,,,,,,0.0,,0.0,0.0,,0.0,,,,,,,,,,,,,0.0,0.0,0.0,0.0,0.0,
