Purchase Memo,Recom. Qty,Item Name,Item ID,Display Name,Reorder Vendor Group,Item Status,30 Days,60 Days,90 Days,120 Days,4 Month Average,Availble to Promise,Qty Reserved,On Hand Available (Good),On Hand Deviated,On Hand Inspection,On Hand Label,On Hand Hold,On Hand Total (Good + Deviated),On Hand Total (Months),In Transit,Next Arrival Qty,Next Arrival Date,On Hand Total + In Transit,On Hand Total + Transit (Months),On Order (TO SHIP),Total Stock,Total Stock [Months],Item Weight,Item Weight Units,Maximum of Item Cubic Space,Total Available ,Admin Portal,Brand,Product Category,Vendor ID,Preferred Vendor,P.O.L,Item Description,Vendor Item #,Minimum of Vendor Price,Item Height1,Item Width1,Item Depth1,Item Height,Item Width,Item Depth,Item Shelf,Pallet QTY - NA,Pallet QTY - Euro,HI,TI,Planner ,Department,Product Sub Category,Item - Inner Qty,Product Type,UPC Code,Available for Sale,Available for purchase,LCL Listed,4-Month Qty Sold (LCL),4-Month Total Quantity Sold,Previous Year QTY Sold,Qty Committed,Qty Committed Reserved,Qty Back Ordered,Preferred Vendor Min Qty,Minimum Monthly Qty,Minimum Stock
- None -,3.5,PFLOUR02-CA,3870,Vita Sana Enriched 00 Soft Wheat Flour 10x1Kg (Bag),Agugiaro & Figna_Flour,Active,0,0,0,0,0,,,2152,2152,2152,2152,2152,2152,0,1302,671,4/18/2026,,- None -,2657,- None -,- None -,10650,g,.0244725,2075,Admin Portal,Vita Sana,Baking Ingredients,477,AGUGIARO Agugiaro & Figna Spa,Livorno,Vita Sana Enriched 00 Soft Wheat Flour 10x1Kg (Bag),1DARID0148BOD,9.30,.000025,.000039,.0000251,25,39,25.1,365,63,60,7,9,- None -,Pantry,Flour and Baking Aids,10,Retail,10779921020011,Yes,Yes,Yes,- None -,0,11368,77,,,252,,
- None -,3.5,PFLOURFBA-CA,3444,Farm Boy Enriched Durum Wheat Semolina 10x1Kg (Bag),Agugiaro & Figna_PL Farm Boy,Active - PL,0,0,0,0,0,,,,,,,,,0,123,123,5/20/2026,,- None -,123,- None -,- None -,10570,g,.02039352,,Admin Portal,Farm Boy,Baking Ingredients,477,AGUGIARO Agugiaro & Figna Spa,Livorno,Farm Boy Enriched Durum Wheat Semolina 10x1Kg (Bag),1CA2400164BOD,11.30,.000021,.0000244,.0000398,21,24.4,39.8,365,63,,7,9,- None -,Pantry,Flour and Baking Aids,10,Private Label - FB,- None -,Yes,Yes,No,- None -,0,666,,,297,252,,
- None -,3.5,PFLOURFB-CA,3439,Farm Boy 00 Soft Wheat Flour 10x1Kg (Bag),Agugiaro & Figna_PL Farm Boy,Active - PL,0,0,0,0,0,,,,,,,,,0,159,159,5/20/2026,,- None -,159,- None -,- None -,10570,g,.02039352,,Admin Portal,Farm Boy,Baking Ingredients,477,AGUGIARO Agugiaro & Figna Spa,Livorno,Farm Boy 00 Soft Wheat Flour 10x1Kg (Bag),1DARID0164BOD,9.30,.000021,.0000244,.0000398,21,24.4,39.8,365,63,,7,9,- None -,Pantry,Flour and Baking Aids,10,Private Label - FB,- None -,Yes,Yes,No,- None -,0,657,,,99,252,,
- None -,3.5,FPRM149A-CA,5490,R.M. Capers 12x105ml,Alguazas_Marinades,Active,0,0,0,0,0,,,17,17,17,17,17,17,0,,,,,- None -,300,- None -,- None -,2560,g,.00283185,17,Admin Portal,Regina Molisana,Condiments and Toppings,488,ALGUAZAS Alguazas Conservas S.L.,Genova,R.M. Capers 12x105ml,741,6.25,.0000087,.0000155,.000021,8.7,15.5,21,1092,288,,9,32,- None -,Pantry,Pickles and Antipasto,12,Retail,10779921362913,Yes,Yes,No,- None -,0,525,,,,300,,
- None -,3.5,FPRM125-CA,3663,R.M. Fire Red Roasted Peppers 12x12oz,Alguazas_Marinades,Active,0,0,0,0,0,,,461,461,461,461,461,461,0,1071,1071,3/30/2026,,- None -,1836,- None -,- None -,6390,g,.008378556,458,Admin Portal,Regina Molisana,Condiments and Toppings,488,ALGUAZAS Alguazas Conservas S.L.,Genova,R.M. Fire Red Roasted Peppers 12x12oz,N62I,11.50,.0000124,.0000303,.0000223,12.4,30.3,22.3,1457,153,,9,17,- None -,Pantry,Pickles and Antipasto,12,Retail,10779921362104,Yes,Yes,Yes,- None -,0,6657,3,,,153,,
- None -,3.5,FPRM126-CA,3664,R.M. Fire Red Roasted Peppers 6x3Kg,Alguazas_Marinades,Active,0,0,0,0,0,,,81,81,81,81,81,81,0,,,,,- None -,,- None -,- None -,17290,g,.024244638,81,Admin Portal,Regina Molisana,Condiments and Toppings,488,ALGUAZAS Alguazas Conservas S.L.,Genova,R.M. Fire Red Roasted Peppers 6x3Kg,N635,32.00,.0000159,.0000478,.0000319,15.9,47.8,31.9,1095,63,,9,7,- None -,Pantry,Pickles and Antipasto,6,Retail,10779921362203,Yes,Yes,Yes,- None -,0,331,,,,63,,
- None -,3.5,FPRM120-FB-CA,3440,Farm Boy Artichoke Hearts 12x340ml,Alguazas_PL Farm Boy,Active - PL,0,0,0,0,0,,,,,,,,,0,648,648,3/30/2026,,- None -,648,- None -,- None -,7528,g,.008175,,Admin Portal,Farm Boy,Condiments and Toppings,488,ALGUAZAS Alguazas Conservas S.L.,Genova,Farm Boy Artichoke Hearts 12x340ml,7927,12.50,.0000125,.00003,.0000218,12.5,30,21.8,1095,162,,9,18,- None -,Pantry,Pickles and Antipasto,12,Private Label,- None -,Yes,Yes,No,- None -,0,1458,,,648,153,,
- None -,3.5,FPRM120-CA,3646,R.M. Artichoke Hearts 12x6oz,Alguazas_Marinades,Active,0,0,0,0,0,54,54,54,54,54,54,54,54,0,714,714,3/30/2026,,- None -,952,- None -,- None -,4470,g,.005051892,54,Admin Portal,Regina Molisana,Condiments and Toppings,488,ALGUAZAS Alguazas Conservas S.L.,Genova,R.M. Artichoke Hearts 12x6oz,794I,8.00,.0000079,.0000292,.0000219,7.9,29.2,21.9,1092,238,,14,17,- None -,Pantry,Pickles and Antipasto,12,Retail,10779921361053,Yes,Yes,Yes,- None -,0,2066,,54,,238,,
- None -,3.5,FPRM124-CA,3645,R.M. Artichoke Hearts 12x12oz,Alguazas_Marinades,Active,0,0,0,0,0,49,49,49,49,49,49,49,49,0,1071,1071,3/30/2026,,- None -,1683,- None -,- None -,6540,g,.008378556,49,Admin Portal,Regina Molisana,Condiments and Toppings,488,ALGUAZAS Alguazas Conservas S.L.,Genova,R.M. Artichoke Hearts 12x12oz,7926,12.50,.0000124,.0000303,.0000223,12.4,30.3,22.3,1092,153,,9,17,- None -,Pantry,Pickles and Antipasto,12,Retail,10779921361107,Yes,Yes,Yes,- None -,0,3023,,49,6,153,,
- None -,3.5,VLONGOFET02-CA,7109,Longos Curato Fettucine Egg Nest pasta 18x250g,Alguazas_PL Longos,Active - PL,0,0,0,0,0,,,,,,,,,0,548,500,5/6/2026,,- None -,548,- None -,- None -,5000,g,.0109344,,Admin Portal,Longos,Pasta,11271,Andalini PASTIFICIO ANDALINI SPA,Livorno,Longos Curato Fettucine Egg Nest pasta 18x250g,LC094#2020218,12.51,.0000204,.000016,.0000335,20.4,16,33.5,730,100,,5,20,- None -,Pantry,Gnocchi,18,Private Label - Longos,10772468047343,Yes,Yes,No,- None -,0,0,,,540,750,,
- None -,3.5,VLONGOTAG01-CA,7107,Longos Curato Tagliatelle Egg Nest pasta 20x250g,Alguazas_PL Longos,Active - PL,0,0,0,0,0,,,,,,,,,0,,48,5/6/2026,,- None -,540,- None -,- None -,5000,g,.0109344,,Admin Portal,Longos,Pasta,11271,Andalini PASTIFICIO ANDALINI SPA,Livorno,Longos Curato Tagliatelle Egg Nest pasta 20x250g,LC093#2020220,13.90,.0000204,.000016,.0000335,20.4,16,33.5,730,100,,5,20,- None -,Pantry,Gnocchi,20,Private Label - Longos,10772468047336,Yes,Yes,No,- None -,0,0,,,540,330,,
- None -,3.5,VLONGOPAP03-CA,7108,Longos Curato Pappardelle Egg Nest pasta 18x250g,Alguazas_PL Longos,Active - PL,0,0,0,0,0,,,,,,,,,0,578,443,5/6/2026,,- None -,578,- None -,- None -,5000,g,.0109344,,Admin Portal,Longos,Pasta,11271,Andalini PASTIFICIO ANDALINI SPA,Livorno,Longos Curato Pappardelle Egg Nest pasta 18x250g,LC096#2020218,12.51,.0000204,.000016,.0000335,20.4,16,33.5,730,100,,5,20,- None -,Pantry,Gnocchi,18,Private Label - Longos,10772468047350,Yes,Yes,No,- None -,0,0,,,540,280,,
- None -,3.5,PRM220-GF-CA,6228,RM Lasagna Gluten Free 12x250g,Andriani,Active,0,0,0,0,0,,,246,246,246,246,246,246,0,682,682,5/6/2026,,- None -,682,- None -,- None -,3740,g,.009614486,242,Admin Portal,Regina Molisana,Pasta,11243,ANDRIANI Andriani Spa,Salerno,RM Lasagna Gluten Free 12x250g,C420BD297,11.28,.0000199,.0000203,.0000238,19.9,20.3,23.8,1095,125,,5,25,- None -,Pantry,Specialty Cuts,12,Retail,10779921002239,Yes,Yes,Yes,- None -,0,1615,4,,,700,,
Do Not Reorder - Sell through/Make Inactive,3.5,LEMON02-CA,3540,Limmi (VS) Lemon Juice 12x200ml,B&G SRL (Limmi)_Lemon Juice,Do not Order,0,0,0,0,0,,,463,463,463,463,463,463,0,,,,,- None -,,- None -,- None -,2810,g,.0076551,456,Admin Portal,Limmi - Vita Sana,Juice,540,B&G B&G Srl (Limmi),Genova,Limmi (VS) Lemon Juice 12x200ml,110CA,5.16,.0000158,.000019,.0000255,15.8,19,25.5,365,242,180,11,22,- None -,Drinks,Shelf Stable Juices,12,Retail,641777111027,Yes,No,No,- None -,0,2741,7,,,1060,,
- None -,5,BACI104331486-CA,7014,Perugina Baci Quick Display 1x,Baci_Displayer,Active-Displayer,0,0,0,0,0,,,58,58,58,58,58,58,0,,,,,- None -,,- None -,- None -,1200,g,.0020564,58,Admin Portal,Baci,Chocolate and Candy,12190,BACI Baci Perugina,Livorno,Perugina Baci Quick Displayer 1x,104331486,17.16,.0000097,.0000106,.00002,9.7,10.6,20,9999,100,60,2,50,- None -,Pantry,Chocolate,1,Displayer,- None -,Yes,Yes,No,- None -,0,0,,,,100,,
- None -,3.5,BACI12597082-CA,7048,Baci Box Assorted Sparkling - Silver -  20Pcs  10x250g,Baci_XMAS Chocolate,Label,0,0,0,0,0,,,,,,,,,0,,,,,- None -,,- None -,- None -,2350,g,.0096348,,Admin Portal,Baci,Seasonal Christmas,12190,BACI Baci Perugina,Livorno,Baci Box Assorted Sparkling - Silver -  20Pcs  10x250g,12439537,67.00,.0000217,.00002,.0000222,21.7,20,22.2,364,100,60,2,50,- None -,Seasonal,Chocolate,10,Retail  - Chocolate,8000300410624,Yes,Yes,No,- None -,0,,,,,180,,
- None -,3.5,BACI104936513-CA,7025,Baci Perugina Displayer Header with Base (part 1 of 2),Baci_Displayer,Active-Displayer,0,0,0,0,0,,,14,14,14,14,14,14,0,,,,,- None -,,- None -,- None -,1200,g,.0020564,14,Admin Portal,Baci,Chocolate and Candy,12190,BACI Baci Perugina,Livorno,Baci Perugina Displayer Header with Base (part 1 of 2),104936513,17.16,.0000097,.0000106,.00002,9.7,10.6,20,9999,100,60,2,50,- None -,Pantry,Chocolate,1,Displayer,- None -,Yes,Yes,No,- None -,0,0,,,,20,,
- None -,3.5,BACIDAMI150-PA,7316,Baci Combo Displayer Dark Box (20x6x150g) and Milk Box (20x6x150g) (half pallet),Baci_Chocolate,Active-Displayer,0,0,0,0,0,,,,,,,,,0,,,,,- None -,,- None -,- None -,,- None -,0,,Admin Portal,Baci,Chocolate and Candy,12190,BACI Baci Perugina,Livorno,Baci Combo Displayer Dark Box (20x6x150g) and Milk Box (20x6x150g) (half pallet),- None -,67.353,0,0,0,0,0,0,,,,,,- None -,Pantry,Chocolate,40,Retail - Chocolate Costco,10779921779100,Yes,No,No,- None -,0,,,,,1,,
- None -,3.5,BACI12439675-CA,6961,Baci Box 12Pcs Original Dark 6x150g,Baci_Chocolate,Active,0,0,0,0,0,,,2134,2134,2134,2134,2134,2134,0,842,832,5/6/2026,,- None -,842,- None -,- None -,1100,g,.012614,1977,Admin Portal,Baci,Chocolate and Candy,12190,BACI Baci Perugina,Livorno,Baci BOX 12Pcs Original Dark 6x150g,12439675,19.925,.000017,.0000265,.000028,17,26.5,28,364,100,72,2,50,- None -,Pantry,Chocolate,6,Retail  - Chocolate,839456005457,Yes,Yes,Yes,- None -,0,169,152,,,875,,
- None -,3.5,BACI14507676-CA,7049,Baci Box Original Sparkling - Blue -  20Pcs  10x250g,Baci_XMAS Chocolate,Label,0,0,0,0,0,,,,,,,,,0,,,,,- None -,,- None -,- None -,2350,g,.0096348,,Admin Portal,Baci,Chocolate and Candy,12190,BACI Baci Perugina,Livorno,Baci BLUE Original Sparkling Box - 20Pcs  10x250g,14507676,67.00,.0000217,.00002,.0000222,21.7,20,22.2,364,100,60,2,50,- None -,Seasonal,Chocolate,10,Retail - XMAS Chocolate,8000300425024,Yes,Yes,No,- None -,0,,,,45,180,,
- None -,3.5,BACI14507207-CA,7329,Baci BIJOU Caramelized Almonds Box 12Pcs 10x175g,Baci_Chocolate,Active-XMAS,0,0,0,0,0,,,,,,,,,0,,,,,- None -,,- None -,- None -,2350,g,.0096348,,Admin Portal,Baci,Chocolate and Candy,12190,BACI Baci Perugina,Livorno,Baci BIJOU Caramelized Almonds Box 12Pcs 10x175g,14507207,33.23,.0000217,.00002,.0000222,21.7,20,22.2,364,100,60,2,50,- None -,Pantry,Chocolate,10,Retail  - Chocolate,8000300444742,Yes,Yes,No,- None -,0,,,,37,260,,
DEVIATION LABELING AND REPACKING,3.5,BACI12532557-CA,6969,Perugina Egg Easter Milk 12x245g,Baci_Easter Chocolate,Label,0,0,0,0,0,,,7,7,7,7,7,7,0,1,,,,- None -,1,- None -,- None -,3300,g,.12551328,7,Admin Portal,Baci,Seasonal Easter,12190,BACI Baci Perugina,Livorno,Perugina Egg Easter Milk 12x245g,12532557,73.20,.000054,.0000398,.0000584,54,39.8,58.4,364,100,8,2,50,- None -,Seasonal,Chocolate,12,Retail - EASTER Chocolate,8000300419443,Yes,Yes,No,- None -,0,,,,,30,,
DEVIATION LABELING AND REPACKING,3.5,BACI12565331-CA,6974,Baci Box Heart Original Dark 20x100g,Baci_Valentine Chocolate,Label,0,0,0,0,0,,,,,,,,,0,,,,,- None -,,- None -,- None -,2200,g,.04545808,,Admin Portal,Baci,Seasonal Valentines,12190,BACI Baci Perugina,Livorno,Baci Box Heart Original Dark 20x100g,12565331,100.20,.0000202,.0000388,.000058,20.2,38.8,58,364,100,20,2,50,- None -,Seasonal,Chocolate,20,Retail - VALENTINE Chocolate,8000300418217,Yes,Yes,No,- None -,0,41,,,,130,,
- None -,3.5,BACI12613345-CA,7052,Baci Box Caramelized Almonds Bijou 12Pcs 10x150g,Baci_Chocolate,Do not Order,0,0,0,0,0,,,5,5,5,5,5,5,0,,,,,- None -,,- None -,- None -,2350,g,.0096348,5,Admin Portal,Baci,Chocolate and Candy,12190,BACI Baci Perugina,Livorno,Baci BIJOU Caramelized Almonds Bijou Box 12Pcs 10x150g,12439537,33.23,.0000217,.00002,.0000222,21.7,20,22.2,364,100,60,2,50,- None -,Pantry,Chocolate,10,Retail  - Chocolate,8000300436457,No,No,No,- None -,0,,,,,260,,
- None -,3.5,BACI12363320-CA,6985,Perugina Bar Dark 51% 12x86g,Baci_Chocolate,Do not Order,0,0,0,0,0,,,,,,,,,0,,,,,- None -,,- None -,- None -,1200,g,.0020564,,Admin Portal,Baci,Chocolate and Candy,12190,BACI Baci Perugina,Livorno,Perugina Bar Dark 51% 12x86g,12363320,17.16,.0000097,.0000106,.00002,9.7,10.6,20,364,100,60,2,50,- None -,Pantry,Chocolate,12,Retail  - Chocolate,839456004610,Yes,No,No,- None -,0,0,,,,490,,
- None -,3.5,BACI14510037-CA,7348,Perugina Baci Advent Calendar Ramb 10x245g,Baci_XMAS Chocolate,Active - Not Sellable,0,0,0,0,0,,,,,,,,,0,,,,,- None -,,- None -,- None -,2784,g,.04810575,,Admin Portal,Baci,Chocolate and Candy,12190,BACI Baci Perugina,Livorno,Perugina Baci Advent Calendar Ramb 10x245g,- None -,68.80,.0000425,.0000294,.0000385,42.5,29.4,38.5,273,16,16,2,8,- None -,Seasonal,Chocolate,10,Retail - XMAS Chocolate,8000300441864,Yes,Yes,No,- None -,0,21,,,,,,
- None -,3.5,DSPBACISLIM-OT,7330,Baci Slim Displayer x1,Baci_Displayer,Active-Displayer,0,0,0,0,0,,,,,,,,,0,,,,,- None -,,- None -,- None -,,- None -,,,Admin Portal,Baci,Chocolate and Candy,12190,BACI Baci Perugina,Livorno,Baci Slim Displayer x1,- None -,.00,,,,,,,9999,,,,,- None -,Pantry,Displayer,1,Displayer,- None -,Yes,Yes,No,- None -,0,,,,,1,,
- None -,3.5,BACI104936519-CA,7023,Baci Perugina Displayer Buckets (part 2 of 2),Baci_Displayer,Active-Displayer,0,0,0,0,0,,,3,3,3,3,3,3,0,,,,,- None -,,- None -,- None -,1200,g,.0020564,3,Admin Portal,Baci,Chocolate and Candy,12190,BACI Baci Perugina,Livorno,Baci Perugina Displayer Buckets (part 2 of 2),104936519,17.16,.0000097,.0000106,.00002,9.7,10.6,20,9999,100,60,2,50,- None -,Pantry,Chocolate,1,Displayer,- None -,Yes,Yes,No,- None -,0,0,,,,20,,
- None -,3.5,BACI12439528-CA,6983,Baci Tube 3Pcs Original Dark 14x37.5g,Baci_Chocolate,Active,0,0,0,0,0,,,,,,,,,0,,,,,- None -,,- None -,- None -,730,g,.0033264,,Admin Portal,Baci,Chocolate and Candy,12190,BACI Baci Perugina,Livorno,Baci TUBE 3Pcs Original Dark 14x37.5g,12439528,14.28,.0000084,.000015,.0000264,8.4,15,26.4,364,100,60,2,50,- None -,Pantry,Chocolate,14,Retail  - Chocolate,839456005495,Yes,Yes,No,- None -,0,0,,,,820,,
DEVIATION LABELING AND REPACKING,3.5,BACI12533665-CA,6971,Baci Egg Easter Original Dark 12x265g,Baci_Easter Chocolate,Label,0,0,0,0,0,,,1,1,1,1,1,1,0,,,,,- None -,,- None -,- None -,3300,g,.12551328,1,Admin Portal,Baci,Seasonal Easter,12190,BACI Baci Perugina,Livorno,Baci Egg Easter Original Dark 12x265g,12533665,86.52,.000054,.0000398,.0000584,54,39.8,58.4,364,100,8,2,50,- None -,Seasonal,Chocolate,12,Retail - EASTER Chocolate,8000300412260,Yes,Yes,Yes,- None -,0,22,,,,400,,
- None -,3.5,BACI14507077-CA,7047,Baci Box Assorted Sparkling - Gold -  20Pcs 10x250g,Baci_XMAS Chocolate,Label,0,0,0,0,0,,,,,,,,,0,,,,,- None -,,- None -,- None -,2350,g,.0096348,,Admin Portal,Baci,Seasonal Christmas,12190,BACI Baci Perugina,Livorno,Baci GOLD Assorted Sparkling Box 10x250g,14507077,67.00,.0000217,.00002,.0000222,21.7,20,22.2,364,100,60,2,50,- None -,Seasonal,Chocolate,10,Retail - XMAS Chocolate,8445292664981,Yes,Yes,No,- None -,0,,,,50,190,,
- None -,3.5,BACI12560167-CA,6977,Baci BAG Coffee 12x125g,Baci_Chocolate,Label,0,0,0,0,0,,,87,87,87,87,87,87,0,,,,,- None -,,- None -,- None -,1800,g,.015057504,87,Admin Portal,Baci,Chocolate and Candy,12190,BACI Baci Perugina,Livorno,Baci BAG Coffee 12x125g,12560167,32.52,.0000198,.0000196,.0000388,19.8,19.6,38.8,364,100,60,2,50,- None -,Pantry,Chocolate,12,Retail  - Chocolate,8000300421378,Yes,Yes,Yes,- None -,0,2,,,,330,,
- None -,3.5,BACI12531696-CA,6967,Baci Bag Easter Mini Eggs Assorted 20x150g,Baci_Easter Chocolate,Label,0,0,0,0,0,,,2,2,2,2,2,2,0,,,,,- None -,,- None -,- None -,3300,g,.0219184,2,Admin Portal,Baci,Seasonal Easter,12190,BACI Baci Perugina,Livorno,Baci BAG Easter Mini Eggs Assorted 20x150g,12531696,47.00,.0000206,.0000266,.00004,20.6,26.6,40,364,100,45,2,50,- None -,Seasonal,Chocolate,20,Retail - EASTER Chocolate,8000300352597,Yes,Yes,No,- None -,0,,,,,100,,
- None -,3.5,BACI12439610-CA,6960,Baci Box 12Pcs Milk 6x150g,Baci_Chocolate,Active,0,0,0,0,0,,,1039,1039,1039,1039,1039,1039,0,1074,1074,5/6/2026,,- None -,1300,- None -,- None -,1100,g,.012614,919,Admin Portal,Baci,Chocolate and Candy,12190,BACI Baci Perugina,Livorno,Baci BOX 12Pcs Milk 6x150g,12439610,29.25,.000017,.0000265,.000028,17,26.5,28,364,100,72,2,50,- None -,Pantry,Chocolate,6,Retail  - Chocolate,839456005433,Yes,Yes,Yes,- None -,0,156,111,,,875,,
DEVIATION LABELING AND REPACKING,3.5,BACI12534834-CA,6972,Baci Egg Easter Hazelnut 6x255g,Baci_Easter Chocolate,Label,0,0,0,0,0,,,,,,,,,0,,,,,- None -,,- None -,- None -,1800,g,.0648,,Admin Portal,Baci,Seasonal Easter,12190,BACI Baci Perugina,Livorno,Baci Egg Easter Hazelnut 6x255g,12534834,55.44,.000054,.00003,.00004,54,30,40,364,100,16,2,50,- None -,Seasonal,Chocolate,6,Retail - EASTER Chocolate,8000300419993,Yes,Yes,Yes,- None -,0,3,,,,100,,
- None -,3.5,BACI14508708-CA,7328,Baci RED Original Sparkling Box - 20Pcs  10x250g,Baci_XMAS Chocolate,Label,0,0,0,0,0,,,,,,,,,0,,,,,- None -,,- None -,- None -,2350,g,.0096348,,Admin Portal,Baci,Chocolate and Candy,12190,BACI Baci Perugina,Livorno,Baci RED Original Sparkling Box - 20Pcs  10x250g,12439537,67.00,.0000217,.00002,.0000222,21.7,20,22.2,364,100,60,2,50,- None -,Seasonal,Chocolate,10,Retail - XMAS Chocolate,839456009080,Yes,Yes,No,- None -,0,,,,52,180,,
DEVIATION LABELING AND REPACKING,3.5,BACI12533587-CA,6970,Baci Egg Easter Milk 12x265g,Baci_Easter Chocolate,Label,0,0,0,0,0,,,1,1,1,1,1,1,0,,,,,- None -,,- None -,- None -,3300,g,.12551328,1,Admin Portal,Baci,Seasonal Easter,12190,BACI Baci Perugina,Livorno,Baci Egg Easter Milk 12x265g,12533587,86.52,.000054,.0000398,.0000584,54,39.8,58.4,364,100,8,2,50,- None -,Seasonal,Chocolate,12,Retail - EASTER Chocolate,8000300412284,Yes,Yes,Yes,- None -,0,28,,,,100,,
- None -,3.5,BACI12405295-CA,6953,Baci Bag Original Dark 12x125g,Baci_Chocolate,Active,0,0,0,0,0,,,1317,1317,1317,1317,1317,1317,0,1,,,,- None -,1,- None -,- None -,1800,g,.015057504,1274,Admin Portal,Baci,Chocolate and Candy,12190,BACI Baci Perugina,Livorno,Baci BAG Original Dark 12x125g,12405295,30.884,.0000198,.0000196,.0000388,19.8,19.6,38.8,364,100,60,2,50,- None -,Pantry,Chocolate,12,Retail  - Chocolate,839456005679,Yes,Yes,Yes,- None -,0,76,43,,,1100,,
- None -,3.5,BACI12439386-CA,6956,Baci Bulk Original Dark 3x1Kg,Baci_Chocolate,Label,0,0,0,0,0,,,72,72,72,72,72,72,0,401,400,5/6/2026,,- None -,401,- None -,- None -,3300,g,.009078,15,Admin Portal,Baci,Chocolate and Candy,12190,BACI Baci Perugina,Livorno,Baci BULK Original Dark Choc 3x1KgBaci Bulk Original Dark 3x1Kg,12439386,56.70,.0000178,.000017,.00003,17.8,17,30,364,100,108,2,50,- None -,Pantry,Chocolate,3,Retail  - Chocolate,8000300388909,Yes,Yes,No,- None -,0,1,57,,,150,,
DEVIATION LABELING AND REPACKING,3.5,BACI12532528-CA,6968,Perugina Egg Easter Dark 12x245g,Baci_Easter Chocolate,Label,0,0,0,0,0,,,,,,,,,0,1,,,,- None -,1,- None -,- None -,3300,g,.12551328,,Admin Portal,Baci,Seasonal Easter,12190,BACI Baci Perugina,Livorno,Perugina Egg Easter Dark 12x245g,12532528,73.20,.000054,.0000398,.0000584,54,39.8,58.4,364,100,8,2,50,- None -,Seasonal,Chocolate,12,Retail - EASTER Chocolate,8000300419429,Yes,Yes,No,- None -,0,,,,,30,,
DEVIATION LABELING AND REPACKING,3.5,BACI12531682-CA,6965,Baci Bag Easter Mini Eggs Milk 20x150g,Baci_Easter Chocolate,Label,0,0,0,0,0,,,1,1,1,1,1,1,0,,,,,- None -,,- None -,- None -,3300,g,.0219184,1,Admin Portal,Baci,Seasonal Easter,12190,BACI Baci Perugina,Livorno,Baci Bag Easter Mini Eggs Milk 20x150g,12531682,47.00,.0000206,.0000266,.00004,20.6,26.6,40,364,100,45,2,50,- None -,Seasonal,Chocolate,20,Retail - EASTER Chocolate,8000300328424,Yes,Yes,No,- None -,0,,,,,100,,
- None -,3.5,DSPBACINUTC-OT,7228,Baci Nutcracker Image (empty) 48x24 Inch Full Colour Coro With Cardboard Easel,Baci_XMAS Chocolate,Active,0,0,0,0,0,,,78,78,78,78,78,78,0,,,,,- None -,,- None -,- None -,,- None -,,76,Admin Portal,Baci,Chocolate and Candy,12190,BACI Baci Perugina,Livorno,Baci Nutcracker Image (empty) 48x24 Inch Full Colour Coro With Cardboard Easel,- None -,17.888,,,,,,,9999,100,,2,50,- None -,Pantry,Displayer,1,Displayer,- None -,Yes,Yes,No,- None -,0,,2,,,,,
- None -,3.5,BACI12439598-CA,6959,Baci Bag Milk 12x125g,Baci_Chocolate,Active,0,0,0,0,0,,,1053.834,1053.834,1053.834,1053.834,1053.834,1053.834,0,,,,,- None -,,- None -,- None -,1800,g,.015057504,996.834,Admin Portal,Baci,Chocolate and Candy,12190,BACI Baci Perugina,Livorno,Baci BAG Milk 12x125g,12439598,30.884,.0000198,.0000196,.0000388,19.8,19.6,38.8,364,100,60,2,50,- None -,Pantry,Chocolate,12,Retail  - Chocolate,839456005655,Yes,Yes,Yes,- None -,0,97,57,,15,1100,,
- None -,3.5,BACI12497895-CA,6994,Baci Box 28Pcs Original Dark 6x350g,Baci_Chocolate,Label,0,0,0,0,0,,,,,,,,,0,,,,,- None -,,- None -,- None -,3400,g,.022356,,Admin Portal,Baci,Chocolate and Candy,12190,BACI Baci Perugina,Livorno,Baci Box 28Pcs Original Dark 6x350g,12439754,61.50,.000023,.000027,.000036,23,27,36,364,100,60,2,50,- None -,Pantry,Chocolate,6,Retail  - Chocolate,8000300388763,Yes,Yes,No,- None -,0,,,,,1630,,
DEVIATION LABELING AND REPACKING,3.5,BACI12531685-CA,6966,Baci Bag Easter Mini Eggs Original Dark 20x150g,Baci_Easter Chocolate,Label,0,0,0,0,0,,,3,3,3,3,3,3,0,,,,,- None -,,- None -,- None -,3300,g,.0219184,3,Admin Portal,Baci,Seasonal Easter,12190,BACI Baci Perugina,Livorno,Baci Bag Easter Mini Eggs Original Dark 20x150g,12531685,47.00,.0000206,.0000266,.00004,20.6,26.6,40,364,100,45,2,50,- None -,Seasonal,Chocolate,20,Retail - EASTER Chocolate,8000300298451,Yes,Yes,No,- None -,0,,,,,100,,
- None -,3.5,DSPBACIBOW-OT,7227,Baci Bow Image Display (empty) 31.5x20 Inch PVC 10 Inch Extra Fold at 90 Degrees,Baci_Displayer,Active-Displayer,0,0,0,0,0,,,81,81,81,81,81,81,0,,,,,- None -,,- None -,- None -,,- None -,,81,Admin Portal,Baci,Chocolate and Candy,12190,BACI Baci Perugina,Livorno,Baci Bow Image Display (empty) 31.5x20 Inch PVC 10 Inch Extra Fold at 90 Degrees,104331486,17.16,,,,,,,9999,100,,2,50,- None -,Pantry,Displayer,1,Displayer,- None -,Yes,Yes,No,- None -,0,,,,,1,,
- None -,3.5,XMAS53A-CA,4073,Gioia Pandoro Lemon Cream Filled 8x750g,Balconi,Active-XMAS,0,0,0,0,0,,,,,,,,,0,,,,,- None -,,- None -,- None -,6200,g,.085840111,,Admin Portal,Gioia,Seasonal Christmas,12367,BALCONI BALCONI S.p.A. INDUSTRIA DOLCIARIA,Livorno,Gioia Pandoro Lemon Cream Filled 8x750g,197992430241,31.20,.0000259,.0000419,.0000791,25.9,41.9,79.1,243,21,,3,7,- None -,Seasonal,Cakes,8,Retail,20779921120206,Yes,Yes,Yes,- None -,0,638,,,91,620,,
- None -,3.5,XMASAU02-CA,4072,Gioia Pandoro Classic 8x800g,Balconi,Active-XMAS,0,0,0,0,0,,,,,,,,,0,,,,,- None -,,- None -,- None -,7000,g,.085840111,,Admin Portal,Gioia,Seasonal Christmas,12367,BALCONI BALCONI S.p.A. INDUSTRIA DOLCIARIA,Livorno,Gioia Pandoro Classic 8x800g,194993510718,30.40,.0000259,.0000419,.0000791,25.9,41.9,79.1,243,21,,3,7,- None -,Seasonal,Cakes,8,Retail,10779921120001,Yes,Yes,Yes,- None -,0,1960,,,101,1200,,
- None -,3.5,XMAS52A-CA,4071,Gioia Pandoro Chocolate Cream Fill 8x750g,Balconi,Active-XMAS,0,0,0,0,0,,,,,,,,,0,,,,,- None -,,- None -,- None -,6200,g,.085840111,,Admin Portal,Gioia,Seasonal Christmas,12367,BALCONI BALCONI S.p.A. INDUSTRIA DOLCIARIA,Livorno,Gioia Pandoro Chocolate Cream Fill 8x750g,192992530241,31.20,.0000259,.0000419,.0000791,25.9,41.9,79.1,243,21,,3,7,- None -,Seasonal,Cakes,8,Retail,20779921120107,Yes,Yes,Yes,- None -,0,689,,,87,630,,
- None -,3.5,BAKMA31A-CA,3478,Gioia Croissants Cream 8x270g,Balconi,Active,0,0,0,0,0,,,365,365,365,365,365,365,0,1057,1057,5/6/2026,,- None -,1057,- None -,- None -,3080,g,.0304878,349,Admin Portal,Gioia,Sweets,12367,BALCONI BALCONI S.p.A. INDUSTRIA DOLCIARIA,Livorno,Gioia Croissants Cream 8x270g,121407302599,9.84,.000034,.0000366,.0000245,34,36.6,24.5,243,96,,8,12,- None -,Bakery,Packaged Sweets,8,Retail,10779921108207,Yes,Yes,Yes,- None -,0,3646,16,,,1100,,
- None -,3.5,BAKMA29A-CA,3476,Gioia Croissants Chocolate 8x270g,Balconi,Active,0,0,0,0,0,,,562,562,562,562,562,562,0,1132,1132,5/6/2026,,- None -,1132,- None -,- None -,3010,g,.03248336,536,Admin Portal,Gioia,Sweets,12367,BALCONI BALCONI S.p.A. INDUSTRIA DOLCIARIA,Livorno,Gioia Croissants Chocolate 8x270g,121408302599,9.84,.0000322,.0000388,.000026,32.2,38.8,26,243,96,,8,12,- None -,Bakery,Packaged Sweets,8,Retail,10779921108108,Yes,Yes,Yes,- None -,0,7998,26,,,1100,,
Do Not Reorder - Sell through/Make Inactive,3.5,BAKMB182641-CA,3611,Mulino Bianco Pavesini Plain 12x200g,Mulino Bianco,Do not Order,0,0,0,0,0,,,17,17,17,17,17,17,0,,,,,- None -,,- None -,- None -,3120,g,.025361875,,Admin Portal,Mulino Bianco,"Crackers, Cookies, Snacks",547,BARILLA Barilla G. E. R. Fratelli Spa,Genova,Mulino Bianco Pavesini Plain 12x200g,1000016713,16.11,.0000175,.0000341,.0000425,17.5,34.1,42.5,365,56,48,7,8,- None -,Pantry,Cookies,12,Retail,08013355021011,Yes,No,No,- None -,0,4286,17,,,380,,
- None -,3.5,BAUPOS90000499-OT,7248,Bauducco Tree Topper,Bauducco_Marketing,Active-Marketing,0,0,0,0,0,,,15,15,15,15,15,15,0,,,,,- None -,,- None -,- None -,,- None -,,15,Admin Portal,Bauducco,Seasonal Christmas,1641,BAUDUCCO Bauducco Foods Inc,Brazil,Bauducco Tree Topper,90000499,.01,,,,,,,9999,100,,2,50,- None -,Seasonal,Marketing,1,Marketing,- None -,Yes,Yes,No,- None -,0,,,,,1,,
- None -,3.5,XMASMAS01-CA,6904,Massimo Pandoro Classic 12x500g (Box),Bauducco_ XMAS Massimo,Active-XMAS,0,0,0,0,0,,,,,,,,,0,,,,,- None -,,- None -,- None -,9850,g,.0906594,,Admin Portal,Massimo,Seasonal Christmas,1641,BAUDUCCO Bauducco Foods Inc,Brazil,Massimo Pandoro Classic 12x500g (Box),40004532,36.00,.000039,.0000394,.000059,39,39.4,59,243,25,,5,5,- None -,Seasonal,Cakes,12,Retail - Seasonal,10779921120018,Yes,Yes,Yes,- None -,0,1720,,,362,610,,
- None -,3.5,BAUPOS20002780-OT,7258,Bauducco Inflatable Santa,Bauducco_Marketing,Active-Marketing,0,0,0,0,0,,,7,7,7,7,7,7,0,,,,,- None -,,- None -,- None -,,- None -,,7,Admin Portal,Bauducco,Seasonal Christmas,1641,BAUDUCCO Bauducco Foods Inc,Brazil,Bauducco Inflatable Santa,20002780,.01,,,,,,,9999,100,,2,50,- None -,Seasonal,Marketing,1,Marketing,- None -,Yes,Yes,No,- None -,0,,,,2,1,,
- None -,3.5,BAUPOS90000508-OT,7246,Bauducco Pallet Wrap Roll (Pack of 2),Bauducco_Marketing,Active-Marketing,0,0,0,0,0,,,3,3,3,3,3,3,0,,,,,- None -,,- None -,- None -,,- None -,,3,Admin Portal,Bauducco,Seasonal Christmas,1641,BAUDUCCO Bauducco Foods Inc,Brazil,Bauducco Pallet Wrap Roll (Pack of 2),90000508,.01,,,,,,,9999,100,,2,50,- None -,Seasonal,Marketing,2,Marketing,- None -,Yes,Yes,No,- None -,0,,,,,1,,
- None -,3.5,XMASBAU04B-CA,6577,Bauducco Mini Panettone 24x80g,Bauducco_XMAS,Active-XMAS,0,0,0,0,0,,,,,,,,,0,,,,,- None -,,- None -,- None -,2900,g,.02722482,,Admin Portal,Bauducco,Seasonal Christmas,1641,BAUDUCCO Bauducco Foods Inc,Brazil,Bauducco Mini Panettone 24x80g,40003970,16.80,.0000217,.0000306,.000041,21.7,30.6,41,365,72,,9,8,- None -,Seasonal,Cakes,24,Retail - Seasonal,10875754009995,Yes,Yes,Yes,- None -,0,5495,,,307,1280,,
- None -,3.5,XMASMAS01B-CA,6903,Massimo Panettone Traditional 12x750g (Cello),Bauducco_ XMAS Massimo,Active-XMAS,0,0,0,0,0,,,,,,,,,0,,,,,- None -,,- None -,- None -,9850,g,.0906594,,Admin Portal,Massimo,Seasonal Christmas,1641,BAUDUCCO Bauducco Foods Inc,Brazil,Massimo Panettone Traditional 12x750g (Cello),40004672,30.00,.000039,.0000394,.000059,39,39.4,59,243,25,,5,5,- None -,Seasonal,Cakes,12,Retail - Seasonal,10779921110026,Yes,Yes,Yes,- None -,0,2153,,,313,1020,,
- None -,3.5,BAUPOS20006251-OT,7257,Bauducco Biscuits Displayer (Floor),Bauducco_Marketing,Active-Marketing,0,0,0,0,0,,,20,20,20,20,20,20,0,,,,,- None -,,- None -,- None -,,- None -,,20,Admin Portal,Bauducco,Seasonal Christmas,1641,BAUDUCCO Bauducco Foods Inc,Brazil,Bauducco Biscuits Displayer (Floor),20006251,.01,,,,,,,9999,100,,2,50,- None -,Seasonal,Displayer,1,Displayer,- None -,Yes,No,No,- None -,0,,,,,1,,
- None -,3.5,BAUWAFVAN142-CA,6892,Bauducco Wafers Vanilla 18x142g,Bauducco_Wafers,Active,0,0,0,0,0,,,792,792,792,792,792,792,0,1738,1738,4/5/2026,,- None -,1738,- None -,- None -,3492,g,.010123344,676,Admin Portal,Bauducco,"Crackers, Cookies, Snacks",1641,BAUDUCCO Bauducco Foods Inc,Brazil,Bauducco Wafers Vanilla 18x142g,40003980,8.28,.0000176,.0000231,.0000249,17.6,23.1,24.9,425,160,,8,20,- None -,Pantry,Cookies,18,Retail,10875754010097,Yes,Yes,Yes,- None -,0,551,116,,,1270,,
- None -,3.5,BAUPOS90000361-OT,7247,Bauducco Pallet Cover,Bauducco_Marketing,Active-Marketing,0,0,0,0,0,,,22,22,22,22,22,22,0,,,,,- None -,,- None -,- None -,,- None -,,22,Admin Portal,Bauducco,Seasonal Christmas,1641,BAUDUCCO Bauducco Foods Inc,Brazil,Bauducco Pallet Cover,90000361,.01,,,,,,,9999,100,,2,50,- None -,Seasonal,Marketing,1,Marketing,- None -,Yes,Yes,No,- None -,0,,,,,1,,
- None -,3.5,BAUPOS90000500-OT,7250,Bauducco Oversized Santa,Bauducco_Marketing,Active-Marketing,0,0,0,0,0,,,7,7,7,7,7,7,0,,,,,- None -,,- None -,- None -,,- None -,,7,Admin Portal,Bauducco,Seasonal Christmas,1641,BAUDUCCO Bauducco Foods Inc,Brazil,Bauducco Oversized Santa,90000500,.01,,,,,,,9999,100,,2,50,- None -,Seasonal,Marketing,1,Marketing,- None -,Yes,Yes,No,- None -,0,,,,2,1,,
- None -,3.5,BAUWAFCHO142-CA,6891,Bauducco Wafers Chocolate 18x142g,Bauducco_Wafers,Active,0,0,0,0,0,,,1203,1203,1203,1203,1203,1203,0,2124,2124,4/5/2026,,- None -,2124,- None -,- None -,3492,g,.010123344,1175,Admin Portal,Bauducco,"Crackers, Cookies, Snacks",1641,BAUDUCCO Bauducco Foods Inc,Brazil,Bauducco Wafers Chocolate 18x142g,40003979,8.28,.0000176,.0000231,.0000249,17.6,23.1,24.9,425,160,,8,20,- None -,Pantry,Cookies,18,Retail,10875754010080,Yes,Yes,Yes,- None -,0,567,28,,,1800,,
- None -,3.5,XMASMTV01-CA,7033,Monteverde Panettone CELLO 12x750g,Bauducco_XMAS,Active-XMAS,0,0,0,0,0,,,,,,,,,0,,,,,- None -,,- None -,- None -,9850,g,.0906594,,Admin Portal,Monteverde,Seasonal Christmas,1641,BAUDUCCO Bauducco Foods Inc,Brazil,Monteverde Panettone CELLO 12x750g,40004941,28.20,.000039,.0000394,.000059,39,39.4,59,243,25,,5,5,- None -,Seasonal,Cakes,12,Retail - Seasonal,10779921110033,Yes,Yes,No,- None -,0,,,,,2900,,
- None -,3.5,XMASBAU02B-CA,6575,Bauducco Chocottone 12x680g,Bauducco_XMAS,Active-XMAS,0,0,0,0,0,,,,,,,,,0,,,,,- None -,,- None -,- None -,9850,g,.0906594,,Admin Portal,Bauducco,Seasonal Christmas,1641,BAUDUCCO Bauducco Foods Inc,Brazil,Bauducco Chocottone 12x680g,40004060,46.80,.000039,.0000394,.000059,39,39.4,59,365,25,,5,5,- None -,Seasonal,Cakes,12,Retail - Seasonal,10875754010325,Yes,Yes,Yes,- None -,0,6428,,,367,700,,
Do Not Reorder - Sell through/Make Inactive,3.5,BAUWAFROLVA-CA,7123,Bauducco Wafer Rolls Vanilla TIN 12x400g,Bauducco_Wafers,Do not Order,0,0,0,0,0,,,179,179,179,179,179,179,0,,,,,- None -,,- None -,- None -,6518.122,g,.020112,179,Admin Portal,Bauducco,"Crackers, Cookies, Snacks",1641,BAUDUCCO Bauducco Foods Inc,Brazil,Bauducco Wafer Rolls Vanilla 12x400g,40004780,33.00,.000015,.0000419,.000032,15,41.9,32,420,88,,11,8,- None -,Pantry,Cookies,12,Retail,10875754001705,Yes,Yes,No,- None -,0,0,,,,40,,
- None -,3.5,XMASBAU09B-CA,6578,Bauducco Mini Chocottone 24x80g,Bauducco_XMAS,Active-XMAS,0,0,0,0,0,,,,,,,,,0,,,,,- None -,,- None -,- None -,2900,g,.02722482,,Admin Portal,Bauducco,Seasonal Christmas,1641,BAUDUCCO Bauducco Foods Inc,Brazil,Bauducco Mini Chocottone 24x80g,40003971,16.80,.0000217,.0000306,.000041,21.7,30.6,41,365,72,,9,8,- None -,Seasonal,Cakes,24,Retail - Seasonal,875754010007,Yes,Yes,Yes,- None -,0,5088,,,403,1060,,
- None -,3.5,BAUWAFSTR142-CA,6893,Bauducco Wafers Strawberry 18x142g,Bauducco_Wafers,Active,0,0,0,0,0,,,1072,1072,1072,1072,1072,1072,0,620,620,4/5/2026,,- None -,620,- None -,- None -,3492,g,.010123344,1065,Admin Portal,Bauducco,"Crackers, Cookies, Snacks",1641,BAUDUCCO Bauducco Foods Inc,Brazil,Bauducco Wafers Strawberry 18x142g,40003981,8.28,.0000176,.0000231,.0000249,17.6,23.1,24.9,425,160,,8,20,- None -,Pantry,Cookies,18,Retail,10875754010103,Yes,Yes,Yes,- None -,0,448,7,,,1490,,
- None -,3.5,BAUPOS90000506-OT,7245,Bauducco Displayer Train,Bauducco_Marketing,Active-Marketing,0,0,0,0,0,,,7,7,7,7,7,7,0,,,,,- None -,,- None -,- None -,,- None -,,7,Admin Portal,Bauducco,Seasonal Christmas,1641,BAUDUCCO Bauducco Foods Inc,Brazil,Bauducco Displayer Train,90000506,.01,,,,,,,9999,100,,2,50,- None -,Seasonal,Displayer,1,Displayer,- None -,Yes,Yes,No,- None -,0,,,,,1,,
- None -,3.5,BAUPOS90000424-OT,7259,Bauducco Santa Socks,Bauducco_Marketing,Active-Marketing,0,0,0,0,0,,,400,400,400,400,400,400,0,,,,,- None -,,- None -,- None -,,- None -,,400,Admin Portal,Bauducco,Seasonal Christmas,1641,BAUDUCCO Bauducco Foods Inc,Brazil,Bauducco Santa Socks,90000424,.01,,,,,,,9999,100,,2,50,- None -,Seasonal,Marketing,1,Marketing,- None -,Yes,Yes,No,- None -,0,,,,,1,,
- None -,3.5,XMASBAU03AB-CA,7034,Bauducco Hazelnut Cream Panettone Box 12x454g,Bauducco_XMAS,Active-XMAS,0,0,0,0,0,,,,,,,,,0,,,,,- None -,,- None -,- None -,9850,g,.0906594,,Admin Portal,Bauducco,Seasonal Christmas,1641,BAUDUCCO Bauducco Foods Inc,Brazil,Bauducco Hazelnut Cream Panettone Box 12x454g ,40004920,46.80,.000039,.0000394,.000059,39,39.4,59,243,25,,5,5,- None -,Seasonal,Cakes,12,Retail - Seasonal,10875754000760,Yes,Yes,No,- None -,0,,,,131,1200,,
- None -,3.5,BAUPOS90000502-OT,7249,Bauducco Chocottone Topper,Bauducco_Marketing,Active-Marketing,0,0,0,0,0,,,2,2,2,2,2,2,0,,,,,- None -,,- None -,- None -,,- None -,,2,Admin Portal,Bauducco,Seasonal Christmas,1641,BAUDUCCO Bauducco Foods Inc,Brazil,Bauducco Chocottone Topper,90000502,.01,,,,,,,9999,100,,2,50,- None -,Seasonal,Marketing,1,Marketing,- None -,Yes,Yes,No,- None -,0,,,,,1,,
- None -,3.5,BAUWAFHAZ142-CA,6895,Bauducco Wafers Hazelnut 18x142g,Bauducco_Wafers,Active,0,0,0,0,0,,,812,812,812,812,812,812,0,2138,2138,4/5/2026,,- None -,2138,- None -,- None -,3492,g,.010123344,776,Admin Portal,Bauducco,"Crackers, Cookies, Snacks",1641,BAUDUCCO Bauducco Foods Inc,Brazil,Bauducco Wafers Hazelnut 18x142g,40003982,8.28,.0000176,.0000231,.0000249,17.6,23.1,24.9,425,160,,8,20,- None -,Pantry,Cookies,18,Retail,10875754010110,Yes,Yes,Yes,- None -,0,538,36,,,1690,,
- None -,3.5,XMASAU01B-CA,6573,Gioia Panettone Traditional 12x750g,Bauducco_XMAS,Active-XMAS,0,0,0,0,0,,,,,,,,,0,,,,,- None -,,- None -,- None -,10200,g,.1056,,Admin Portal,Gioia,Seasonal Christmas,1641,BAUDUCCO Bauducco Foods Inc,Brazil,Gioia Panettone Traditional 12x750g,40004099,43.20,.00006,.000022,.00008,60,22,80,243,25,,5,5,- None -,Seasonal,Cakes,12,Retail,10779921110019,Yes,Yes,Yes,- None -,0,3708,,,200,1980,,
- None -,3.5,XMASBAU01B-CA,6574,Bauducco Panettone Traditional 12x680g,Bauducco_XMAS,Active-XMAS,0,0,0,0,0,,,,,,,,,0,25,,,,- None -,25,- None -,- None -,9850,g,.0906594,,Admin Portal,Bauducco,Seasonal Christmas,1641,BAUDUCCO Bauducco Foods Inc,Brazil,Bauducco Panettone Traditional 12x680g,40004059,43.20,.000039,.0000394,.000059,39,39.4,59,365,25,,5,5,- None -,Seasonal,Cakes,12,Retail - Seasonal,10875754010301,Yes,Yes,Yes,- None -,0,5280,,,253,710,,
- None -,3.5,BAUPOS90000508-EA,7251,Bauducco Pallet Wrap Roll,Bauducco_Marketing,Active-Marketing,0,0,0,0,0,,,8,8,8,8,8,8,0,,,,,- None -,,- None -,- None -,,- None -,,8,Admin Portal,Bauducco,Seasonal Christmas,1641,BAUDUCCO Bauducco Foods Inc,Brazil,Bauducco Pallet Wrap Roll,90000508,.01,,,,,,,9999,100,,2,50,- None -,Seasonal,Marketing,1,Marketing,- None -,Yes,Yes,No,- None -,0,,,,,1,,
- None -,3.5,BAUPOS90000355-OT,7252,Bauducco Displayer Mini Tower,Bauducco_Marketing,Active-Marketing,0,0,0,0,0,,,,,,,,,0,,,,,- None -,,- None -,- None -,,- None -,,,Admin Portal,Bauducco,Seasonal Christmas,1641,BAUDUCCO Bauducco Foods Inc,Brazil,Bauducco Displayer Mini Tower,90000355,.01,,,,,,,9999,100,,2,50,- None -,Seasonal,Displayer,1,Displayer,- None -,Yes,Yes,No,- None -,0,,,,2,1,,
Do Not Reorder - Sell through/Make Inactive,3.5,BAUWAFROLCH-CA,7122,Bauducco Wafer Rolls Chocolate Hazelnut TIN 12x400g,Bauducco_Wafers,Do not Order,0,0,0,0,0,,,137,137,137,137,137,137,0,,,,,- None -,,- None -,- None -,6518.122,g,.020112,137,Admin Portal,Bauducco,"Crackers, Cookies, Snacks",1641,BAUDUCCO Bauducco Foods Inc,Brazil,Bauducco Wafer Rolls Chocolate Hazelnut 12x400g,40004518,33.00,.000015,.0000419,.000032,15,41.9,32,420,88,,11,8,- None -,Pantry,Cookies,12,Retail,10875754000715,Yes,Yes,No,- None -,0,0,,,,40,,
- None -,3.5,BAKGIOIA09A-CA,6915,Gioia Cookies Lemon Cream Fill 14x150g,Biscottificio,Active,0,0,0,0,0,,,269,269,269,269,269,269,0,,,,,- None -,,- None -,- None -,2660,g,.01293732,267,Admin Portal,Gioia,"Crackers, Cookies, Snacks",12054,BISCOTTIFICIO VERONA Biscottificio Verona Srl A Socio Unico,Livorno,Gioia Cookies Lemon Cream Fill 14x150g,071153670,11.76,.0000165,.0000264,.0000297,16.5,26.4,29.7,365,160,144,10,16,- None -,Pantry,Cookies,14,Retail,10779921083269,Yes,Yes,No,- None -,0,0,2,,,144,,
- None -,4,BAKGIOIA08A-CA,6914,Gioia Cookies Hazelnut Cream Fill 14x150g,Biscottificio,Active,0,0,0,0,0,,,238,238,238,238,238,238,0,,,,,- None -,144,- None -,- None -,2660,g,.01293732,236,Admin Portal,Gioia,"Crackers, Cookies, Snacks",12054,BISCOTTIFICIO VERONA Biscottificio Verona Srl A Socio Unico,Livorno,Gioia Cookies Hazelnut Cream Fill 14x150g,071151670,11.76,.0000165,.0000264,.0000297,16.5,26.4,29.7,365,160,144,10,16,- None -,Pantry,Cookies,14,Retail,10779921083245,Yes,Yes,No,- None -,0,0,2,,,144,,
- None -,3.5,BAKGIOIA10-CA,5472,Gioia Savoiardi 15x400g,Bonomi,Active,0,0,0,0,0,,,931,931,931,931,931,931,0,7032,997,4/18/2026,,- None -,20031,- None -,- None -,6700,g,.048634425,817,Admin Portal,Gioia,"Crackers, Cookies, Snacks",10103,BONOMI Forno Bonomi Dal 1850,Livorno,Gioia Savoiardi 15x400g,P263V14,17.775,.0000365,.0000567,.0000235,36.5,56.7,23.5,365,45,,5,9,- None -,Pantry,Cookies,15,Retail,10779921105008,Yes,Yes,Yes,- None -,0,42997,114,,,1500,,
- None -,3.5,BAKGIOIA12-CA,3492,Gioia Sfogliatine 12x200g,Bonomi,Active,0,0,0,0,0,,,1394,1394,1394,1394,1394,1394,0,,,,,- None -,700,- None -,- None -,3030,g,.02160966,1388,Admin Portal,Gioia,"Crackers, Cookies, Snacks",10103,BONOMI Forno Bonomi Dal 1850,Livorno,Gioia Sfogliatine 12x200g,132,7.56,.0000237,.0000235,.0000388,23.7,23.5,38.8,365,84,,7,12,- None -,Pantry,Cookies,12,Retail,10779921100966,Yes,Yes,Yes,- None -,0,4569,6,,,900,,
- None -,3.5,SAPO06-CA,1810,Pomi Polpa Di Pomodoro 1x10Kg,Casalasco_Tomato Sauce,Active,0,0,0,0,0,,,270,270,270,270,270,270,0,200,,,,- None -,200,- None -,- None -,10300,g,.012464,270,Admin Portal,Pomi,Canned and Jarred,585,BOSCHI Consorzio Casalasco Del Pomodoro,Genova,- None -,30620107,10.10,.0000328,.00002,.000019,32.8,20,19,730,125,56,5,25,- None -,Food Service,Pasta and Pasta Sauce,,Retail,8032793340362,Yes,Yes,No,- None -,0,1845,,,,100,,
- None -,3.5,SAPO04-CA,3641,Pomi Passata Strained Tomatoes 12x750ml (Tetra),Casalasco_Tomato Sauce,Active,0,0,0,0,0,,,197,197,197,197,197,197,0,315,210,5/6/2026,,- None -,315,- None -,- None -,9510,g,.0106624,196,Admin Portal,Pomi,Canned and Jarred,585,BOSCHI Consorzio Casalasco Del Pomodoro,Genova,Pomi Passata Strained Tomatoes 12x750ml (Tetra),30310003,11.94,.0000136,.00004,.0000196,13.6,40,19.6,730,105,,7,15,- None -,Pantry,Pasta and Pasta Sauce,12,Retail,30846558000151,Yes,Yes,No,- None -,0,1356,1,,,105,,
- None -,3.5,TOMDRUM,6425,Polpa Tomatoes Drum 1x215Kg,Casalasco_Tomatos,Active,0,0,0,0,0,,,136,136,136,136,136,136,0,192,112,4/23/2026,,- None -,580,- None -,- None -,231125,g,.322370755,100,Admin Portal,Molisana Imports,Canned and Jarred,585,BOSCHI Consorzio Casalasco Del Pomodoro,Genova,Polpa Tomatoes Drum 1x215Kg,23003600,157.47,.0000955,.0000581,.0000581,95.5,58.1,58.1,730,4,,1,4,- None -,Food Service,Pasta and Pasta Sauce,1,Special Order,23003600,Yes,Yes,No,- None -,0,572,,,,180,,
- None -,3.5,SARM425-PZA-CA,7032,R.M. Pizza Sauce 12x380ml,Casalasco_Tomato Sauce,Active,0,0,0,0,0,,,3812,3812,3812,3812,3812,3812,0,,,,,- None -,,- None -,- None -,5500,g,.00773333,3810,Admin Portal,Regina Molisana,Canned and Jarred,585,BOSCHI Consorzio Casalasco Del Pomodoro,Genova,R.M. Pizza Sauce 12x425ml,49304200,9.12,.000011,.0000229,.0000307,11,22.9,30.7,1095,221,,13,17,- None -,Pantry,Pasta and Pasta Sauce,12,Retail,10779921801023,Yes,Yes,Yes,- None -,0,0,2,,,4166,,
- None -,3.5,SARM500T-12PK-CA,7187,R.M. Passata 12x500ml (Tetra),Casalasco,Active,0,0,0,0,0,,,141,141,141,141,141,141,0,1029,1029,5/20/2026,,- None -,7892,- None -,- None -,4380,g,.00580608,,Admin Portal,Regina Molisana,Canned and Jarred,585,BOSCHI Consorzio Casalasco Del Pomodoro,Genova,R.M. Passata 12x500ml (Tetra),49070500,6.30,.0000112,.000018,.0000288,11.2,18,28.8,730,147,,7,21,- None -,Pantry,Pasta and Pasta Sauce,12,Retail,10779921800781,Yes,Yes,No,- None -,0,,,,,8333,,
- None -,3.5,SRMPASTE-CA,6252,R.M. Tomato Paste 12x140g,Casalasco_Tomato Paste,Active,0,0,0,0,0,400,400,1185.5,1185.5,1185.5,1185.5,1185.5,1185.5,0,3373,2800,4/30/2026,,- None -,13789,- None -,- None -,2140,g,.0060258,1178.5,Admin Portal,Regina Molisana,Canned and Jarred,585,BOSCHI Consorzio Casalasco Del Pomodoro,Genova,R.M. Tomato Paste 12x140g,49320800,8.34,.000022,.000011,.0000249,22,11,24.9,730,300,,15,20,- None -,Pantry,Tomatoes and Paste,12,Retail,10779921800910,Yes,Yes,Yes,- None -,0,9222.5,7,400,,4166,,
DEVIATION LABELING AND REPACKING,3.5,PACM013A-CA,3893,Vita Sana Pasta Fregola Sarda 12x500g,Cagliaritani,Active,0,0,0,0,0,,,508,508,508,508,508,508,0,,,,,- None -,384,- None -,- None -,6480,g,.01702935,379,Admin Portal,Vita Sana,Pasta,957,CAGLIARITANI Cagliaritani Qui Sardegna Srl,Salerno,Vita Sana Pasta Fregola Sarda 12x500g,VS043,13.92,.0000213,.0000205,.000039,21.3,20.5,39,851,84,,7,12,- None -,Pantry,Artisanal Specialty Cuts,12,Retail,10779921016014,Yes,Yes,Yes,- None -,0,673,129,,,384,,
- None -,3.5,COFCAM159SLIM-CA,6871,Camardo Slim Decaf Moka and Drip 12x250g (Can),Camardo,Active,0,0,0,0,0,,,171,171,171,171,171,171,0,,,,,- None -,,- None -,- None -,4760,g,.01823256,170,Admin Portal,Camardo,Coffee,604,CAMARDO Camardo Spa,Salerno,Camardo Slim Decaf Moka and Drip 12x250g (Can),159SLIM,61.20,.000018,.0000367,.0000276,18,36.7,27.6,730,121,,11,11,- None -,Drinks,Ground Coffee,12,Retail,18003755091599,Yes,Yes,No,- None -,0,15,1,,,60,,
- None -,3.5,COFCAM303SLIM-CA,6872,Camardo Slim Biologico Moka and Drip 12x250g (Can),Camardo,Do not Order,0,0,0,0,0,,,13,13,13,13,13,13,0,,,,,- None -,,- None -,- None -,4730,g,.018991008,13,Admin Portal,Camardo,Coffee,604,CAMARDO Camardo Spa,Salerno,Camardo Slim Biologico Moka and Drip 12x250g (Can),303,70.80,.0000188,.0000276,.0000366,18.8,27.6,36.6,730,121,,11,11,- None -,Drinks,Ground Coffee,12,Retail,18003755003035,Yes,No,No,- None -,0,2,,,,10,,
- None -,3.5,COFCAM237-CA,6866,Camardo Espresso Crema 6x1Kg,Camardo,Active,0,0,0,0,0,,,2,2,2,2,2,2,0,,,,,- None -,,- None -,- None -,6480,g,.02001792,2,Admin Portal,Camardo,Coffee,604,CAMARDO Camardo Spa,Salerno,Camardo Espresso Crema 6x1Kg,237,75.00,.0000192,.000026,.0000401,19.2,26,40.1,730,100,,2,50,- None -,Drinks,Whole Beans,6,Special Order,68003755000374,Yes,Yes,No,- None -,0,20,,,,20,,
- None -,3.5,COFCAM188P25-CA,6865,Camardo Nespresso Classic 150x5g Pods (6x25Pack),Camardo,Active,0,0,0,0,0,,,13,13,13,13,13,13,0,,,,,- None -,,- None -,- None -,1610,g,.010368,13,Admin Portal,Camardo,Coffee,604,CAMARDO Camardo Spa,Salerno,Camardo Nespresso Classic 150x5g Pods (6x25Pack),188P25,33.00,.000012,.000036,.000024,12,36,24,730,100,,2,50,- None -,Drinks,Coffee Pods,6,Retail,68003755051888,Yes,Yes,No,- None -,0,6,,,,20,,
- None -,3.5,COFCAM335-CA,6867,Camardo Espresso Gourmet Avvolgente 8x500g,Camardo,Do not Order,0,0,0,0,0,,,13,13,13,13,13,13,0,,,,,- None -,,- None -,- None -,4380,g,.01444456,13,Admin Portal,Camardo,Coffee,604,CAMARDO Camardo Spa,Salerno,Camardo Espresso Gourmet Avvolgente 8x500g,335,58.40,.0000152,.0000215,.0000442,15.2,21.5,44.2,730,100,,2,50,- None -,Drinks,Whole Beans,8,Special Order,88003755003355,Yes,No,No,- None -,0,0,,,,10,,
- None -,3.5,COFCAM122-CA,4163,Camardo Espresso Royal Beans 6x1Kg,Camardo,Active,0,0,0,0,0,,,25,25,25,25,25,25,0,,,,,- None -,,- None -,- None -,6460,g,.020161152,25,Admin Portal,Camardo,Coffee,604,CAMARDO Camardo Spa,Salerno,Camardo Espresso Royal Beans 6x1Kg,122,93.00,.0000192,.0000407,.0000258,19.2,40.7,25.8,730,100,,2,50,- None -,Drinks,Whole Beans,6,Special Order,68003755000343,Yes,Yes,No,- None -,0,4,,,,20,,
- None -,3.5,COFCAM435-CA,6868,Camardo Espresso Gourmet Intenso 8x500g,Camardo,Active,0,0,0,0,0,,,29,29,29,29,29,29,0,,,,,- None -,,- None -,- None -,4380,g,.01444456,29,Admin Portal,Camardo,Coffee,604,CAMARDO Camardo Spa,Salerno,Camardo Espresso Gourmet Intenso 8x500g,435,60.00,.0000152,.0000215,.0000442,15.2,21.5,44.2,730,100,,2,50,- None -,Drinks,Whole Beans,8,Special Order,88003755004352,Yes,Yes,No,- None -,0,1,,,,20,,
- None -,3.5,COFCAM158SLIM-CA,6869,Camardo Slim Arabica Moka and Drip Classic 12x250g (Can),Camardo,Active,0,0,0,0,0,,,164,164,164,164,164,164,0,,,,,- None -,,- None -,- None -,4750,g,.017879832,164,Admin Portal,Camardo,Coffee,604,CAMARDO Camardo Spa,Salerno,Camardo Slim Arabica Moka and Drip 12x250g (Can),158SLIM,61.20,.0000177,.0000276,.0000366,17.7,27.6,36.6,730,121,,11,11,- None -,Drinks,Ground Coffee,12,Retail,18003755091582,Yes,Yes,No,- None -,0,8,,,,60,,
- None -,3.5,COFCAM188-CA,4164,Camardo Nespresso Classic 160x5g Pods (16x10Pack),Camardo,Active,0,0,0,0,0,,,23,23,23,23,23,23,0,,,,,- None -,,- None -,- None -,1930,g,.0126,23,Admin Portal,Camardo,Coffee,604,CAMARDO Camardo Spa,Salerno,Camardo Nespresso Classic 160x5g Pods (16x10Pack),188,38.40,.000021,.00002,.00003,21,20,30,730,100,,2,50,- None -,Drinks,Coffee Pods,16,Retail,18003755001888,Yes,Yes,No,- None -,0,15,,,,30,,
- None -,3.5,FILMGIOIASB-OT,7069,Gioia S Biscuits Film,Carta Stampa_Packaging,Active-Packaging,0,0,0,0,0,,,1105,1105,1105,1105,1105,1105,0,,,,,- None -,300,- None -,- None -,1,kg,,1105,Admin Portal,Gioia,"Crackers, Cookies, Snacks",623,CARTA STAMPA Carta Stampa S.R.L Socio Unico,Livorno & Genova,Gioia S Biscuits Film Approximately 18Kg Per Roll,93630001D,6.40,,,,,,,9999,100,,2,50,- None -,Pantry,Packaging,1,Packaging,- None -,No,Yes,No,- None -,0,,,,,1020,,
Do Not Reorder - Sell through/Make Inactive,3.5,CHE993PAR18-CA,6814,993 Reggiano Parmigiano18 Month 10x500g,993,Do not Order,0,0,0,0,0,,,6,6,6,6,6,6,0,,,,,- None -,,- None -,- None -,5200,g,.03864,6,Admin Portal,993,Deli Cheese,12024,CASEIFICIO Caseificio Cavola S.c.a.993,- None -,993 Reggiano Parmigiano18 Month 10x500g,10F1805,87.625,.000028,.000046,.00003,28,46,30,,,42,,,- None -,Deli,Cheese,10,Retail,- None -,Yes,No,No,- None -,0,57,,,,1,,
- None -,3.5,VLONGOSGNOGF-CA,6618,Longos Curato Gnocchi Gluten Free 12x500g,Ciemme_PL Longos,Active - PL,0,0,0,0,0,,,,,,,,,0,,,,,- None -,480,- None -,- None -,6408,g,.01223481,,Admin Portal,Longos,Pasta,664,CIEMME Ciemme Alimentari Srl,Salerno,Longos Curato Gnocchi Gluten Free 12x500g,2396C,10.10,.0000205,.0000203,.0000294,20.5,20.3,29.4,365,140,,7,20,- None -,Pantry,Gnocchi,12,Private Label - Longos,10772468045721,Yes,Yes,No,- None -,0,1583,,,480,620,,
- None -,3.5,GNOCCHICAULI-CA,6812,Vita Sana Gluten Free Cauliflower Gnocchi 8x500g,Ciemme_Gnocchi,Active,0,0,0,0,0,,,589,589,589,589,589,589,0,628,628,4/23/2026,,- None -,2228,- None -,- None -,5458,g,.013272504,589,Admin Portal,Vita Sana,Pasta,664,CIEMME Ciemme Alimentari Srl,Salerno,Vita Sana Gluten Free Cauliflower Gnocchi 8x500g,2397C,10.08,.0000199,.0000168,.0000397,19.9,16.8,39.7,365,85,,5,17,- None -,Pantry,Gnocchi,8,Retail,10779921116134,Yes,Yes,Yes,- None -,0,1090,,,,1370,,
- None -,3.5,GNOCCHI-CA,3877,Vita Sana Gnocchi 10x500g,Ciemme_Gnocchi,Active,0,0,0,0,0,,,3140,3140,3140,3140,3140,3140,0,1768,1758,4/23/2026,,- None -,3868,- None -,- None -,5480,g,.01153278,3109,Admin Portal,Vita Sana,Pasta,664,CIEMME Ciemme Alimentari Srl,Salerno,Vita Sana Gnocchi 10x500g,1879,4.794,.000021,.0000162,.0000339,21,16.2,33.9,365,147,,7,21,- None -,Pantry,Gnocchi,10,Retail + HF,10779921116110,Yes,Yes,Yes,- None -,0,21459,6,,,1090,,
- None -,3.5,VLONGOSGNO-CA,6616,Longos Curato Gnocchi 12x500g,Ciemme_PL Longos,Active - PL,0,0,0,0,0,,,,,,,,,0,,,,,- None -,800,- None -,- None -,5458,g,.0109344,,Admin Portal,Longos,Pasta,664,CIEMME Ciemme Alimentari Srl,Salerno,Longos Curato Gnocchi 12x500g,2395C,5.866,.0000204,.000016,.0000335,20.4,16,33.5,365,100,,5,20,- None -,Pantry,Gnocchi,12,Private Label - Longos,10772468045714,Yes,Yes,No,- None -,0,1696,,,800,800,,
- None -,3.5,GNOCCHICAULIFB-CA,7053,Farm Boy  Cauliflower Gnocchi 8x500g,Ciemme_PL Farm Boy,Active - PL,0,0,0,0,0,,,,,,,,,0,,,,,- None -,320,- None -,- None -,5458,g,.01092,,Admin Portal,Farm Boy,Pasta,664,CIEMME Ciemme Alimentari Srl,Salerno,Farm Boy Cauliflower Gnocchi 8x500g,2397C,11.20,.00002,.000014,.000039,20,14,39,365,100,,5,20,- None -,Pantry,Gnocchi,8,Private Label - FB,- None -,Yes,Yes,No,- None -,0,0,,,640,810,,
- None -,3.5,GNOCCHI10-CA,3880,Vita Sana Gnocchi Gluten Free 12x500g,Ciemme_Gnocchi,Active,0,0,0,0,0,,,3239,3239,3239,3239,3239,3239,0,,,,,- None -,,- None -,- None -,6430,g,.01251081,3218,Admin Portal,Vita Sana,Pasta,664,CIEMME Ciemme Alimentari Srl,Salerno,Vita Sana Gnocchi Gluten Free 12x500g,0915C,10.74,.0000222,.0000289,.0000195,22.2,28.9,19.5,365,100,,5,20,- None -,Pantry,Gnocchi,12,Retail + HF,20779921116179,Yes,Yes,Yes,- None -,0,14884,21,,,3050,,
- None -,3.5,GNOCCHI05-CA,3878,Vita Sana Gnocchi Bulk 6x1Kg,Ciemme_Gnocchi,Active,0,0,0,0,0,,,8659,8659,8659,8659,8659,8659,0,2032,2032,4/23/2026,,- None -,7532,- None -,- None -,6480,g,.0134028,8658,Admin Portal,Vita Sana,Pasta,664,CIEMME Ciemme Alimentari Srl,Salerno,Vita Sana Gnocchi Bulk 6x1Kg,1285,5.471,.0000146,.000034,.000027,14.6,34,27,365,120,,10,12,- None -,Pantry,Gnocchi,6,Retail,10779921106128,Yes,Yes,Yes,- None -,0,41669,1,,,1510,,
- None -,3.5,GNOCCHI10FB-CA,3449,Farm Boy Gnocchi Gluten Free 12x500g,Ciemme_PL Farm Boy,Active - PL,0,0,0,0,0,,,,,,,,,0,,,,,- None -,800,- None -,- None -,5500,g,.01092,,Admin Portal,Farm Boy,Pasta,664,CIEMME Ciemme Alimentari Srl,Salerno,Farm Boy Gnocchi Gluten Free 12x500g,1698C,13.104,.0000195,.000035,.000016,19.5,35,16,365,140,,7,20,- None -,Pantry,Gnocchi,12,Private Label - FB,- None -,Yes,Yes,No,- None -,0,2043,,,800,500,,
- None -,3.5,GNOCCHIFB-CA,3448,Farm Boy Gnocchi 10x500g,Ciemme_PL Farm Boy,Active - PL,0,0,0,0,0,,,,,,,,,0,,,,,- None -,1764,- None -,- None -,7000,g,.011922632670816,,Admin Portal,Farm Boy,Pasta,664,CIEMME Ciemme Alimentari Srl,Salerno,Farm Boy Gnocchi 10x500g,2329C,4.70,.0000133096,.00002799,.000032004,13.3096,27.99,32.004,365,108,,12,9,- None -,Pantry,Gnocchi,10,Private Label - FB,- None -,Yes,Yes,No,- None -,0,6452,,,1764,1070,,
- None -,3.5,SAPEST-135-CA,3690,R.M. Pesto (Green) with Basil 12x150g,Clas Pesto_Green Pesto,Active,0,0,0,0,0,,,3301,3301,3301,3301,3301,3301,0,,,,,- None -,,- None -,- None -,3030,g,.00381807,3291,Admin Portal,Regina Molisana,Canned and Jarred,668,CLAS Clas Spa,Genova,R.M. Pesto (Green) with Basil 12x150g,F1290362,7.68,.000009,.0000237,.0000179,9,23.7,17.9,730,200,,8,25,- None -,Pantry,Pasta and Pasta Sauce,12,Retail,10779921800507,Yes,Yes,No,- None -,0,3214,10,,,900,,
- None -,3.5,OCOXV-ORGANIC-CA,1177,Colavita EV Olive Oil ORGANIC 6x500ml,Colavita Italy_Oil,Active,0,0,0,0,0,13,13,13,13,13,13,13,13,0,180,180,4/23/2026,,- None -,180,- None -,- None -,5030,g,.01018248,13,Admin Portal,Colavita,"Oil, Vinegars and Cooking Wine",679,COLPOM Colavita Spa,Salerno,Colavita EV Olive Oil Organic 6x500ml,CLEXBIMEUTM500C6CAN,23.70,.0000266,.0000232,.0000165,26.6,23.2,16.5,546,125,,5,25,- None -,Pantry,Olive Oils,6,Retail,10039153100401,Yes,Yes,Yes,- None -,0,915,,13,,190,,
- None -,3.5,VIWR003-CA,1188,Colavita Wine Vinegar Red 12x500ml,Colavita_Vinegar,Active,0,0,0,0,0,,,453,453,453,453,453,453,0,952,952,5/6/2026,,- None -,952,- None -,- None -,10630,g,.0176784,437,Admin Portal,Colavita,"Oil, Vinegars and Cooking Wine",679,COLPOM Colavita Spa,Salerno,Colavita Wine Vinegar Red 12x500ml,CLVINRTM500C12CAN,11.64,.0000254,.00003,.0000232,25.4,30,23.2,1825,102,,6,17,- None -,Pantry,Specialty Vinegars,12,Retail,10039153413051,Yes,Yes,Yes,- None -,0,4773,16,,,595,,
- None -,3.5,COLMKT001-OT,7353,Colavita Crowner Per Pallet (Soccer Special Edition),Colavita_Special,Active-Marketing,0,0,0,0,0,,,,,,,,,0,129,129,5/20/2026,,- None -,129,- None -,- None -,,- None -,,,Admin Portal,Colavita,"Oil, Vinegars and Cooking Wine",679,COLPOM Colavita Spa,Salerno,Colavita Crowner Per Pallet (Soccer Special Edition),MKT001,41.70,,,,,,,,,,,,- None -,Pantry,Olive Oils,,Marketing,- None -,No,Yes,No,- None -,0,,,,,,,
- None -,3.5,OCOXV.1LCOSTA,7350,COL Premium COSTA EVOliveOil 6x1lt,Colavita Italy_Oil,Active,0,0,0,0,0,,,,,,,,,0,,,,,- None -,,- None -,- None -,7332,g,.01668,,Admin Portal,Colavita,"Oil, Vinegars and Cooking Wine",679,COLPOM Colavita Spa,Salerno,COL Premium COSTA EVOliveOil 6x1lt,CLEXNFCO1000C6,54.90,.0000278,.00003,.00002,27.8,30,20,546,96,120,6,16,- None -,Pantry,Olive Oils,6,Retail,- None -,Yes,Yes,No,- None -,0,4,,,,110,,
- None -,3.5,VIBA.5LT-CA,1185,Colavita Balsamic Vinegar of Modena 2x5L,Colavita_Vinegar,Active,0,0,0,0,0,,,18,18,18,18,18,18,0,,,,,- None -,,- None -,- None -,11278,g,.01766492,18,Admin Portal,Colavita,"Oil, Vinegars and Cooking Wine",679,COLPOM Colavita Spa,Salerno,Colavita Balsamic Vinegar of Modena 2x5L,CLBALMPVC5LC4USA,27.54,.0000322,.000026,.0000211,32.2,26,21.1,1821,27,,,,- None -,Pantry,Balsamic Vinegar,2,Retail,10039153413211,Yes,Yes,Yes,- None -,0,79,,,,30,,
- None -,3.5,OCOGRAPE01-CA,1158,Colavita Oil GRAPESEED 6x750ml,Colavita Italy_Oil,Do not Order,0,0,0,0,0,,,88,88,88,88,88,88,0,,,,,- None -,,- None -,- None -,7094,g,.016715664,,Admin Portal,Colavita,"Oil, Vinegars and Cooking Wine",679,COLPOM Colavita Spa,Salerno,Colavita Oil Grapeseed 6x750ml,CLVITM750C6CAN,17.70,.0000276,.0000294,.0000206,27.6,29.4,20.6,,120,,6,20,- None -,Pantry,Nut and Seed Oils,6,Retail,10039153100999,No,No,No,- None -,0,167,,,191,1,,
- None -,3.5,OCOXV.1LDELICATO,7352,COL Premium DELICATO EVOliveOil 6x1lt,Colavita Italy_Oil,Active,0,0,0,0,0,,,,,,,,,0,,,,,- None -,,- None -,- None -,7332,g,.01668,,Admin Portal,Colavita,"Oil, Vinegars and Cooking Wine",679,COLPOM Colavita Spa,Salerno,COL Premium DELICATO EVOliveOil 6x1lt,- None -,50.70,.0000278,.00003,.00002,27.8,30,20,546,96,120,6,16,- None -,Pantry,Olive Oils,6,Retail,- None -,Yes,Yes,No,- None -,0,4,,,,110,,
- None -,3.5,VLONGOSBALS04-CA,3545,Longos Curato Balsamic Vinegar Gold 6x250ml,Colavita_PL Longos,Active - PL,0,0,0,0,0,,,,,,,,,0,,,,,- None -,,- None -,- None -,3885,g,.00060724,,Admin Portal,Longos,"Oil, Vinegars and Cooking Wine",679,COLPOM Colavita Spa,Salerno,Longos Curato Balsamic Vinegar Gold 6x250ml,LNBALMVI250C6USA,21.48,.0000136,.0000047,.0000095,13.6,4.7,9.5,1821,224,,7,32,- None -,Pantry,Balsamic Vinegar,6,Private Label - Longos,10772468023613,Yes,Yes,No,- None -,0,450,,,,300,,
- None -,3.5,OCOXV.1LAUDACE,7351,COL Premium AUDACE EVOliveOil 6x1lt,Colavita Italy_Oil,Active,0,0,0,0,0,,,,,,,,,0,,,,,- None -,,- None -,- None -,7332,g,.01668,,Admin Portal,Colavita,"Oil, Vinegars and Cooking Wine",679,COLPOM Colavita Spa,Salerno,COL Premium AUDACE EVOliveOil 6x1lt,- None -,50.70,.0000278,.00003,.00002,27.8,30,20,546,96,120,6,16,- None -,Pantry,Olive Oils,6,Retail,- None -,Yes,Yes,No,- None -,0,4,,,,110,,
DEVIATION LABELING AND REPACKING,3.5,OCOSPRPRE-CA,6551,Colavita Spray EV Olive Oil Premium 6x148ml,Colavita Italy_Oil,Label,0,0,0,0,0,,,43,43,43,43,43,43,0,,,,,- None -,,- None -,- None -,1265,g,.0038502,43,Admin Portal,Colavita,"Oil, Vinegars and Cooking Wine",679,COLPOM Colavita Spa,Salerno,Colavita Spray EV Olive Oil Premium 6x148ml, CLEXEUSR148C6CAN,12.00,.000023,.0000155,.0000108,23,15.5,10.8,365,240,,4,60,- None -,Pantry,Olive Oils,6,Retail,10039153431536,Yes,Yes,No,- None -,0,120,,,,1,,
Do Not Reorder - Sell through/Make Inactive,3.5,OCOXVSPN-CA,1180,Colavita EV Olive Oil SPANISH 6x750ml (Timeless),Colavita Italy_Oil,Do not Order,0,0,0,0,0,78,78,79,79,79,79,79,79,0,,,,,- None -,,- None -,- None -,7390,g,.0135135,79,Admin Portal,Colavita,"Oil, Vinegars and Cooking Wine",679,COLPOM Colavita Spa,Salerno,Colavita EV Olive Oil Spanish 6x750ml (Timeless),CLEXSPTM750C6CAN,30.90,.000027,.0000275,.0000182,27,27.5,18.2,,120,120,6,20,- None -,Pantry,Olive Oils,6,Retail,10039153010144,Yes,No,Yes,- None -,0,759,,78,,430,,
- None -,3.5,VIWW004-CA,1190,Colavita Wine Vinegar White 12x500ml,Colavita_Vinegar,Active,0,0,0,0,0,,,287.5,287.5,287.5,287.5,287.5,287.5,0,476,476,5/6/2026,,- None -,476,- None -,- None -,10620,g,.0176784,271.5,Admin Portal,Colavita,"Oil, Vinegars and Cooking Wine",679,COLPOM Colavita Spa,Salerno,Colavita Wine Vinegar White 12x500ml,CLVINBTM500C12CAN,11.64,.0000254,.00003,.0000232,25.4,30,23.2,1825,102,,6,17,- None -,Pantry,Specialty Vinegars,12,Retail,10039153413068,Yes,Yes,Yes,- None -,0,3287,16,,,595,,
- None -,3.5,OCOXVGAR-CA,1173,Colavita EV Olive Oil Garlic 6x250ml (Timeless),Colavita Italy_Oil,Active,0,0,0,0,0,,,867,867,867,867,867,867,0,,,,,- None -,,- None -,- None -,3120,g,.006573696,867,Admin Portal,Colavita,"Oil, Vinegars and Cooking Wine",679,COLPOM Colavita Spa,Salerno,Colavita EV Olive Oil Garlic 6x250ml (Timeless),CLAGLTM250C6CAN,13.20,.0000204,.0000212,.0000152,20.4,21.2,15.2,730,238,,7,34,- None -,Pantry,Infused Oils,6,Retail,10039153100500,Yes,Yes,Yes,- None -,0,856,,,,510,,
DEVIATION LABELING AND REPACKING,3.5,OCOSPRAVO-CA,6559,Colavita Spray Avocado Oil 6x148ml,Colavita Italy_Oil,Label,0,0,0,0,0,,,85,85,85,85,85,85,0,,,,,- None -,,- None -,- None -,1270,g,.0038502,84,Admin Portal,Colavita,"Oil, Vinegars and Cooking Wine",679,COLPOM Colavita Spa,Salerno,Colavita Spray Avocado Oil 6x148ml, CLAVSR148C6CAN,17.40,.000023,.0000155,.0000108,23,15.5,10.8,365,240,,4,60,- None -,Pantry,Specialty Oils,6,Retail,10039153431048,Yes,Yes,No,- None -,0,98,1,,,1,,
- None -,3.5,OCOXVMED-CA,1176,Colavita EV Olive Oil Mediterranean 6x750ml (Timeless),Colavita Italy_Oil,Active,0,0,0,0,0,169,169,195,195,195,195,195,195,0,270,140,4/23/2026,,- None -,270,- None -,- None -,7370,g,.013462176,195,Admin Portal,Colavita,"Oil, Vinegars and Cooking Wine",679,COLPOM Colavita Spa,Salerno,Colavita EV Olive Oil Mediterranean 6x750ml (Timeless),CLEXEUTTM750C6CAN,28.80,.0000268,.0000276,.0000182,26.8,27.6,18.2,546,140,120,7,20,- None -,Pantry,Olive Oils,6,Retail,10039153100876,Yes,Yes,Yes,- None -,0,6308,,169,2,820,,
- None -,3.5,OCOXVTAR-CA,1181,Colavita EV Olive Oil TRUFFLE 6x250ml (Timeless),Colavita Italy_Oil,Active,0,0,0,0,0,,,798,798,798,798,798,798,0,,,,,- None -,,- None -,- None -,3090,g,.006573696,798,Admin Portal,Colavita,"Oil, Vinegars and Cooking Wine",679,COLPOM Colavita Spa,Salerno,Colavita EV Olive Oil Truffle 6x250ml (Timeless),CLTARTM250C6CAN,15.30,.0000204,.0000212,.0000152,20.4,21.2,15.2,730,238,,7,34,- None -,Pantry,Infused Oils,6,Retail,10039153100395,Yes,Yes,Yes,- None -,0,850,,,,430,,
- None -,3.5,VIWR003-FB-CA,3457,Farm Boy Wine Vinegar Red 12x500ml,Colavita_PL Farmboy,Active - PL,0,0,0,0,0,,,,,,,,,0,,,,,- None -,,- None -,- None -,9998,g,.01725584,,Admin Portal,Farm Boy,"Oil, Vinegars and Cooking Wine",679,COLPOM Colavita Spa,Salerno,Farm Boy Wine Vinegar Red 12x500ml,BO500C12 CAN,11.16,.000028,.0000217,.0000284,28,21.7,28.4,1821,102,,6,17,- None -,Pantry,Specialty Vinegars,12,Private Label - FB,- None -,Yes,Yes,No,- None -,0,816,,,,370,,
- None -,3.5,OCOXVPEP-CA,1178,Colavita EV Olive Oil PEPPER 6x250ml (Timeless),Colavita Italy_Oil,Active,0,0,0,0,0,200,200,1056,1056,1056,1056,1056,1056,0,,,,,- None -,,- None -,- None -,3000,g,.005397855,1056,Admin Portal,Colavita,"Oil, Vinegars and Cooking Wine",679,COLPOM Colavita Spa,Salerno,Colavita EV Olive Oil Pepper 6x250ml (Timeless),CLPEPTM250C6CAN,13.20,.0000201,.0000205,.0000131,20.1,20.5,13.1,730,287,,7,41,- None -,Pantry,Infused Oils,6,Retail,10039153100142,Yes,Yes,Yes,- None -,0,730,,200,,340,,
- None -,3.5,FPIP254-CA,3649,R.M. Artichokes Grilled 12x580g,Colavita Italy_Other,Active,0,0,0,0,0,,,56,56,56,56,56,56,0,121,121,4/30/2026,,- None -,121,- None -,- None -,10260,g,.014665112,52,Admin Portal,Regina Molisana,Condiments and Toppings,679,COLPOM Colavita Spa,Salerno,R.M. Artichokes Grilled 12x580g,MCG31VT500C12,39.00,.0000154,.0000266,.0000358,15.4,26.6,35.8,730,110,,10,11,- None -,Pantry,Pickles and Antipasto,12,Retail,10779921380092,Yes,Yes,No,- None -,0,524,4,,,120,,
- None -,3.5,VLONGOSBALS03-CA,3543,Longos Curato Balsamic Glaze 12x250ml,Colavita_PL Longos,Active - PL,0,0,0,0,0,,,,,,,,,0,,,,,- None -,384,- None -,- None -,9140,g,.007120224,,Admin Portal,Longos,"Oil, Vinegars and Cooking Wine",679,COLPOM Colavita Spa,Salerno,Longos Curato Balsamic Glaze 12x250ml,LNBALMSQ250C12USA,24.84,.0000201,.0000164,.0000216,20.1,16.4,21.6,1821,192,,6,32,- None -,Pantry,Balsamic Vinegar,12,Private Label - Longos,10772468023606,Yes,Yes,No,- None -,0,576,,,384,480,,
- None -,3.5,OCOXV.500L71TIMELESS-CA,7016,COL Premium ITALIAN EVOliveOil 6x500ml,Colavita Italy_Oil,Active,0,0,0,0,0,,,107,107,107,107,107,107,0,,,,,- None -,,- None -,- None -,7332,g,.009231376,107,Admin Portal,Colavita,"Oil, Vinegars and Cooking Wine",679,COLPOM Colavita Spa,Salerno,COL Premium ITALIAN EVOliveOil 6x500ml,CLEXITSTM500C6CAN,27.00,.0000254,.0000236,.0000154,25.4,23.6,15.4,547,180,120,6,30,- None -,Pantry,Olive Oils,6,Retail,10039153010212,Yes,Yes,No,- None -,0,2,,,,210,,
- None -,3.5,OCOXVPOR-CA,1179,Colavita EV Olive Oil PORTUGAL 6x750ml (Timeless),Colavita Italy_Oil,Do not Order,0,0,0,0,0,71,71,71,71,71,71,71,71,0,,,,,- None -,,- None -,- None -,7360,g,.013634232,71,Admin Portal,Colavita,"Oil, Vinegars and Cooking Wine",679,COLPOM Colavita Spa,Salerno,Colavita EV Olive Oil Portugal 6x750ml (Timeless),CLEXPTM750C6CAN,30.90,.0000268,.0000278,.0000183,26.8,27.8,18.3,730,120,120,6,20,- None -,Pantry,Olive Oils,6,Retail,10039153011523,Yes,No,Yes,- None -,0,751,,71,,270,,
- None -,3.5,OCOXV-6PK-CA,3662,R.M. Extra Virgin Olive Oil 6x1L,Colavita Italy_Oil,Active,0,0,0,0,0,,,3589,3589,3589,3589,3589,3589,0,,,,,- None -,,- None -,- None -,8160,g,.01776076,3586,Admin Portal,Regina Molisana,"Oil, Vinegars and Cooking Wine",679,COLPOM Colavita Spa,Salerno,R.M. Extra Virgin Olive Oil 6x1L,RMEXMST1000C6CAN,40.20,.0000251,.0000305,.0000232,25.1,30.5,23.2,547,100,,5,20,- None -,Pantry,Olive Oils,6,Retail,117799216010,Yes,Yes,Yes,- None -,0,2116.5,3,,,610,,
- None -,3.5,VLONGOSBALS05-CA,3546,Longos Curato Balsamic Vinegar Silver 12x250ml,Colavita_PL Longos,Active - PL,0,0,0,0,0,,,4,4,4,4,4,4,0,,,,,- None -,,- None -,- None -,6200,g,.006435072,4,Admin Portal,Longos,"Oil, Vinegars and Cooking Wine",679,COLPOM Colavita Spa,Salerno,Longos Curato Balsamic Vinegar Silver 12x250ml,LNBALMBL250C12USA,31.92,.0000228,.0000144,.0000196,22.8,14.4,19.6,1821,100,,2,50,- None -,Pantry,Balsamic Vinegar,12,Private Label - Longos,10772468023590,Yes,Yes,No,- None -,0,700,,,,330,,
- None -,3.5,OCOXVSEWC-CA,7203,Colavita EV Olive Oil The 2026 Soccer Special Edition 6x500ml,Colavita_Special,Active,0,0,0,0,0,,,252,252,252,252,252,252,0,8076,714,4/23/2026,,- None -,9920,- None -,- None -,7500,g,.015329144,252,Admin Portal,Colavita,"Oil, Vinegars and Cooking Wine",679,COLPOM Colavita Spa,Salerno,Colavita EV Olive Oil The 2026 Soccer Special Edition 6x500ml,CLEXEU WC500C6 CAN,35.70,.0000188,.00003455,.0000236,18.8,34.55,23.6,540,84,,7,12,- None -,Pantry,Olive Oils,6,Retail,10039153432328,Yes,Yes,No,- None -,0,,,,,84,,
- None -,3.5,OCOXVLEM-CA,1175,Colavita EV Olive Oil Lemon 6x250ml (Timeless),Colavita Italy_Oil,Active,0,0,0,0,0,51,51,51,51,51,51,51,51,0,,,,,- None -,,- None -,- None -,3090,g,.006573696,51,Admin Portal,Colavita,"Oil, Vinegars and Cooking Wine",679,COLPOM Colavita Spa,Salerno,Colavita EV Olive Oil Lemon 6x250ml (Timeless),CLLIMTM250C6CAN,13.20,.0000204,.0000212,.0000152,20.4,21.2,15.2,730,238,,7,34,- None -,Pantry,Infused Oils,6,Retail,10039153100258,Yes,Yes,Yes,- None -,0,430,,51,,160,,
- None -,3.5,OCOXV.1L147TIMELESS-CA,7017,COL Premium ITALIAN EVOliveOil 6x1lT,Colavita Italy_Oil,Active,0,0,0,0,0,,,25,25,25,25,25,25,0,,,,,- None -,,- None -,- None -,7332,g,.01668,25,Admin Portal,Colavita,"Oil, Vinegars and Cooking Wine",679,COLPOM Colavita Spa,Salerno,COL Premium ITALIAN EVOliveOil 6x1lt,CLEXITSTM1000C6CAN,50.70,.0000278,.00003,.00002,27.8,30,20,546,96,120,6,16,- None -,Pantry,Olive Oils,6,Retail,10039153011417,Yes,Yes,No,- None -,0,4,,,,110,,
Do Not Reorder - Sell through/Make Inactive,3.5,OCOSPRGRA-CA,6557,Colavita SPRAY GRAPESEED Oil 6x148ml,Colavita Italy_Oil,Active - Not Sellable,0,0,0,0,0,,,46,46,46,46,46,46,0,,,,,- None -,,- None -,- None -,1290,g,.0038502,,Admin Portal,Colavita,"Oil, Vinegars and Cooking Wine",679,COLPOM Colavita Spa,Salerno,Colavita Spray Grapeseed Oil 6x148ml,CLVISR148C6CAN,12.00,.000023,.0000155,.0000108,23,15.5,10.8,,240,,4,60,- None -,Pantry,Nut and Seed Oils,6,Retail,10039153431031,No,No,No,- None -,0,59,,,,1,,
- None -,3.5,VLONGONSWHI01-CA,3552,Longos Curato White Wine Vinegar 12x500ml,Colavita_PL Longos,Active - PL,0,0,0,0,0,,,,,,,,,0,,,,,- None -,,- None -,- None -,12300,g,.01748331,,Admin Portal,Longos,"Oil, Vinegars and Cooking Wine",679,COLPOM Colavita Spa,Salerno,Longos Curato White Wine Vinegar 12x500ml,LNVINBVE500C12USA,11.40,.000027,.0000221,.0000293,27,22.1,29.3,1095,102,,6,17,- None -,Pantry,Specialty Vinegars,12,Private Label - Longos,- None -,Yes,Yes,No,- None -,0,1530,,,,770,,
- None -,3.5,OCOAVOCA-CA,6883,Colavita Avocado Oil 6x750ml (Timeless),Colavita Italy_Oil,Do not Order,0,0,0,0,0,,,160,160,160,160,160,160,0,,,,,- None -,,- None -,- None -,7360,g,.0135135,,Admin Portal,Colavita,"Oil, Vinegars and Cooking Wine",679,COLPOM Colavita Spa,Salerno,Colavita Avocado Oil 6x750ml (Timeless),CLAVTM750C6CAN,49.80,.000027,.0000275,.0000182,27,27.5,18.2,730,120,120,6,20,- None -,Pantry,Specialty Oils,6,Retail,10039153431833,Yes,No,No,- None -,0,60,160,,1,420,,
- None -,3.5,OCOXV.75L22TIMELESS-CA,1163,Colavita Premium Italian  EV Olive Oil 6x750ml (Timeless),Colavita Italy_Oil,Active,0,0,0,0,0,,,205,205,205,205,205,205,0,,,,,- None -,,- None -,- None -,7332,g,.01383726,111,Admin Portal,Colavita,"Oil, Vinegars and Cooking Wine",679,COLPOM Colavita Spa,Salerno,Colavita Premium Italian  EV Olive Oil 6x750ml (Timeless),CLEXEUCTM750C6CAN,30.30,.0000271,.0000276,.0000185,27.1,27.6,18.5,546,120,120,6,20,- None -,Pantry,Olive Oils,6,Retail,10039153010106,Yes,Yes,No,- None -,0,1245,94,,,230,,
Do Not Reorder - Sell through/Make Inactive,3.5,OCOXVCERAMIC-CA,1170,Colavita EV Olive Oil Premium Italian 6x250ml (Ceramic Jar),Colavita Italy_Oil,Active,0,0,0,0,0,,,9,9,9,9,9,9,0,,,,,- None -,,- None -,- None -,3596,g,.0091377,9,Admin Portal,Colavita,"Oil, Vinegars and Cooking Wine",679,COLPOM Colavita Spa,Salerno,Colavita EV Olive Oil Premium Italian 6x250ml (Ceramic Jar),CLEXITTRISOL250C6USA,30.90,.0000165,.0000284,.0000195,16.5,28.4,19.5,,155,,5,31,- None -,Pantry,Olive Oils,6,Retail,10039153100388,Yes,Yes,No,- None -,0,15,,,9,100,,
DEVIATION LABELING AND REPACKING,3.5,OCOSPRORG-CA,6553,Colavita Spray EV Olive Oil Organic 6x148ml,Colavita Italy_Oil,Label,0,0,0,0,0,,,89,89,89,89,89,89,0,,,,,- None -,,- None -,- None -,1270,g,.0038502,89,Admin Portal,Colavita,"Oil, Vinegars and Cooking Wine",679,COLPOM Colavita Spa,Salerno,Colavita Spray EV Olive Oil Organic 6x148ml,CLEXBIMEUSR148C6CAN ,12.60,.000023,.0000155,.0000108,23,15.5,10.8,365,240,,4,60,- None -,Pantry,Olive Oils,6,Retail,10039153431024,Yes,Yes,No,- None -,0,161,,,,1,,
- None -,3.5,VIRASW-CA,6149,Colavita Raspberry Wine Vinegar 12x500ml,Colavita_Vinegar,Active,0,0,0,0,0,,,89,89,89,89,89,89,0,,,,,- None -,,- None -,- None -,10640,g,.021645,89,Admin Portal,Colavita,"Oil, Vinegars and Cooking Wine",679,COLPOM Colavita Spa,Salerno,Colavita Raspberry Wine Vinegar 12x500ml,CLVIRATM500C12CAN,15.60,.000025,.0000234,.000037,25,23.4,37,1095,102,,6,17,- None -,Pantry,Specialty Vinegars,12,Retail,10039153413150,Yes,Yes,No,- None -,0,143,,,,110,,
- None -,3.5,VIBA.5-CA,1184,Colavita Balsamic Vinegar of Modena 12x500ml,Colavita_Vinegar,Active,0,0,0,0,0,,,1012,1012,1012,1012,1012,1012,0,952,952,5/6/2026,,- None -,952,- None -,- None -,11080,g,.0176784,994,Admin Portal,Colavita,"Oil, Vinegars and Cooking Wine",679,COLPOM Colavita Spa,Salerno,Colavita Balsamic Vinegar of Modena 12x500ml,CLBALMTM500C12CAN,15.12,.0000254,.00003,.0000232,25.4,30,23.2,1825,102,,6,17,- None -,Pantry,Balsamic Vinegar,12,Retail,10039153413006,Yes,Yes,Yes,- None -,0,8582,18,,,595,,
- None -,3.5,OCOXV1TIMELESS-CA,1166,Colavita Extra Virgin Olive Oil 6x1L (Timeless),Colavita Italy_Oil,Active,0,0,0,0,0,,,15222,15222,15222,15222,15222,15222,0,2139,2131,4/23/2026,,- None -,2139,- None -,- None -,9330,g,.018538764,13436,Admin Portal,Colavita,"Oil, Vinegars and Cooking Wine",679,COLPOM Colavita Spa,Salerno,Colavita Extra Virgin Olive Oil 6x1L (Timeless),CLEXEUCTM1000C6CAN,39.90,.0000283,.0000212,.0000309,28.3,21.2,30.9,546,96,96,6,16,- None -,Pantry,Olive Oils,6,Retail,10039153010007,Yes,Yes,Yes,- None -,0,51150,1786,,120,2400,,
- None -,3.5,OCOXV.10L56BB-CA,6860,Colavita Pure Olive Oil Bag In Box 1x10L,Colavita USA_Oil,Active,0,0,0,0,0,,,1183,1183,1183,1183,1183,1183,0,896,896,5/20/2026,,- None -,11000,- None -,- None -,9400,g,.014329575,763,Admin Portal,Colavita,"Oil, Vinegars and Cooking Wine",679,COLPOM Colavita Spa,Salerno,Colavita Pure Olive Oil Bag In Box 1x10L,CLOL BG10LC1 CAN,42.00,.0000325,.0000207,.0000213,32.5,20.7,21.3,546,72,,3,24,- None -,Pantry,Olive Oils,1,Retail,039153431850,Yes,Yes,No,- None -,0,15762,420,,,2960,,
- None -,3.5,VLONGOSBALS02-CA,3551,Longos Curato White Vinegar of Modena 6x250ml,Colavita_PL Longos,Active - PL,0,0,0,0,0,,,,,,,,,0,,,,,- None -,,- None -,- None -,3200,g,.00093775,,Admin Portal,Longos,"Oil, Vinegars and Cooking Wine",679,COLPOM Colavita Spa,Salerno,Longos Curato White Vinegar of Modena 6x250ml,LNBALMBRG250C6USA,16.14,.0000155,.000011,.0000055,15.5,11,5.5,1821,259,,7,37,- None -,Pantry,Balsamic Vinegar,6,Private Label - Longos,10772468023620,Yes,Yes,No,- None -,0,,,,,760,,
- None -,3.5,OCOXV3T-CA,1167,Colavita Extra Virgin Olive Oil 4x3L (Tin),Colavita Italy_Oil,Active,0,0,0,0,0,,,29,29,29,29,29,29,0,90,90,5/20/2026,,- None -,180,- None -,- None -,12330,g,.01595724,29,Admin Portal,Colavita,"Oil, Vinegars and Cooking Wine",679,COLPOM Colavita Spa,Salerno,Colavita Extra Virgin Olive Oil 4x3L (Tin),CLEXEUCLA3000C4CAN,77.80,.0000265,.0000312,.0000193,26.5,31.2,19.3,546,90,,5,18,- None -,Pantry,Olive Oils,4,Retail,10039153010014,Yes,Yes,Yes,- None -,0,1341,,,,230,,
- None -,3.5,VLONGOSBALS01-CA,3544,Longos Curato Balsamic Vinegar 12x500ml,Colavita_PL Longos,Active - PL,0,0,0,0,0,,,,,,,,,0,,,,,- None -,,- None -,- None -,23540,g,.001247382,,Admin Portal,Longos,"Oil, Vinegars and Cooking Wine",679,COLPOM Colavita Spa,Salerno,Longos Curato Balsamic Vinegar 12x500ml,LNBALMGR500C12USA,15.00,.0000262,.0000069,.0000069,26.2,6.9,6.9,1821,102,,6,17,- None -,Pantry,Balsamic Vinegar,12,Private Label - Longos,10772468023583,Yes,Yes,No,- None -,0,714,,,,410,,
- None -,3.5,SACOLPASS-CA,7201,Colavita Passata 6x680ml,Colavita Italy_Other,Active,0,0,0,0,0,,,1927,1927,1927,1927,1927,1927,0,,,,,- None -,,- None -,- None -,6320,g,,1927,Admin Portal,Colavita,Canned and Jarred,679,COLPOM Colavita Spa,Salerno,Colavita Passata 6x680ml,CLPOPAS BP700V6 CAN,4.32,,,,,,,1095,174,,6,29,- None -,Pantry,Tomatoes and Paste,6,Retail,- None -,Yes,Yes,No,- None -,0,,,,,3830,,
- None -,3.5,VLONGOSRED01-CA,3547,Longos Curato Red Wine Vinegar 12x500ml,Colavita_PL Longos,Active - PL,0,0,0,0,0,,,,,,,,,0,,,,,- None -,,- None -,- None -,12300,g,.01748331,,Admin Portal,Longos,"Oil, Vinegars and Cooking Wine",679,COLPOM Colavita Spa,Salerno,Longos Curato Red Wine Vinegar 12x500ml,LNVINRVE500C12USA,11.40,.000027,.0000221,.0000293,27,22.1,29.3,1095,100,,2,50,- None -,Pantry,Specialty Vinegars,12,Private Label - Longos,- None -,Yes,Yes,No,- None -,0,1734,,,,870,,
DEVIATION LABELING AND REPACKING,3.5,OCOSPRGAR-CA,6555,Colavita SPRAY EV Olive Oil GARLIC 6x148ml,Colavita Italy_Oil,Label,0,0,0,0,0,,,47,47,47,47,47,47,0,,,,,- None -,,- None -,- None -,1270,g,.0038502,47,Admin Portal,Colavita,"Oil, Vinegars and Cooking Wine",679,COLPOM Colavita Spa,Salerno,Colavita Spray EV Olive Oil Garlic 6x148ml,CLAGLSR148C6CAN ,12.60,.000023,.0000155,.0000108,23,15.5,10.8,365,240,,4,60,- None -,Pantry,Infused Oils,6,Retail,10039153430089,Yes,Yes,No,- None -,0,139,,,,1,,
- None -,3.5,OCOXV.5-6pk-CA,6482,Colavita Extra Virgin Olive Oil 6x500ml (Timeless),Colavita Italy_Oil,Active,0,0,0,0,0,,,3933,3933,3933,3933,3933,3933,0,,,,,- None -,,- None -,- None -,5050,g,.009183232,3929,Admin Portal,Colavita,"Oil, Vinegars and Cooking Wine",679,COLPOM Colavita Spa,Salerno,Colavita Extra Virgin Olive Oil 6x500ml (Timeless),CLEXEUCTM500C6CAN,21.30,.0000256,.0000236,.0000152,25.6,23.6,15.2,546,180,180,6,30,- None -,Pantry,Olive Oils,6,Retail,18001876120020,Yes,Yes,Yes,- None -,0,5583,4,,,1365,,
- None -,3.5,OCOXVBAS-CA,1168,Colavita EV Olive Oil Basil 6x250ml (Timeless),Colavita Italy_Oil,Active,0,0,0,0,0,80,80,148,148,148,148,148,148,0,,,,,- None -,,- None -,- None -,3090,g,.006573696,148,Admin Portal,Colavita,"Oil, Vinegars and Cooking Wine",679,COLPOM Colavita Spa,Salerno,Colavita EV Olive Oil Basil 6x250ml (Timeless),CLBASTM250C6CAN,13.20,.0000204,.0000212,.0000152,20.4,21.2,15.2,730,238,,7,34,- None -,Pantry,Infused Oils,6,Retail,10039153100265,Yes,Yes,Yes,- None -,0,299,,80,,200,,
- None -,3.5,OCOXVGRE01-CA,1174,Colavita EV Olive Oil GREEK 6x750ml (Timeless),Colavita Italy_Oil,Active,0,0,0,0,0,34,34,58,58,58,58,58,58,0,980,140,4/23/2026,,- None -,980,- None -,- None -,7380,g,.013462176,58,Admin Portal,Colavita,"Oil, Vinegars and Cooking Wine",679,COLPOM Colavita Spa,Salerno,Colavita EV Olive Oil Greek 6x750ml (Timeless),CLEXGTM750C6CAN,33.60,.0000268,.0000276,.0000182,26.8,27.6,18.2,546,140,120,7,20,- None -,Pantry,Olive Oils,6,Retail,10039153100869,Yes,Yes,Yes,- None -,0,5344,,34,2,700,,
- None -,3.5,OOIL011-CA,7117,O California Premium EVOO  (Plastic Squeeze Bottle) 6x500ml,Colavita USA_Oil,Active,0,0,0,0,0,,,21,21,21,21,21,21,0,,,,,- None -,,- None -,- None -,3130,g,.007960702897,21,Admin Portal,O,"Oil, Vinegars and Cooking Wine",1644,COLUSA Colavita USA,USA,O California Premium EVOO  (Plastic Squeeze Bottle) 6x500ml,CA011CAN,43.86,.00002261,.00001549,.00002273,22.61,15.49,22.73,547,224,,7,32,- None -,Pantry,Infused Oils,6,Retail,30634039000925,Yes,Yes,No,- None -,0,0,,,,129,,
- None -,3.5,VIPW.5LT-CA,7319,Colavita Wine Vinegar Prosecco 2x5L,Colavita USA_Vinegar,Active,0,0,0,0,0,,,,,,,,,0,,,,,- None -,,- None -,- None -,10659,g,.0184698598344,,Admin Portal,Colavita,"Oil, Vinegars and Cooking Wine",1644,COLUSA Colavita USA,USA,Colavita Wine Vinegar Prosecco 2x5L,V62,28.57,.00003302,.000017272,.000032385,33.02,17.272,32.385,,105,,5,21,- None -,Pantry,Specialty Vinegars,2,Retail,10039153413693,Yes,Yes,No,- None -,0,,,,20,,,
- None -,3.5,OOIL105-CA,6797,O Pomegranate Champagne Vinegar 6x300ml,Colavita USA_Vinegar,Active,0,0,0,0,0,,,120,120,120,120,120,120,0,,,,,- None -,,- None -,- None -,3770,g,.005628928,120,Admin Portal,O,"Oil, Vinegars and Cooking Wine",1644,COLUSA Colavita USA,USA,O Pomegranate Champagne Vinegar 6x300ml,CA105CAN,22.56,.0000239,.0000184,.0000128,23.9,18.4,12.8,1821,250,,5,50,- None -,Pantry,Specialty Vinegars,6,Retail,40634039350478,Yes,Yes,Yes,- None -,0,301,,,,129,,
- None -,3.5,OOIL121-CA,6799,O California Fig Balsamic Vinegar 6x300ml,Colavita USA_Vinegar,Active,0,0,0,0,0,,,808,808,808,808,808,808,0,,,,,- None -,,- None -,- None -,3930,g,.005628928,808,Admin Portal,O,"Oil, Vinegars and Cooking Wine",1644,COLUSA Colavita USA,USA,O California Fig Balsamic Vinegar 6x300ml,CA121CAN,22.56,.0000239,.0000184,.0000128,23.9,18.4,12.8,1821,250,,5,50,- None -,Pantry,Balsamic Vinegar,6,Retail,40634039350218,Yes,Yes,Yes,- None -,0,386,,,,129,,
- None -,3.5,VIBGLAZEV332-CA,7132,Colavita Balsamic Glaze 2x32oz,Colavita USA_Vinegar,Active,0,0,0,0,0,,,66,66,66,66,66,66,0,,,,,- None -,,- None -,- None -,2494,g,.003582219928,66,Admin Portal,Colavita,"Oil, Vinegars and Cooking Wine",1644,COLUSA Colavita USA,USA,Colavita Balsamic Glaze 2x32oz,V33/2,10.00,.00002731,.00000826,.00001588,27.31,8.26,15.88,1821,370,,5,74,- None -,Pantry,Specialty Vinegars,2,Retail,- None -,Yes,Yes,No,- None -,0,0,,,,1,,
- None -,3.5,OOIL119-CA,6798,O California White Balsamic Vinegar 6x300ml,Colavita USA_Vinegar,Active,0,0,0,0,0,,,206,206,206,206,206,206,0,,,,,- None -,,- None -,- None -,3860,g,.005628928,206,Admin Portal,O,"Oil, Vinegars and Cooking Wine",1644,COLUSA Colavita USA,USA,O California White Balsamic Vinegar 6x300ml,CA119CAN,22.56,.0000239,.0000184,.0000128,23.9,18.4,12.8,1821,250,,5,50,- None -,Pantry,Balsamic Vinegar,6,Retail,40634039350188,Yes,Yes,No,- None -,0,564,,,,129,,
- None -,3.5,OOIL101-CA,6795,O Champagne Vinegar 6x300ml,Colavita USA_Vinegar,Active,0,0,0,0,0,,,446,446,446,446,446,446,0,,,,,- None -,,- None -,- None -,3710,g,.005628928,420,Admin Portal,O,"Oil, Vinegars and Cooking Wine",1644,COLUSA Colavita USA,USA,O Champagne Vinegar 6x300ml,CA101CAN,22.56,.0000239,.0000184,.0000128,23.9,18.4,12.8,1821,250,,5,50,- None -,Pantry,Specialty Vinegars,6,Retail,40634039350089,Yes,Yes,Yes,- None -,0,1847,26,,,129,,
- None -,3.5,OOIL102-CA,6796,O Citrus Champagne Vinegar 6x300ml,Colavita USA_Vinegar,Active,0,0,0,0,0,,,174,174,174,174,174,174,0,,,,,- None -,,- None -,- None -,3700,g,.005628928,174,Admin Portal,O,"Oil, Vinegars and Cooking Wine",1644,COLUSA Colavita USA,USA,O Citrus Champagne Vinegar 6x300ml,CA102CAN,23.97,.0000239,.0000184,.0000128,23.9,18.4,12.8,1821,250,,5,50,- None -,Pantry,Specialty Vinegars,6,Retail,40634039350119,Yes,Yes,Yes,- None -,0,353,,,,129,,
- None -,3.5,OOIL104-CA,6804,O Orange Blossom Champagne Vinegar 6x300ml,Colavita USA_Vinegar,Active,0,0,0,0,0,,,216,216,216,216,216,216,0,,,,,- None -,,- None -,- None -,3850,g,.005928,216,Admin Portal,O,"Oil, Vinegars and Cooking Wine",1644,COLUSA Colavita USA,USA,O Orange Blossom Champagne Vinegar 6x300ml,CA104CAN,22.56,.000024,.000013,.000019,24,13,19,1821,250,,5,50,- None -,Pantry,Specialty Vinegars,6,Retail,40634039350638,Yes,Yes,No,- None -,0,49,,,,129,,
- None -,3.5,FPCOL16-CA,1157,Colavita Hazelnut Whole Roasted 8x4.4lb,Colavita USA_Hazelnuts,Active - PL,0,0,0,0,0,,,,,,,,,0,,,,,- None -,,- None -,- None -,16780,g,.045758592,,Admin Portal,Colavita,Condiments and Toppings,1644,COLUSA Colavita USA,USA,Colavita Hazelnut Whole Roasted 8x4.4lb,FSAHW,247.44,.0000314,.0000276,.0000528,31.4,27.6,52.8,730,100,,2,50,- None -,Pantry,Pickles and Antipasto,8,Retail,- None -,Yes,Yes,No,- None -,0,21,,,,1,,
- None -,3.5,OOIL051-CA,6792,O Meyer Lemon Crushed Olive Oil 6x250ml,Colavita USA_Oil,Active,0,0,0,0,0,,,161,161,161,161,161,161,0,,,,,- None -,,- None -,- None -,2980,g,.00446208,,Admin Portal,O,"Oil, Vinegars and Cooking Wine",1644,COLUSA Colavita USA,USA,O Meyer Lemon Crushed Olive Oil 6x250ml,CA051CAN,43.86,.000024,.0000166,.0000112,24,16.6,11.2,730,252,,4,63,- None -,Pantry,Infused Oils,6,Retail,40634039050019,Yes,Yes,Yes,- None -,0,50,32,,97,129,,
- None -,3.5,OOIL111-CA,6801,O Cabernet Wine Vinegar 6x300ml,Colavita USA_Vinegar,Active,0,0,0,0,0,,,185,185,185,185,185,185,0,,,,,- None -,,- None -,- None -,3770,g,.005628928,185,Admin Portal,O,"Oil, Vinegars and Cooking Wine",1644,COLUSA Colavita USA,USA,O Cabernet Wine Vinegar 6x300ml,CA111CAN,22.56,.0000239,.0000184,.0000128,23.9,18.4,12.8,1821,250,,5,50,- None -,Pantry,Specialty Vinegars,6,Retail,40634039350126,Yes,Yes,No,- None -,0,60,,,,129,,
- None -,3.5,OOIL117-CA,6803,O Yuzu Rice Vinegar 6x300ml,Colavita USA_Vinegar,Active,0,0,0,0,0,,,187,187,187,187,187,187,0,,,,,- None -,250,- None -,- None -,3710,g,.005628928,162,Admin Portal,O,"Oil, Vinegars and Cooking Wine",1644,COLUSA Colavita USA,USA,O Yuzu Rice Vinegar 6x300ml,CA117CAN,22.56,.0000239,.0000184,.0000128,23.9,18.4,12.8,1821,250,,5,50,- None -,Pantry,Specialty Vinegars,6,Retail,40634039350140,Yes,Yes,Yes,- None -,0,1696,25,,,129,,
- None -,3.5,OOIL113-CA,6802,O Sherry Wine Vinegar 6x300ml,Colavita USA_Vinegar,Active,0,0,0,0,0,,,41,41,41,41,41,41,0,,,,,- None -,,- None -,- None -,3770,g,.005628928,41,Admin Portal,O,"Oil, Vinegars and Cooking Wine",1644,COLUSA Colavita USA,USA,O Sherry Wine Vinegar 6x300ml,CA113CAN,22.56,.0000239,.0000184,.0000128,23.9,18.4,12.8,1821,250,,5,50,- None -,Pantry,Specialty Vinegars,6,Retail,40634039350058,Yes,Yes,No,- None -,0,182,,,,129,,
- None -,3.5,OCOXVCAL-CA,1169,Colavita EV Olive Oil California 6x750ml (Timeless),Colavita USA_Oil,Active,0,0,0,0,0,,,325,325,325,325,325,325,0,,,,,- None -,,- None -,- None -,7360,g,.0135135,325,Admin Portal,Colavita,"Oil, Vinegars and Cooking Wine",1644,COLUSA Colavita USA,USA,Colavita EV Olive Oil California 6x750ml (Timeless),L88,39.60,.000027,.0000275,.0000182,27,27.5,18.2,546,120,120,6,20,- None -,Pantry,Olive Oils,6,Retail,10039153100883,Yes,Yes,Yes,- None -,0,715,,,,1,,
- None -,3.5,OCOXV.10CAN-CA,1059,Colavita Oil Canola (80) / EV Olive (20) 1x10L (Bag in Box),Colavita USA_Oil,Active,0,0,0,0,0,,,584,584,584,584,584,584,0,,,,,- None -,320,- None -,- None -,8982,g,.012616128,584,Admin Portal,Colavita,"Oil, Vinegars and Cooking Wine",1644,COLUSA Colavita USA,USA,- None -,L58BB,26.00,.0000168,.0000252,.0000298,16.8,25.2,29.8,546,64,,4,16,- None -,Pantry,Vegetable Oils,,Retail,039153431881,Yes,Yes,Yes,- None -,0,1553,,,,129,,
- None -,3.5,OOIL052-CA,6793,O Blood Orange Crushed Olive Oil 6x250ml,Colavita USA_Oil,Active,0,0,0,0,0,,,165,165,165,165,165,165,0,,,,,- None -,,- None -,- None -,2980,g,.00446208,,Admin Portal,O,"Oil, Vinegars and Cooking Wine",1644,COLUSA Colavita USA,USA,O Blood Orange Crushed Olive Oil 6x250ml,CA052CAN,43.89,.000024,.0000166,.0000112,24,16.6,11.2,730,252,,4,63,- None -,Pantry,Infused Oils,6,Retail,40634039050026,Yes,Yes,Yes,- None -,0,67,36,,93,129,,
Do Not Reorder - Sell through/Make Inactive,3.5,VIBAGLAZEV72-CA,6885,Colavita Balsamic Glaze 6x250ml (Plastic),Colavita_Vinegar,Do not Order,0,0,0,0,0,,,36,36,36,36,36,36,0,,,,,- None -,,- None -,- None -,2040,g,.003432,34,Admin Portal,Colavita,"Oil, Vinegars and Cooking Wine",1644,COLUSA Colavita USA,USA,Colavita Balsamic Glaze 6x250ml (Plastic),V33/6,10.27,.0000195,.000011,.000016,19.5,11,16,,126,,7,18,- None -,Pantry,Balsamic Vinegar,6,Retail,10039153413976,Yes,No,No,- None -,0,,2,,,,,
Do Not Reorder - Sell through/Make Inactive,3.5,VIBAV24-CA,4200,Colavita Balsamic Aged Vinegar IGP 6x250ml,Colavita_Vinegar,Do not Order,0,0,0,0,0,,,54,54,54,54,54,54,0,,,,,- None -,,- None -,- None -,,- None -,,54,Admin Portal,Colavita,"Oil, Vinegars and Cooking Wine",1644,COLUSA Colavita USA,USA,Colavita Balsamic Aged Vinegar IGP 6x250ml,V24,26.79,,,,,,,1821,126,,7,18,- None -,Pantry,Balsamic Vinegar,6,Retail,10391534133751,Yes,No,No,- None -,0,,,,,1,,
- None -,3.5,OOIL053-CA,6794,O Roasted Garlic Crushed Olive Oil 6x250ml,Colavita USA_Oil,Active,0,0,0,0,0,,,36,36,36,36,36,36,0,,,,,- None -,,- None -,- None -,3010,g,.004731,36,Admin Portal,O,"Oil, Vinegars and Cooking Wine",1644,COLUSA Colavita USA,USA,O Roasted Garlic Crushed Olive Oil 6x250ml,CA053CAN,43.89,.000025,.0000166,.0000114,25,16.6,11.4,730,252,,4,63,- None -,Pantry,Infused Oils,6,Retail,40634039050163,Yes,Yes,Yes,- None -,0,67,,,,129,,
- None -,3.5,OOIL122-CA,6800,O California Balsamic Vinegar 6x300ml,Colavita USA_Vinegar,Active,0,0,0,0,0,,,306,306,306,306,306,306,0,,,,,- None -,,- None -,- None -,3880,g,.005628928,306,Admin Portal,O,"Oil, Vinegars and Cooking Wine",1644,COLUSA Colavita USA,USA,O California Balsamic Vinegar 6x300ml,CA122CAN,22.56,.0000239,.0000184,.0000128,23.9,18.4,12.8,1821,250,,5,50,- None -,Pantry,Balsamic Vinegar,6,Retail,40634039350133,Yes,Yes,No,- None -,0,17,,,,129,,
- None -,3.5,FPCOL15-CA,1156,Colavita Hazelnut Chopped Roasted 8x4.4lb,Colavita USA_Hazelnuts,Active - PL,0,0,0,0,0,,,,,,,,,0,,,,,- None -,,- None -,- None -,16330,g,.045758592,,Admin Portal,Colavita,Condiments and Toppings,1644,COLUSA Colavita USA,USA,Colavita Hazelnut Chopped Roasted 8x4.4lb,FSAHN,220.48,.0000314,.0000276,.0000528,31.4,27.6,52.8,730,100,,2,50,- None -,Pantry,Pickles and Antipasto,8,Retail,- None -,Yes,Yes,No,- None -,0,21,,,,1,,
- None -,3.5,SARM500-8PK-CA,6806,R.M. Passata 8x500ml (Tetra),Casalasco_Tomato Sauce,Active,0,0,0,0,0,,,161,161,161,161,161,161,0,,,,,- None -,57,- None -,- None -,4380,g,.0044548,161,Admin Portal,Regina Molisana,Canned and Jarred,688,CONSERVE ITALIA Conserve Italia,Livorno,R.M. Passata 8x500ml (Tetra),20053382,4.152,.000014,.0000172,.0000185,14,17.2,18.5,730,210,,7,30,- None -,Pantry,Pasta and Pasta Sauce,8,Retail,40779921800782,Yes,Yes,Yes,- None -,0,4655,,,57,4166,,
Do Not Reorder - Sell through/Make Inactive,3.5,SACIR41540-CA,3376,Cirio Arrabbiata Spicy Pasta Sauce 12x400ml,Conserve Italia - Cirio,Do not Order,0,0,0,0,0,,,181,181,181,181,181,181,0,,,,,- None -,,- None -,- None -,8010,g,.01027402,180,Admin Portal,Cirio,Canned and Jarred,688,CONSERVE ITALIA Conserve Italia,Livorno,Cirio Arrabbiata Spicy Pasta Sauce 12x400ml,41540,9.96,.0000146,.000031,.0000227,14.6,31,22.7,1095,120,,8,15,- None -,Pantry,Pasta and Pasta Sauce,12,Retail,00822356000578,Yes,No,No,- None -,0,476,1,,,200,,
Do Not Reorder - Sell through/Make Inactive,3.5,SACIR41541-CA,3377,Cirio Basilico Pasta Sauce With Basil 12x400ml,Conserve Italia - Cirio,Do not Order,0,0,0,0,0,,,538,538,538,538,538,538,0,,,,,- None -,,- None -,- None -,7930,g,.01027402,536,Admin Portal,Cirio,Canned and Jarred,688,CONSERVE ITALIA Conserve Italia,Livorno,Cirio Basilico Pasta Sauce With Basil 12x400ml,41541,9.96,.0000146,.000031,.0000227,14.6,31,22.7,1095,160,,8,20,- None -,Pantry,Pasta and Pasta Sauce,12,Retail,00822356000585,Yes,No,No,- None -,0,1197,2,,,270,,
Do Not Reorder - Sell through/Make Inactive,3.5,SACIR38338-CA,3385,Cirio Cuor Di Pelato 2x5Kg,Conserve Italia - Cirio,Do not Order,0,0,0,0,0,,,92,92,92,92,92,92,0,,,,,- None -,,- None -,- None -,10670,g,.016408672,92,Admin Portal,Cirio,Canned and Jarred,688,CONSERVE ITALIA Conserve Italia,Livorno,Cirio Cuor Di Pelato 2x5Kg,38338,11.80,.0000278,.0000272,.0000217,27.8,27.2,21.7,1095,90,,5,18,- None -,Food Service,Tomatoes and Paste,2,Retail,08001440312991,Yes,No,No,- None -,0,554,,,,160,,
Do Not Reorder - Sell through/Make Inactive,3.5,SACIR41542-CA,3388,Cirio Napoletana Original Pasta Sauce 12x400ml,Conserve Italia - Cirio,Do not Order,0,0,0,0,0,,,116,116,116,116,116,116,0,,,,,- None -,,- None -,- None -,7970,g,.01027402,115,Admin Portal,Cirio,Canned and Jarred,688,CONSERVE ITALIA Conserve Italia,Livorno,Cirio Napoletana Original Pasta Sauce 12x400ml,41542,9.96,.0000146,.000031,.0000227,14.6,31,22.7,1095,135,,9,15,- None -,Pantry,Pasta and Pasta Sauce,12,Retail,00822356000592,Yes,No,No,- None -,0,399,1,,,140,,
Do Not Reorder - Sell through/Make Inactive,3.5,SACIR41548-CA,3390,Cirio Pelati Whole Peeled Plum Tomatoes 12x796ml(Tin),Conserve Italia - Cirio,Do not Order,0,0,0,0,0,,,30,30,30,30,30,30,0,,,,,- None -,,- None -,- None -,11000,g,.01488095,30,Admin Portal,Cirio,Canned and Jarred,688,CONSERVE ITALIA Conserve Italia,Livorno,Cirio Pelati Whole Peeled Plum Tomatoes 12x796ml(Tin),41548,11.52,.0000119,.000041,.0000305,11.9,41,30.5,,88,,11,8,- None -,Pantry,Tomatoes and Paste,12,Retail,00822356000752,Yes,No,No,- None -,0,534,,,,160,,
- None -,3.5,BEDOR05-CA,3887,Vita Sana Nectars Pear 24x125ml (4x6Pack),Conserve Italia_Nectars,Active,0,0,0,0,0,,,4252,4252,4252,4252,4252,4252,0,,,,,- None -,,- None -,- None -,5580,g,.0072761,4231,Admin Portal,Vita Sana,Juice,12366,Conserve Italia USA Conserve Italia USA Corporation,Livorno,Vita Sana Nectars Pear 24x125ml (4x6Pack),41879,4.272,.000013,.000029,.0000193,13,29,19.3,1095,200,160,10,20,- None -,Drinks,Nectars,4,Retail,10779921901303,Yes,Yes,Yes,- None -,0,6908,21,,,1410,,
Do Not Reorder - Sell through/Make Inactive,3.5,SACIR31916-CA,3398,Cirio Rustica Passata 12x680ml,Conserve Italia - Cirio,Do not Order,0,0,0,0,0,100,100,100,100,100,100,100,100,0,,,,,- None -,,- None -,- None -,12540,g,.01693692,100,Admin Portal,Cirio,Canned and Jarred,12366,Conserve Italia USA Conserve Italia USA Corporation,Livorno,Cirio Rustica Passata 12x680ml,31916,10.68,.0000231,.0000312,.0000235,23.1,31.2,23.5,,90,,6,15,- None -,Pantry,Pasta and Pasta Sauce,12,Retail,00822356000745,Yes,No,Yes,- None -,0,2549,,100,,400,,
- None -,3.5,BEDOR01-CA,3886,Vita Sana Nectars Peach 12x680ml,Conserve Italia_Nectars,Active,0,0,0,0,0,,,1167,1167,1167,1167,1167,1167,0,,,,,- None -,,- None -,- None -,12390,g,.0163889,1163,Admin Portal,Vita Sana,Juice,12366,Conserve Italia USA Conserve Italia USA Corporation,Livorno,Vita Sana Nectars Peach 12x680ml,47656,7.488,.000022,.0000317,.0000235,22,31.7,23.5,1095,90,72,6,15,- None -,Drinks,Nectars,12,Retail,10779921901105,Yes,Yes,Yes,- None -,0,2496,4,,,400,,
- None -,3.5,BEDOR02-CA,3888,Vita Sana Nectars Pear 12x680ml,Conserve Italia_Nectars,Active,0,0,0,0,0,,,3909,3909,3909,3909,3909,3909,0,,,,,- None -,,- None -,- None -,12480,g,.0163889,3905,Admin Portal,Vita Sana,Juice,12366,Conserve Italia USA Conserve Italia USA Corporation,Livorno,Vita Sana Nectars Pear 12x680ml,0190 047659,7.488,.000022,.0000317,.0000235,22,31.7,23.5,1095,90,72,6,15,- None -,Drinks,Nectars,12,Retail,10779921901006,Yes,Yes,Yes,- None -,0,4694,4,,,890,,
Do Not Reorder - Sell through/Make Inactive,3.5,SACIR39788-CA,3389,Cirio Passata Strained Tomatoes 12x680ml,Conserve Italia - Cirio,Do not Order,0,0,0,0,0,89,89,89,89,89,89,89,89,0,,,,,- None -,,- None -,- None -,12550,g,.016640008,89,Admin Portal,Cirio,Canned and Jarred,12366,Conserve Italia USA Conserve Italia USA Corporation,Livorno,Cirio Passata Strained Tomatoes 12x680ml,39788,9.56,.0000238,.0000308,.0000227,23.8,30.8,22.7,,90,,6,15,- None -,Pantry,Pasta and Pasta Sauce,12,Retail,00822356000738,Yes,No,Yes,- None -,0,1505,,89,,310,,
- None -,3.5,BEDOR04-CA,3885,Vita Sana Nectars Peach 24x125ml (4x6Pack),Conserve Italia_Nectars,Active,0,0,0,0,0,,,5144,5144,5144,5144,5144,5144,0,,,,,- None -,,- None -,- None -,5630,g,.0072761,5141,Admin Portal,Vita Sana,Juice,12366,Conserve Italia USA Conserve Italia USA Corporation,Livorno,Vita Sana Nectars Peach 24x125ml (4x6Pack),41880,4.272,.000013,.000029,.0000193,13,29,19.3,1095,200,160,10,20,- None -,Drinks,Nectars,4,Retail,10779921901402,Yes,Yes,Yes,- None -,0,4729,3,,,1020,,
- None -,3.5,BEDOR03-CA,3883,Vita Sana Nectars Apricot 12x680ml,Conserve Italia_Nectars,Active,0,0,0,0,0,,,510,510,510,510,510,510,0,,,,,- None -,,- None -,- None -,12400,g,.0163889,510,Admin Portal,Vita Sana,Juice,12366,Conserve Italia USA Conserve Italia USA Corporation,Livorno,Vita Sana Nectars Apricot 12x680ml,47658,8.34,.000022,.0000317,.0000235,22,31.7,23.5,1095,90,72,6,15,- None -,Drinks,Nectars,12,Retail,10779921901204,Yes,Yes,Yes,- None -,0,1059,,,,250,,
- None -,3.5,SARM720-BAS-CA,3692,R.M. Pomodoro and Basilico 12x680ml,Conserve Italia_Tomato Sauce,Active,0,0,0,0,0,,,4117,4117,4117,4117,4117,4117,0,,,,,- None -,,- None -,- None -,12830,g,.01618832,4109,Admin Portal,Regina Molisana,Canned and Jarred,12366,Conserve Italia USA Conserve Italia USA Corporation,Livorno,R.M. Pomodoro & Basilico 12x680ml,44546,17.68,.0000166,.0000368,.0000265,16.6,36.8,26.5,1095,90,77,9,10,- None -,Pantry,Pasta and Pasta Sauce,12,Retail,10779921800705,Yes,Yes,Yes,- None -,0,5413,8,,,1280,,
- None -,3.5,SARM720-MAR-CA,3670,R.M. Marinara Sauce 12x680ml,Conserve Italia_Tomato Sauce,Active,0,0,0,0,0,,,5146,5146,5146,5146,5146,5146,0,,,,,- None -,,- None -,- None -,12710,g,.01618832,4971,Admin Portal,Regina Molisana,Canned and Jarred,12366,Conserve Italia USA Conserve Italia USA Corporation,Livorno,R.M. Marinara Sauce 12x680ml,44549,17.68,.0000166,.0000368,.0000265,16.6,36.8,26.5,1095,90,77,9,10,- None -,Pantry,Pasta and Pasta Sauce,12,Retail,10779921800200,Yes,Yes,Yes,- None -,0,5892,175,,94,1330,,
Do Not Reorder - Sell through/Make Inactive,3.5,SACIR41348-CA,3384,Cirio Crushed Cuor Pomodoro 2x5Kg,Conserve Italia - Cirio,Do not Order,0,0,0,0,0,,,1448,1448,1448,1448,1448,1448,0,,,,,- None -,,- None -,- None -,10610,g,.016408672,1446,Admin Portal,Cirio,Canned and Jarred,12366,Conserve Italia USA Conserve Italia USA Corporation,Livorno,Cirio Crushed Cuor Pomodoro 2x5Kg,41348,10.80,.0000278,.0000272,.0000217,27.8,27.2,21.7,1095,90,,5,18,- None -,Food Service,Tomatoes and Paste,2,Retail,08001440310423,Yes,No,Yes,- None -,0,4464,2,,,590,,
- None -,3.5,BAKGIOIA18-CA,3491,Gioia Safari Cookies 12x250g,Crich,Active,0,0,0,0,0,,,1188,1188,1188,1188,1188,1188,0,,,,,- None -,,- None -,- None -,2940,g,.025259382,1175,Admin Portal,Gioia,"Crackers, Cookies, Snacks",705,CRICH Crich - Bonta Quotidiane,Livorno,Gioia Safari Cookies 12x250g,7301,7.32,.0000222,.0000391,.0000291,22.2,39.1,29.1,365,70,,7,10,- None -,Pantry,Cookies,12,Retail,10779921100713,Yes,Yes,Yes,- None -,0,1445,13,,,600,,
- None -,3.5,BAKGIOIA03-CA,3487,Gioia Petite Beurre 12x500g,Crich,Active,0,0,0,0,0,,,1120,1120,1120,1120,1120,1120,0,1200,,,,- None -,1200,- None -,- None -,6800,g,.031760932,1097,Admin Portal,Gioia,"Crackers, Cookies, Snacks",705,CRICH Crich - Bonta Quotidiane,Livorno,Gioia Petite Beurre 12x500g,7300,10.92,.0000227,.0000526,.0000266,22.7,52.6,26.6,486,56,,7,8,- None -,Pantry,Cookies,12,Retail,10779921100706,Yes,Yes,Yes,- None -,0,4467,23,,,1200,,
- None -,3.5,VDODI07A-CA,3865,Vita Sana Balsamic Vinegar of Modena IGP 6x250ml,Denigris,Active,0,0,0,0,0,,,633,633,633,633,633,633,0,,,,,- None -,,- None -,- None -,4340,g,.00581256,629,Admin Portal,Vita Sana,"Oil, Vinegars and Cooking Wine",741,DENIGR Denigris,Salerno,Vita Sana Balsamic Vinegar of Modena IGP 6x250ml,ARTMOLISANA16,23.34,.0000195,.0000207,.0000144,19.5,20.7,14.4,1825,234,,6,39,- None -,Pantry,Balsamic Vinegar,6,Retail,10779921363316,Yes,Yes,Yes,- None -,0,246,4,,,936,,
- None -,3.5,VINWB01-CA,3696,R.M. White Vinegar of Modena 12x500ml,Denigris,Active,0,0,0,0,0,,,374,374,374,374,374,374,0,,,,,- None -,440,- None -,- None -,12190,g,.013951035,374,Admin Portal,Regina Molisana,"Oil, Vinegars and Cooking Wine",741,DENIGR Denigris,Salerno,R.M. White Vinegar of Modena 12x500ml,ARTMOLISANA07,25.68,.0000285,.0000259,.0000189,28.5,25.9,18.9,1825,110,,5,22,- None -,Pantry,Balsamic Vinegar,12,Retail,10779921363866,Yes,Yes,Yes,- None -,0,1718,,,,550,,
- None -,3.5,VDODI14-CA,3652,R.M. Balsamic Vinegar of Modena 12x500ml,Denigris,Active,0,0,0,0,0,1,1,1,1,1,1,1,1,0,440,440,4/30/2026,,- None -,440,- None -,- None -,12260,g,.013735575,1,Admin Portal,Regina Molisana,"Oil, Vinegars and Cooking Wine",741,DENIGR Denigris,Salerno,R.M. Balsamic Vinegar of Modena 12x500ml,ARTMOLISANA08,25.68,.0000285,.0000255,.0000189,28.5,25.5,18.9,1825,110,,5,22,- None -,Pantry,Balsamic Vinegar,12,Retail,10779921363859,Yes,Yes,Yes,- None -,0,355,,1,,550,,
- None -,3.5,PACM004A-CA,3898,Vita Sana Pasta Strozzapreti Tricolore 12x450g,Dibenedetto,Active,0,0,0,0,0,,,219,219,219,219,219,219,0,1,,,,- None -,101,- None -,- None -,5960,g,.02088261,217,Admin Portal,Vita Sana,Pasta,748,DIBENE Pastificio DiBenedetto,Salerno,Vita Sana Pasta Strozzapreti Tricolore 12x450g,T05.08,9.00,.000021,.0000261,.0000381,21,26.1,38.1,790,96,,8,12,- None -,Pantry,Artisanal Short Cuts,12,Retail,10779921600510,Yes,Yes,Yes,- None -,0,812,2,,,100,,
- None -,3.5,PACM001-CA,3896,Vita Sana Pasta Orecchiette 12x450g,Dibenedetto,Active,0,0,0,0,0,,,752,752,752,752,752,752,0,539,,,,- None -,1000,- None -,- None -,5930,g,.02088261,723,Admin Portal,Vita Sana,Pasta,748,DIBENE Pastificio DiBenedetto,Salerno,Vita Sana Pasta Orecchiette 12x450g,T01.04,8.40,.000021,.0000261,.0000381,21,26.1,38.1,790,96,,8,12,- None -,Pantry,Artisanal Short Cuts,12,Retail,10779921600107,Yes,Yes,Yes,- None -,0,2443,29,,,100,,
- None -,3.5,PACM001DR-CA,6144,David Rocco Pasta Orecchiette 12x400g,Dibenedetto,Active,0,0,0,0,0,50,50,179.5,179.5,179.5,179.5,179.5,179.5,0,1,,,,- None -,201,- None -,- None -,5950,g,.02088261,178.5,Admin Portal,David Rocco CIO,Pasta,748,DIBENE Pastificio DiBenedetto,Salerno,David Rocco Pasta Orecchiette 12x400g,T01.08,8.64,.000021,.0000261,.0000381,21,26.1,38.1,790,60,,5,12,- None -,Pantry,Artisanal Short Cuts,12,Retail,10779921600923,Yes,Yes,Yes,- None -,0,1356,1,50,,100,,
- None -,3.5,PACM003-CA,3894,Vita Sana Pasta Fusilli 12x450g,Dibenedetto,Active,0,0,0,0,0,,,622,622,622,622,622,622,0,337,,,,- None -,337,- None -,- None -,5990,g,.02088261,594,Admin Portal,Vita Sana,Pasta,748,DIBENE Pastificio DiBenedetto,Salerno,Vita Sana Pasta Fusilli 12x450g,T03.06,8.40,.000021,.0000261,.0000381,21,26.1,38.1,790,96,,8,12,- None -,Pantry,Artisanal Short Cuts,12,Retail,10779921600305,Yes,Yes,Yes,- None -,0,1871,28,,,100,,
- None -,3.5,PACM004DR-CA,6146,David Rocco Pasta Strozzapreti 12x400g,Dibenedetto,Active,0,0,0,0,0,,,200,200,200,200,200,200,0,178,,,,- None -,178,- None -,- None -,5310,g,.02088261,200,Admin Portal,David Rocco CIO,Pasta,748,DIBENE Pastificio DiBenedetto,Salerno,David Rocco Pasta Strozzapreti 12x400g,T05.07,8.64,.000021,.0000261,.0000381,21,26.1,38.1,790,60,,5,12,- None -,Pantry,Artisanal Short Cuts,12,Retail,10779921600930,Yes,Yes,Yes,- None -,0,1087,,,,100,,
- None -,3.5,PACM008-CA,3892,Vita Sana Pasta Foglie And Spinaci 12x450g,Dibenedetto,Active,0,0,0,0,0,,,65,65,65,65,65,65,0,113,,,,- None -,113,- None -,- None -,5990,g,.02088261,64,Admin Portal,Vita Sana,Pasta,748,DIBENE Pastificio DiBenedetto,Salerno,Vita Sana Pasta Foglie And Spinaci 12x450g,T10.07,9.00,.000021,.0000261,.0000381,21,26.1,38.1,790,96,72,8,12,- None -,Pantry,Artisanal Short Cuts,12,Retail,10779921600121,Yes,Yes,Yes,- None -,0,333,1,,,100,,
- None -,3.5,PACM006-CA,3895,Vita Sana Pasta Maccheroni 12x450g,Dibenedetto,Active,0,0,0,0,0,,,440,440,440,440,440,440,0,450,,,,- None -,450,- None -,- None -,5930,g,.02574558,436,Admin Portal,Vita Sana,Pasta,748,DIBENE Pastificio DiBenedetto,Salerno,Vita Sana Pasta Maccheroni 12x450g,T09.01,8.40,.0000278,.0000245,.0000378,27.8,24.5,37.8,790,72,,6,12,- None -,Pantry,Artisanal Short Cuts,12,Retail,10779921600145,Yes,Yes,Yes,- None -,0,1425,4,,,100,,
- None -,3.5,PACM004-CA,3897,Vita Sana Pasta Strozzapreti 12x450g,Dibenedetto,Active,0,0,0,0,0,,,470,470,470,470,470,470,0,345,,,,- None -,345,- None -,- None -,5980,g,.02088261,439,Admin Portal,Vita Sana,Pasta,748,DIBENE Pastificio DiBenedetto,Salerno,Vita Sana Pasta Strozzapreti 12x450g,T05.06,8.40,.000021,.0000261,.0000381,21,26.1,38.1,790,96,,8,12,- None -,Pantry,Artisanal Short Cuts,12,Retail,10779921600930,Yes,Yes,Yes,- None -,0,1650,31,,,100,,
- None -,3.5,PACM003DR-CA,6145,David Rocco Pasta Fusilli 12x400g,Dibenedetto,Active,0,0,0,0,0,,,215,215,215,215,215,215,0,151,,,,- None -,151,- None -,- None -,5370,g,.02088261,213,Admin Portal,David Rocco CIO,Pasta,748,DIBENE Pastificio DiBenedetto,Salerno,David Rocco Pasta Fusilli 12x400g,T03.10,8.64,.000021,.0000261,.0000381,21,26.1,38.1,790,60,,5,12,- None -,Pantry,Artisanal Short Cuts,12,Retail,10779921600916,Yes,Yes,Yes,- None -,0,1160,2,,,150,,
- None -,3.5,PACM002-CA,3890,Vita Sana Pasta Cavatelli 12x450g,Dibenedetto,Active,0,0,0,0,0,,,682,682,682,682,682,682,0,252,,,,- None -,252,- None -,- None -,5900,g,.0162975,677,Admin Portal,Vita Sana,Pasta,748,DIBENE Pastificio DiBenedetto,Salerno,Vita Sana Pasta Cavatelli 12x450g,T02.05,8.40,.0000164,.0000265,.0000375,16.4,26.5,37.5,790,120,,10,12,- None -,Pantry,Artisanal Short Cuts,12,Retail,10779921600701,Yes,Yes,Yes,- None -,0,2197,5,,,100,,
- None -,3.5,PACM005-CA,3891,Vita Sana Pasta Cavatoni 12x450g,Dibenedetto,Active,0,0,0,0,0,,,241,241,241,241,241,241,0,63,,,,- None -,63,- None -,- None -,5990,g,.02088261,238,Admin Portal,Vita Sana,Pasta,748,DIBENE Pastificio DiBenedetto,Salerno,Vita Sana Pasta Cavatoni 12x450g,T04.06,8.40,.000021,.0000261,.0000381,21,26.1,38.1,790,96,,8,12,- None -,Pantry,Artisanal Short Cuts,12,Retail,10779921600206,Yes,Yes,Yes,- None -,0,800,3,,,100,,
- None -,3.5,PACM014-CA,3899,Vita Sana Pasta Trofie 12x450g,Dibenedetto,Active,0,0,0,0,0,,,24,24,24,24,24,24,0,63,,,,- None -,63,- None -,- None -,5940,g,.02088261,24,Admin Portal,Vita Sana,Pasta,748,DIBENE Pastificio DiBenedetto,Salerno,Vita Sana Pasta Trofie 12x450g,T07.04,8.40,.000021,.0000261,.0000381,21,26.1,38.1,790,60,,5,12,- None -,Pantry,Artisanal Short Cuts,12,Retail,10779921600909,Yes,Yes,No,- None -,0,133,,,,100,,
- None -,3.5,PRM220-CA,4023,R.M. Lasagna Egg #220 12x500g,Fazion,Active,0,0,0,0,0,,,1586,1586,1586,1586,1586,1586,0,1920,1920,5/20/2026,,- None -,3840,- None -,- None -,6690,g,.01465893,1575,Admin Portal,Regina Molisana,Pasta,836,FAZION ALDINO Fazion Aldino S.r.l,Livorno,R.M. Lasagna Egg #220 12x500g,2508800201,15.30,.0000201,.000039,.0000187,20.1,39,18.7,730,96,75,8,12,- None -,Pantry,Specialty Cuts,12,Retail,10779921002208,Yes,Yes,Yes,- None -,0,6980,11,,,960,,
Do Not Reorder - Sell through/Make Inactive,3.5,FER33-CA,4428,Ferrarelle Sparkling Water 24x330ml,Ferrarelle,Do not Order,0,0,0,0,0,,,894,894,894,894,894,894,0,,,,,- None -,588,- None -,- None -,14420,g,.0222912,893,Admin Portal,Ferrarelle,Water,841,FerrarelleIT Ferrarelle Spa,Salerno,Ferrarelle Sparkling Water 24x330ml,160731,11.23,.0000225,.0000387,.0000256,22.5,38.7,25.6,1095,84,,7,12,- None -,Drinks,Sparkling,24,Retail,8006290800797,Yes,No,No,- None -,0,1367,1,,,640,,
Do Not Reorder - Sell through/Make Inactive,3.5,FER75N-CA,4789,Ferrarelle Still Water 12x750ml,Ferrarelle,Do not Order,0,0,0,0,0,201,201,654,654,654,654,654,654,0,,,,,- None -,,- None -,- None -,14770,g,.0232349,201,Admin Portal,Ferrarelle,Water,841,FerrarelleIT Ferrarelle Spa,Salerno,Ferrarelle Still Water 12x750ml,16420,7.49,.0000293,.0000325,.0000244,29.3,32.5,24.4,1095,75,,5,15,- None -,Drinks,Natural,12,Retail,8006290800308,Yes,No,Yes,- None -,0,2495,,201,,840,,
Do Not Reorder - Sell through/Make Inactive,3.5,FER75-S-CA,4430,Ferrarelle Sparkling Water 12x750ml,Ferrarelle,Do not Order,0,0,0,0,0,165,165,492,492,492,492,492,492,0,,,,,- None -,300,- None -,- None -,15120,g,.023489375,165,Admin Portal,Ferrarelle,Water,841,FerrarelleIT Ferrarelle Spa,Salerno,Ferrarelle Sparkling Water 12x750ml,160736,7.49,.0000295,.0000325,.0000245,29.5,32.5,24.5,1095,75,,5,15,- None -,Drinks,Sparkling,12,Retail,8006290800247,Yes,No,Yes,- None -,0,5011,,165,9,1460,,
Do Not Reorder - Sell through/Make Inactive,3.5,FER33N-CA,4788,Ferrarelle Still Water 24x330ml,Ferrarelle,Do not Order,0,0,0,0,0,,,1291,1291,1291,1291,1291,1291,0,,,,,- None -,840,- None -,- None -,14420,g,.0222912,1290,Admin Portal,Ferrarelle,Water,841,FerrarelleIT Ferrarelle Spa,Salerno,Ferrarelle Still Water 24x330ml,16418,11.23,.0000225,.0000387,.0000256,22.5,38.7,25.6,1095,84,,7,12,- None -,Drinks,Natural,24,Retail,8006290805303,Yes,No,No,- None -,0,1406,1,,,920,,
- None -,3.5,BEFU01-CA,5374,Fiuggi Vivace Sparkling Water 6x1L,Fiuggi,Active,0,0,0,0,0,,,1916,1916,1916,1916,1916,1916,0,5040,2520,4/23/2026,,- None -,6940,- None -,- None -,8750,g,.01762475,1881,Admin Portal,Fiuggi,Water,1969,FIUGGI Acqua e Terme di Fiuggi SPA,Salerno,Fiuggi Vivace Sparkling Water 6x1L,C82012/6,4.41,.0000325,.000029,.0000187,32.5,29,18.7,730,100,100,5,20,- None -,Drinks,Sparkling,6,Retail,8015962000083,Yes,Yes,Yes,- None -,0,20860,35,,1600,2500,,
- None -,3.5,BEFU07A-CA,7115,Fiuggi Natural Mineral Water Slim 6x500ml PET,Fiuggi,Active,0,0,0,0,0,,,2325,2325,2325,2325,2325,2325,0,,,,,- None -,,- None -,- None -,3360,g,.00561,2277,Admin Portal,Fiuggi,Water,1969,FIUGGI Acqua e Terme di Fiuggi SPA,Salerno,Fiuggi Natural Mineral Water Slim 6x500ml PET,600002,1.704,.000024,.0000187,.0000125,24,18.7,12.5,730,240,336,5,48,- None -,Drinks,Natural,6,Retail,8015962004005,Yes,Yes,No,- None -,0,0,48,,,1190,,
- None -,3.5,BEFU12-CA,7344,Fiuggi Natural Mineral Water 6x1L (Tower PET),Fiuggi,Active - Not Sellable,0,0,0,0,0,,,,,,,,,0,,145,4/30/2026,,- None -,,- None -,- None -,,- None -,,,Admin Portal,Fiuggi,Water,1969,FIUGGI Acqua e Terme di Fiuggi SPA,Salerno,Fiuggi Natural Mineral Water 6x1L (Tower PET) ,100101,2.352,,,,,,,,,,,,- None -,Drinks,Natural,6,Retail,- None -,No,Yes,No,- None -,0,,,,,,,
- None -,3.5,BEFU02-CA,5370,Fiuggi Natural Mineral Water 6x1L,Fiuggi,Active,0,0,0,0,0,,,8777,8777,8777,8777,8777,8777,0,9600,2520,4/30/2026,,- None -,12560,- None -,- None -,8750,g,.01762475,8299,Admin Portal,Fiuggi,Water,1969,FIUGGI Acqua e Terme di Fiuggi SPA,Salerno,Fiuggi Natural Mineral Water 6x1L,600005,4.41,.0000325,.000029,.0000187,32.5,29,18.7,730,100,100,5,20,- None -,Drinks,Natural,6,Retail,8015962000052,Yes,Yes,Yes,- None -,0,69522,178,,,4470,,
- None -,3.5,BEFU11-CA,7343,Fiuggi Natural Mineral Water 12x750ml,Fiuggi,Active - Not Sellable,0,0,0,0,0,,,,,,,,,0,,66,4/30/2026,,- None -,,- None -,- None -,,- None -,,,Admin Portal,Fiuggi,Water,1969,FIUGGI Acqua e Terme di Fiuggi SPA,Salerno,Fiuggi Natural Mineral Water 12x750ml ,500019,9.408,,,,,,,,,,,,- None -,Drinks,Natural,12,Retail,- None -,No,Yes,No,- None -,0,,,,,,,
- None -,3.5,BEFU09A-CA,7116,Fiuggi Sparkling Mineral Water Slim 6x500ml PET,Fiuggi,Active,0,0,0,0,0,,,,,,,,,0,,,,,- None -,672,- None -,- None -,3360,g,.00561,,Admin Portal,Fiuggi,Water,1969,FIUGGI Acqua e Terme di Fiuggi SPA,Salerno,Fiuggi Sparkling Mineral Water Slim 6x500ml PET,600001,1.704,.000024,.0000187,.0000125,24,18.7,12.5,730,240,336,5,48,- None -,Drinks,Natural,6,Retail,8015962005002,Yes,Yes,No,- None -,0,0,,,32,1040,,
- None -,3.5,FPRM01-CA,3651,R.M. Baby Clams 6x270g,Flott,Active,0,0,0,0,0,,,112,112,112,112,112,112,0,600,400,4/18/2026,,- None -,600,- None -,- None -,2920,g,.0036972,111,Admin Portal,Regina Molisana,Canned and Jarred,855,FLOTT S.P.A. Flott Spa,Salerno & Genova,R.M. Baby Clams 6x270g,270VONVVNAMOL,15.10,.00001,.0000237,.0000156,10,23.7,15.6,1460,252,,9,28,- None -,Pantry,Fish and Seafood,6,Retail,10779921906100,Yes,Yes,Yes,- None -,0,1407,1,,,200,,
- None -,3.5,BAKGIOIA19-CA,7031,Gioia Mini Torta 12x390 g,Freddi,Active,0,0,0,0,0,,,147,147,147,147,147,147,0,,,,,- None -,730,- None -,- None -,4680,g,.02543112,145,Admin Portal,Gioia,Sweets,12212,FREDDI FREDDI DOLCIARIA SpA,Livorno & Genova,Gioia Mini Torta,VFMGA033-12,17.52,.0000286,.0000234,.000038,28.6,23.4,38,270,72,,6,12,- None -,Pantry,Cakes,12,Retail,10779921108412,Yes,Yes,No,- None -,0,0,2,,,730,,
- None -,3.5,FBGAN01-CA,3450,Farm Boy Hazelnut Spread 12x350g,Gandola_PL Farm Boy,Active - PL,0,0,0,0,0,,,,,,,,,0,,,,,- None -,,- None -,- None -,14980,g,.0080808,,Admin Portal,Farm Boy,Breakfast,880,GANDOLA A. Gandola & C. S.P.A. Industria Alimentare Dolciaria,Genova,Farm Boy Hazelnut Spread 12x350g,982C,18.84,.0000111,.000028,.000026,11.1,28,26,547,96,,8,12,- None -,Pantry,Jams and Spreads,12,Retail,- None -,Yes,Yes,No,- None -,0,990,,,,850,,
- None -,3.5,XMASTRN55-CA,7323,Gioia Torrone Ricoperto (Chocolate Covered) 18x150g,Oliviero,Active-XMAS,0,0,0,0,0,,,,,,,,,0,,,,,- None -,,- None -,- None -,3.1,kg,.012505192,,Admin Portal,Gioia,Seasonal Christmas,12627,GMF OLIVIERO GMF OLIVIERO F.LLI S.r.l.,- None -,Gioia Torrone Ricoperto (Chocolate Covered) 12x150g,- None -,24.30,.0000146,.0000322,.0000266,14.6,32.2,26.6,,110,110,11,10,- None -,Seasonal,Torrone,18,Retail - Seasonal,10779921290582,Yes,Yes,No,- None -,0,290.67,,,72,300,,
- None -,3.5,XMASTRN52-CA,7325,Gioia Torrone HARD with Almonds 18x150g,Oliviero,Active-XMAS,0,0,0,0,0,,,,,,,,,0,,,,,- None -,,- None -,- None -,3.1,kg,.00667233,,Admin Portal,Gioia,Seasonal Christmas,12627,GMF OLIVIERO GMF OLIVIERO F.LLI S.r.l.,- None -,Gioia Torrone HARD with Almonds 18x150g,- None -,24.30,.000021,.0000267,.0000119,21,26.7,11.9,,110,110,11,10,- None -,Seasonal,Torrone,18,Retail - Seasonal,10779921290520,Yes,Yes,No,- None -,0,573,,,78,480,,
- None -,3.5,XMASTRN54-CA,7326,Gioia Torrone Soft With Hazelnuts 18x150g,Oliviero,Active-XMAS,0,0,0,0,0,,,,,,,,,0,,,,,- None -,,- None -,- None -,3.1,kg,.012505192,,Admin Portal,Gioia,Seasonal Christmas,12627,GMF OLIVIERO GMF OLIVIERO F.LLI S.r.l.,- None -,Gioia Torrone Soft With Hazelnuts 18x150g,- None -,27.00,.0000146,.0000322,.0000266,14.6,32.2,26.6,,110,110,11,10,- None -,Seasonal,Torrone,18,Retail - Seasonal,10779921290575,Yes,Yes,No,- None -,0,734,,,84,740,,
- None -,3.5,XMASTRN53-CA,7324,Gioia Torrone Soft With Almonds 18x150g,Oliviero,Active-XMAS,0,0,0,0,0,,,,,,,,,0,,,,,- None -,,- None -,- None -,3.1,kg,.012505192,,Admin Portal,Gioia,Seasonal Christmas,12627,GMF OLIVIERO GMF OLIVIERO F.LLI S.r.l.,- None -,Gioia Torrone Soft With Almonds 18x150g,- None -,24.408,.0000146,.0000322,.0000266,14.6,32.2,26.6,,110,110,11,10,- None -,Seasonal,Torrone,18,Retail - Seasonal,10779921290568,Yes,Yes,No,- None -,0,769,,,88,750,,
- None -,3.5,XMASTRN51-CA,7327,Gioia Torroncini Mini Assorted 8x150g,Oliviero,Active-XMAS,0,0,0,0,0,,,,,,,,,0,,,,,- None -,,- None -,- None -,1.3,kg,.0099275,,Admin Portal,Gioia,Seasonal Christmas,12627,GMF OLIVIERO GMF OLIVIERO F.LLI S.r.l.,- None -,Gioia Torrincini Mini Assorted 8x150g,- None -,16.80,.000019,.000019,.0000275,19,19,27.5,547,176,176,11,16,- None -,Seasonal,Torrone,8,Retail - Seasonal,10779921290506,Yes,Yes,No,- None -,0,338,,,102,330,,
- None -,3.5,PAB003-CA,4037,Vita Sana Organic Yellow Lentil Casarecce 6x225g,GoviFarm,Active,0,0,0,0,0,,,589,589,589,589,589,589,0,648,,,,- None -,648,- None -,- None -,1500,g,.008631648,586,Admin Portal,Vita Sana,Pasta,912,GOVI FARM Zanichelli & Govi Srl,Livorno,Vita Sana Organic Yellow Lentil Casarecce 6x225g,VISACALG225,7.20,.0000172,.0000204,.0000246,17.2,20.4,24.6,1095,162,216,9,18,- None -,Pantry,Bean Pasta,6,Retail,10779921017097,Yes,Yes,Yes,- None -,0,3584,3,,,648,,
- None -,3.5,PAB002-CA,4036,Vita Sana Organic Red Lentil Penne 6x225g,GoviFarm,Active,0,0,0,0,0,,,658,658,658,658,658,658,0,648,,,,- None -,648,- None -,- None -,1530,g,.008631648,648,Admin Portal,Vita Sana,Pasta,912,GOVI FARM Zanichelli & Govi Srl,Livorno,Vita Sana Organic Red Lentil Penne 6x225g,VISAPELR225,6.90,.0000172,.0000204,.0000246,17.2,20.4,24.6,1095,162,216,9,18,- None -,Pantry,Bean Pasta,6,Retail,10779921017059,Yes,Yes,Yes,- None -,0,4450,10,,,648,,
- None -,3.5,PAB001-CA,4035,Vita Sana Organic Chickpea Fusilli 6x225g,GoviFarm,Active,0,0,0,0,0,,,788,788,788,788,788,788,0,648,,,,- None -,648,- None -,- None -,1530,g,.008631648,785,Admin Portal,Vita Sana,Pasta,912,GOVI FARM Zanichelli & Govi Srl,Livorno,Vita Sana Organic Chickpea Fusilli 6x225g,VISAFUCE225,6.48,.0000172,.0000204,.0000246,17.2,20.4,24.6,1095,162,216,9,18,- None -,Pantry,Bean Pasta,6,Retail,10779921017134,Yes,Yes,Yes,- None -,0,5019,3,,,648,,
- None -,3.5,BAKGIOIA04-CA,3490,Gioia S Biscuits 24x200g,Hollandia,Active,0,0,0,0,0,,,1909,1909,1909,1909,1909,1909,0,,,,,- None -,433,- None -,- None -,5450,g,.0321035,1878,Admin Portal,Gioia,"Crackers, Cookies, Snacks",947,HOLLAN Hollandia Bakeries Limited,Canada,Gioia S Biscuits 24x200g,130480-10,24.39,.000025,.0000449,.0000286,25,44.9,28.6,182,63,,7,9,- None -,Pantry,Cookies,24,Retail,10779921100904,Yes,Yes,Yes,- None -,0,8195,31,,,950,,
- None -,3.5,CIAMDRL400-CA,7149,David Rocco Ciambella Lemon 6x400g,IL FORNAIO,Active,0,0,0,0,0,,,312,312,312,312,312,312,0,,,,,- None -,,- None -,- None -,2900,g,.0204,312,Admin Portal,David Rocco CIO,Sweets,12236,IL FORNAIO IL FORNAIO DEL CASALE,Genova,David Rocco Ciambella Lemon 6x400g,JD756,11.958,.0000085,.00006,.00004,8.5,60,40,240,,104,,,- None -,Pantry,Cakes,6,Retail,10779921150060,Yes,Yes,No,- None -,0,0,,,,416,,
Do Not Reorder - Sell through/Make Inactive,3.5,FPIP258-CA,3650,R.M. Artichokes Stemmed 12x580ml,Iposea_Marinades,Do not Order,0,0,0,0,0,,,46,46,46,46,46,46,0,,,,,- None -,,- None -,- None -,9577,g,.01143288,46,Admin Portal,Regina Molisana,Condiments and Toppings,983,IPOSEA Iposea Industria Conserve Alimentari,Salerno,R.M. Artichokes Stemmed 12x580ml,12487,29.28,.0000144,.0000335,.0000237,14.4,33.5,23.7,730,98,,7,14,- None -,Pantry,Pickles and Antipasto,12,Retail,07799213206028,Yes,Yes,No,- None -,0,291,,,,100,,
Must Be Temp Controlled,3.5,FPIP259-CA,3682,R.M. Olives Green Cerignola 12x580ml,Iposea_Olives,Active,0,0,0,0,0,100,100,162,162,162,162,162,162,0,672,672,4/30/2026,,- None -,672,- None -,- None -,9010,g,.0114807,162,Admin Portal,Regina Molisana,Condiments and Toppings,983,IPOSEA Iposea Industria Conserve Alimentari,Salerno,R.M. Olives Green Cerignola 12x580ml,12492,21.36,.0000142,.0000245,.000033,14.2,24.5,33,1080,98,,7,14,- None -,Pantry,Pickles and Antipasto,12,Retail,07799213208008,Yes,Yes,Yes,- None -,0,1454.9167,,100,,336,,
Must be Temp Controlled,3.5,FPFB001-CA,3454,Farm Boy Olives Green Cerignola 12x580ml,Iposea_PL Farm Boy,Active - PL,0,0,0,0,0,,,,,,,,,0,,,,,- None -,560,- None -,- None -,9998,g,.013739432,,Admin Portal,Farm Boy,Condiments and Toppings,983,IPOSEA Iposea Industria Conserve Alimentari,Salerno,Farm Boy Olives Green Cerignola 12x580ml,13153,23.04,.0000152,.0000259,.0000349,15.2,25.9,34.9,1080,84,,6,14,- None -,Pantry,Pickles and Antipasto,12,Private Label - FB,- None -,Yes,Yes,No,- None -,0,521,,,560,336,,
Must be Poly panelled,3.5,FPIP256-CA,3694,R.M. Sundried Tomatoes 12x314ml,Iposea_Marinades,Active,0,0,0,0,0,,,935,935,935,935,935,935,0,1059,1059,4/30/2026,,- None -,1059,- None -,- None -,5680,g,.00649572,411,Admin Portal,Regina Molisana,Condiments and Toppings,983,IPOSEA Iposea Industria Conserve Alimentari,Salerno,R.M. Sundried Tomatoes 12x314ml,12990,15.72,.0000111,.000028,.0000209,11.1,28,20.9,1080,170,,10,17,- None -,Pantry,Pickles and Antipasto,12,Retail,17799213211043,Yes,Yes,Yes,- None -,0,6494,7,,,850,,
Do Not Reorder - Sell through/Make Inactive,3.5,CERAMIC03-L-CA,3471,Gioia Ceramic Biscotti Jar Large 6 Per Case,Jin - Packaging,Do not Order,0,0,0,0,0,,,194,194,194,194,194,194,0,,,,,- None -,,- None -,- None -,,- None -,,180,Admin Portal,Gioia,Seasonal,1003,JIN Jinyu Global Trading,- None -,Gioia Ceramic Biscotti Jar Large 6 Per Case,CERAMIC03-L-CA,66.78,,,,,,,,100,,2,50,- None -,Home and Lifestyle,Cookies,6,Retail,10779921574088,Yes,No,No,- None -,0,,14,,,1,,
Do Not Reorder - Sell through/Make Inactive,3.5,CERAMICBLUE-UNIT-CA,3474,Gioia Ceramic Biscotti Jar Small Blue Empty Jar 12 Per Case,Jin - Packaging,Do not Order,0,0,0,0,0,,,472,472,472,472,472,472,0,,,,,- None -,,- None -,- None -,,- None -,,472,Admin Portal,Gioia,Seasonal,1003,JIN Jinyu Global Trading,- None -,Gioia Ceramic Biscotti Jar Small Blue Empty Jar 12 Per Case,CERAMICBLUE-UNIT-CA,18.40,,,,,,,,100,,2,50,- None -,Home and Lifestyle,Cookies,1,Packaging,10779921574019,Yes,No,No,- None -,0,,,,,1,,
- None -,3.5,SADRRIC650-CA,6410,David Rocco Ricotta Pasta Sauce 6x650ml,La Doria,Active,0,0,0,0,0,,,351,351,351,351,351,351,0,1080,360,4/30/2026,,- None -,2072,- None -,- None -,6320,g,.00815517,351,Admin Portal,David Rocco CIO,Canned and Jarred,1036,LA DOR La Doria Spa,Salerno,David Rocco Ricotta Pasta Sauce 6x650ml,RI25G401A06,10.20,.0000158,.0000279,.0000185,15.8,27.9,18.5,1095,160,,8,20,- None -,Pantry,Pasta and Pasta Sauce,6,Retail,10779921800965,Yes,Yes,Yes,- None -,0,4413,,,60,770,,
- None -,3.5,SARM700.PAS-CA,3689,R.M. Passata Di Pomodori 12x680ml,La Doria,Active,0,0,0,0,0,,,21393,21393,21393,21393,21393,21393,0,27241,2100,4/18/2026,,- None -,86761,- None -,- None -,12320,g,.0168448,19048,Admin Portal,Regina Molisana,Canned and Jarred,1036,LA DOR La Doria Spa,Salerno,R.M. Passata Di Pomodori 12x680ml,K0592102L96,7.92,.0000224,.0000235,.000032,22.4,23.5,32,1095,90,,6,15,- None -,Pantry,Pasta and Pasta Sauce,12,Retail,10779921800743,Yes,Yes,Yes,- None -,0,114768,19,,180,115000,,
- None -,3.5,SADRTAB650-CA,6406,David Rocco Tomato and Basil Pasta Sauce 6x650ml,La Doria,Active,0,0,0,0,0,400,400,401,401,401,401,401,401,0,1437,1437,4/30/2026,,- None -,2897,- None -,- None -,6560,g,.00815517,400,Admin Portal,David Rocco CIO,Canned and Jarred,1036,LA DOR La Doria Spa,Salerno,David Rocco Tomato and Basil Pasta Sauce 6x650ml,BA78G401A06,9.00,.0000158,.0000279,.0000185,15.8,27.9,18.5,1095,160,,8,20,- None -,Pantry,Pasta and Pasta Sauce,6,Retail,10779921800989,Yes,Yes,Yes,- None -,0,4892,1,400,,930,,
- None -,3.5,SADRPUT650-CA,6412,David Rocco Puttanesca Pasta Sauce 6x650ml,La Doria,Active,0,0,0,0,0,,,748,748,748,748,748,748,0,720,720,4/30/2026,,- None -,4685,- None -,- None -,6320,g,.00815517,747,Admin Portal,David Rocco CIO,Canned and Jarred,1036,LA DOR La Doria Spa,Salerno,David Rocco Puttanesca Pasta Sauce 6x650ml,OL22G401A06,10.20,.0000158,.0000279,.0000185,15.8,27.9,18.5,1095,160,,8,20,- None -,Pantry,Pasta and Pasta Sauce,6,Retail,10779921800972,Yes,Yes,Yes,- None -,0,2323,1,,,710,,
- None -,3.5,SADRALF482-CA,7181,David Rocco Alfredo Sauce 6x482ml,La Doria,Active,0,0,0,0,0,,,2284,2284,2284,2284,2284,2284,0,,,,,- None -,,- None -,- None -,2891,g,.00591552,116,Admin Portal,David Rocco CIO,Canned and Jarred,1036,LA DOR La Doria Spa,Salerno,David Rocco Alfredo Sauce 6x482ml,FO08G301A06,12.30,.000016,.0000156,.0000237,16,15.6,23.7,730,210,,7,30,- None -,Pantry,Pasta and Pasta Sauce,6,Retail,10779921800996,Yes,Yes,Yes,- None -,0,,1,,,1810,,
- None -,3.5,SADRARR650-CA,6408,David Rocco Arrabbiata Pasta Sauce 6x650ml,La Doria,Active,0,0,0,0,0,300,300,369,369,369,369,369,369,0,1440,1440,4/30/2026,,- None -,4420,- None -,- None -,6450,g,.00815517,366,Admin Portal,David Rocco CIO,Canned and Jarred,1036,LA DOR La Doria Spa,Salerno,David Rocco Arrabbiata Pasta Sauce 6x650ml,AT43G401A06,8.898,.0000158,.0000279,.0000185,15.8,27.9,18.5,1095,160,,8,20,- None -,Pantry,Pasta and Pasta Sauce,6,Retail,10779921800941,Yes,Yes,Yes,- None -,0,4764,3,300,,1250,,
- None -,3.5,PAT028-DR-CA,3977,La Molisana Fusilli #28 12x450g,L.M._Pasta Traditional,Active,0,0,0,0,0,,,3690,3690,3690,3690,3690,3690,0,10529,600,4/12/2026,,- None -,10717,- None -,- None -,5950,g,.0197448,3659,Admin Portal,La Molisana,Pasta,1041,LA MOLISANA * La Molisana Industrie Alimentari Spa,Salerno,La Molisana Fusilli #28 12x450g,17010184028,6.75,.000019,.000024,.0000433,19,24,43.3,1095,90,,9,10,- None -,Pantry,Short Cuts,12,Retail,20779921000287,Yes,Yes,Yes,- None -,0,30047,31,,240,1000,,
DEVIATION LABEL UNIT/CASE FOR COMPLIANCE,3.5,PAB015-CA,6899,La Molisana Lupini Spaghetti 12x400g,L.M._Pasta Speciali,Label,0,0,0,0,0,14,14,369,369,369,369,369,369,0,,,,,- None -,,- None -,- None -,5460,g,.01035996,14,Admin Portal,La Molisana,Pasta,1041,LA MOLISANA * La Molisana Industrie Alimentari Spa,Salerno,La Molisana Lupini Spaghetti 12x400g,12911278616,11.40,.000029,.0000229,.0000156,29,22.9,15.6,1095,95,,5,19,- None -,Pantry,Bean Pasta,12,Retail,18004690486167,Yes,No,Yes,- None -,0,126,,14,,1000,,
DEVIATION LABEL UNIT/CASE FOR COMPLIANCE,3.5,PAT030-FS-CA,3529,La Molisana Orecchiette Bulk #30 2x10lb (Box),L.M._Pasta Bulk,Label,0,0,0,0,0,,,39,39,39,39,39,39,0,,,,,- None -,50,- None -,- None -,9680,g,.02415549,39,Admin Portal,La Molisana,Pasta,1041,LA MOLISANA * La Molisana Industrie Alimentari Spa,Salerno,La Molisana Orecchiette Bulk #30 2x10lb (Box),01460315030,12.245,.0000178,.0000415,.0000327,17.8,41.5,32.7,1095,64,,8,8,- None -,Food Service,Premium Short Cuts,2,Retail,10037212509165,Yes,Yes,No,- None -,0,68,,,,1,,
Label Current stock/Sell/Make Inactive,3.5,PAT015-ORG-CA,4028,La Molisana Organic Spaghetti #15 18x500g,L.M._Pasta Organic,Active,0,0,0,0,0,,,49,49,49,49,49,49,0,,,,,- None -,50,- None -,- None -,9220,g,.011991375,49,Admin Portal,La Molisana,Pasta,1041,LA MOLISANA * La Molisana Industrie Alimentari Spa,Salerno,La Molisana Organic Spaghetti #15 18x500g,13041408015,13.95,.0000165,.0000285,.0000255,16.5,28.5,25.5,1095,84,,4,21,- None -,Pantry,Long Cuts,18,Retail,28004690420151,Yes,Yes,Yes,- None -,0,273,,,,1000,,
- None -,3.5,PAT034-DR-CA,3972,La Molisana Cavatappi #34 12x450g,L.M._Pasta Traditional,Active,0,0,0,0,0,,,778,778,778,778,778,778,0,1500,1140,4/12/2026,,- None -,1550,- None -,- None -,5950,g,.017576336,767,Admin Portal,La Molisana,Pasta,1041,LA MOLISANA * La Molisana Industrie Alimentari Spa,Salerno,La Molisana Cavatappi #34 12x450g,17010184034,6.75,.0000172,.0000236,.0000433,17.2,23.6,43.3,1095,90,,9,10,- None -,Pantry,Short Cuts,12,Retail,20779921000348,Yes,Yes,Yes,- None -,0,5783,11,,,1000,,
CONVERT TO 12/450GR - LABEL/REPACK,3.5,PAR003-DR18-CA,7275,La Molisana Mezze Fettuccia Riccia #3 18x500g,L.M._Pasta Speciali,Part,0,0,0,0,0,,,,,,,,,0,135,135,5/6/2026,,- None -,335,- None -,- None -,10000,g,,,Admin Portal,La Molisana,Pasta,1041,LA MOLISANA * La Molisana Industrie Alimentari Spa,Salerno,La Molisana Mezze Fettuccia Riccia #3 18x500g,15020173003,16.524,,,,,,,,100,,2,50,- None -,Pantry,Premium Long Cuts,18,Retail,- None -,No,Yes,No,- None -,0,,,,,1000,,
USE TO BUILD 12/450G PACKS,3.5,La Molisana Semi Di Melone #61 450g (each),7315,La Molisana Semi Di Melone #61 450g (each),L.M._Pasta Traditional,Part,0,0,0,0,0,,,,,,,,,0,,,,,- None -,,- None -,- None -,,- None -,,,Admin Portal,La Molisana,Pasta,1041,LA MOLISANA * La Molisana Industrie Alimentari Spa,Salerno,La Molisana Semi Di Melone #61 450g (each) ,- None -,.00,,,,,,,,,,,,- None -,Pantry,Short Cuts,1,Retail,- None -,No,Yes,No,- None -,0,1662,,,,,,
ORDER IN 500GR - DEVIATE LABEL/REPACK,3.5,PAR103-12-CA,4001,La Molisana Nidi '3' Tagliatelle #103 12x450g,L.M._Pasta Speciali,Label,0,0,0,0,0,,,178,178,178,178,178,178,0,,,,,- None -,,- None -,- None -,6420,g,.045999828,175,Admin Portal,La Molisana,Pasta,1041,LA MOLISANA * La Molisana Industrie Alimentari Spa,Salerno,La Molisana Nidi '3' Tagliatelle #103 12x450g,17020121103,9.342,.0000293,.0000588,.0000267,29.3,58.8,26.7,1095,40,,5,8,- None -,Pantry,Premium Nests,12,Retail,20779921001031,Yes,Yes,No,- None -,0,554,3,,,1000,,
- None -,3.5,PAT070-DR-CA,3974,La Molisana Elbows #70 12x450g,L.M._Pasta Traditional,Active,0,0,0,0,0,,,2753.98,2753.98,2753.98,2753.98,2753.98,2753.98,0,3332,980,4/18/2026,,- None -,4332,- None -,- None -,5870,g,.013910808,2737.98,Admin Portal,La Molisana,Pasta,1041,LA MOLISANA * La Molisana Industrie Alimentari Spa,Salerno,La Molisana Elbows #70 12x450g,17010184070,6.75,.0000164,.0000211,.0000402,16.4,21.1,40.2,1095,98,,7,14,- None -,Pantry,Short Cuts,12,Retail,40779921000700,Yes,Yes,Yes,- None -,0,13081,16,,98,1000,,
DEVIATION LABELING AND REPACKING,3.5,PATW028-DR-CA,4015,La Molisana Whole Wheat Fusilli #28 12x500g,L.M._Pasta Whole Wheat,Do not Order,0,0,0,0,0,,,113,113,113,113,113,113,0,180,180,4/30/2026,,- None -,180,- None -,- None -,6510,g,.019943,112,Admin Portal,La Molisana,Pasta,1041,LA MOLISANA * La Molisana Industrie Alimentari Spa,Salerno,La Molisana Whole Wheat Fusilli #28 12x500g,15031350028,8.10,.00002,.0000385,.0000259,20,38.5,25.9,1095,63,,7,9,- None -,Pantry,Short Cuts,12,Retail,38004690612805,Yes,No,Yes,- None -,0,721,1,,,1000,,
- None -,3.5,PAT025-DR-CA,3968,La Molisana Abissine Rigate #25 12x450g,L.M._Pasta Traditional,Active,0,0,0,0,0,,,823,823,823,823,823,823,0,1021,,,,- None -,1051,- None -,- None -,5930,g,.0197448,797,Admin Portal,La Molisana,Pasta,1041,LA MOLISANA * La Molisana Industrie Alimentari Spa,Salerno,La Molisana Abissine Rigate #25 12x450g,17010184025,6.75,.000019,.000024,.0000433,19,24,43.3,1095,90,,9,10,- None -,Pantry,Short Cuts,12,Retail,20779921000256,Yes,Yes,Yes,- None -,0,5049,26,,,1000,,
CONVERT TO 450G PACK - DEVIATE LABEL UNIT AND CASE,3.5,PAR103-12-500-CA,7311,La Molisana Nidi '3' Tagliatelle #103 12x500g,L.M._Pasta Speciali,Part,0,0,0,0,0,,,,,,,,,0,,,,,- None -,100,- None -,- None -,6420,g,.045999828,,Admin Portal,La Molisana,Pasta,1041,LA MOLISANA * La Molisana Industrie Alimentari Spa,Salerno,La Molisana Nidi '3' Tagliatelle #103 12x500g,- None -,10.38,.0000293,.0000588,.0000267,29.3,58.8,26.7,1095,40,,5,8,- None -,Pantry,Premium Nests,12,Retail,- None -,No,Yes,No,- None -,0,554,,,,1000,,
- None -,3.5,PAT012-DR18-CA,3969,La Molisana Bucatini #12 18x450g,L.M._Pasta Traditional,Active,0,0,0,0,0,,,2223,2223,2223,2223,2223,2223,0,,,,,- None -,,- None -,- None -,8740,g,.013137534,2217,Admin Portal,La Molisana,Pasta,1041,LA MOLISANA * La Molisana Industrie Alimentari Spa,Salerno,La Molisana Bucatini #12 18x450g,17010183012,10.125,.0000159,.0000282,.0000293,15.9,28.2,29.3,1095,92,,4,23,- None -,Pantry,Long Cuts,18,Retail,50779921000127,Yes,Yes,Yes,- None -,0,5790,6,,,1000,,
DEVIATION LABEL UNIT/CASE FOR COMPLIANCE,3.5,PAB020-CA,6897,La Molisana Lupini Penne Rigate 12x400g,L.M._Pasta Speciali,Label,0,0,0,0,0,30,30,250,250,250,250,250,250,0,,,,,- None -,,- None -,- None -,5630,g,.018987615,30,Admin Portal,La Molisana,Pasta,1041,LA MOLISANA * La Molisana Industrie Alimentari Spa,Salerno,La Molisana Lupini Penne Rigate 12x400g,12911278020,11.40,.0000173,.0000405,.0000271,17.3,40.5,27.1,1095,50,,5,10,- None -,Pantry,Bean Pasta,12,Retail,18004690480202,Yes,Yes,Yes,- None -,0,97,,30,,1000,,
CONVERT TO 12/450GR - LABEL/REPACK,3.5,PAR002-DR18-CA,6951,La Molisana Fettuccia Riccia #2 18x500g,L.M._Pasta Speciali,Part,0,0,0,0,0,,,26,26,26,26,26,26,0,,,,,- None -,404,- None -,- None -,10000,g,,,Admin Portal,La Molisana,Pasta,1041,LA MOLISANA * La Molisana Industrie Alimentari Spa,Salerno,La Molisana Fettuccia Riccia #2 18x500g,15020173002,16.524,,,,,,,1095,100,,2,50,- None -,Pantry,Premium Long Cuts,18,Retail,- None -,No,Yes,No,- None -,0,,,,,1000,,
DEVIATION LABELING AND REPACKING,3.5,PATW015-DR-CA,4017,La Molisana Whole Wheat Spaghetti #15 18x500g,L.M._Pasta Whole Wheat,Do not Order,0,0,0,0,0,,,230,230,230,230,230,230,0,,,,,- None -,,- None -,- None -,9390,g,.012008535,229,Admin Portal,La Molisana,Pasta,1041,LA MOLISANA * La Molisana Industrie Alimentari Spa,Salerno,La Molisana Whole Wheat Spaghetti #15 18x500g,13031335015,12.15,.0000281,.0000259,.0000165,28.1,25.9,16.5,1095,84,,4,21,- None -,Pantry,Long Cuts,18,Retail,38004690611501,Yes,No,Yes,- None -,0,739,1,,,1000,,
CONVERT TO 12/450GR - LABEL/REPACK,3.5,PATGI108-IT,7225,La Molisana Grano Italiano Fusilli Corti Bucati #108 24x500g,L.M._Pasta Speciali,Part,0,0,0,0,0,,,56,56,56,56,56,56,0,,,,,- None -,148,- None -,- None -,379,lb,.036501375,,Admin Portal,La Molisana,Pasta,1041,LA MOLISANA * La Molisana Industrie Alimentari Spa,Salerno,La Molisana Grano Italiano Fusilli Corti Bucati #108 24x500g  ,15010150108,15.00,.0000285,.0000235,.0000545,28.5,23.5,54.5,,28,28,,,- None -,Pantry,Short Cuts,24,Retail,- None -,No,Yes,No,- None -,0,1662,,,,1,,
- None -,3.5,PAT058A-DR-CA,3971,La Molisana Capellini Spezzati #58 12x450g,L.M._Pasta Traditional,Active,0,0,0,0,0,,,6180,6180,6180,6180,6180,6180,0,3234,588,4/12/2026,,- None -,4632,- None -,- None -,5870,g,.013910808,6161,Admin Portal,La Molisana,Pasta,1041,LA MOLISANA * La Molisana Industrie Alimentari Spa,Salerno,La Molisana Capellini Spezzati #58 12x450g,17010184060,6.75,.0000164,.0000211,.0000402,16.4,21.1,40.2,1095,98,,7,14,- None -,Pantry,Short Cuts,12,Retail,20779921001581,Yes,Yes,Yes,- None -,0,23547,19,,196,1000,,
USE TO BUILD 12/450G PACKS,3.5,PAT048-DR-EA,7310,La Molisana Tubetti #48 450g (each),L.M._Pasta Traditional,Part,0,0,0,0,0,,,,,,,,,0,,,,,- None -,,- None -,- None -,,- None -,,,Admin Portal,La Molisana,Pasta,1041,LA MOLISANA * La Molisana Industrie Alimentari Spa,Salerno,La Molisana Tubetti #48 450g (each),- None -,.00,,,,,,,,,,,,- None -,Pantry,Premium Long Cuts,1,Retail,- None -,No,No,No,- None -,0,1144,,,,,,
DEVIATION LABELING AND REPACKING,3.5,PALAT1000-DR-CA,6156,La Molisana Rigacuore #1000 24x500g,L.M._Pasta Speciali,Label,0,0,0,0,0,,,,,,,,,0,,,,,- None -,100,- None -,- None -,12860,g,.05721375,,Admin Portal,La Molisana,Pasta,1041,LA MOLISANA * La Molisana Industrie Alimentari Spa,Salerno,La Molisana Rigacuore #1000 24x500g,02010101000,16.80,.0000285,.000055,.0000365,28.5,55,36.5,1095,40,,4,10,- None -,Pantry,Short Cuts,24,Retail,18004690110000,Yes,Yes,No,- None -,0,177,,,,1000,,
USE TO BUILD 12/450G PACKS,3.5,PAR003-DR-EA,7305,La Molisana Tripolina Lunga #3 450g (each),L.M._Pasta Speciali,Part,0,0,0,0,0,,,6,6,6,6,6,6,0,,,,,- None -,,- None -,- None -,,- None -,,6,Admin Portal,La Molisana,Pasta,1041,LA MOLISANA * La Molisana Industrie Alimentari Spa,Salerno,La Molisana Tripolina Lunga #3 450g (each),- None -,.00,,,,,,,,,,,,- None -,Pantry,Premium Long Cuts,1,Retail,- None -,No,No,No,- None -,0,1144,,,,,,
DEVIATION LABEL UNIT/CASE FOR COMPLIANCE,3.5,PAT016-FS-CA,3536,La Molisana Spaghetti Bulk #16 2x10lb (Box),L.M._Pasta Bulk,Label,0,0,0,0,0,,,158,158,158,158,158,158,0,96,96,5/6/2026,,- None -,196,- None -,- None -,9480,g,.0122822,158,Admin Portal,La Molisana,Pasta,1041,LA MOLISANA * La Molisana Industrie Alimentari Spa,Salerno,La Molisana Spaghetti Bulk #16 2x10lb (Box),1460315016,11.338,.0000283,.000028,.0000155,28.3,28,15.5,1095,96,,4,24,- None -,Food Service,Long Cuts,2,Retail,10037212002321,Yes,Yes,Yes,- None -,0,838,,,,1000,,
DEVIATION LABEL UNIT/CASE FOR COMPLIANCE,3.5,PAT022-FS-CA,3531,La Molisana Penette Bulk Rigate 4x3Kg,L.M._Pasta Bulk,Label,0,0,0,0,0,,,267.75,267.75,267.75,267.75,267.75,267.75,0,96,96,5/6/2026,,- None -,296,- None -,- None -,12750,g,.030371784,3.75,Admin Portal,La Molisana,Pasta,1041,LA MOLISANA * La Molisana Industrie Alimentari Spa,Salerno,La Molisana Penette Rigate 4x3Kg,12080125022,15.00,.0000241,.0000354,.0000356,24.1,35.4,35.6,1095,54,,6,9,- None -,Food Service,Short Cuts,4,Retail,08004690602218,Yes,Yes,Yes,- None -,0,1093,,,,1000,,
DEVIATION LABEL UNIT/CASE FOR COMPLIANCE,3.5,PFLOUR04A-CA,3535,La Molisana Semola Flour Di Grano #601 12x1Kg,L.M._Flour,Label,0,0,0,0,0,,,677,677,677,677,677,677,0,990,585,5/6/2026,,- None -,990,- None -,- None -,12730,g,.01924181,49,Admin Portal,La Molisana,Baking Ingredients,1041,LA MOLISANA * La Molisana Industrie Alimentari Spa,Salerno,La Molisana Semola Flour Di Grano #601 12x1Kg,15100702601,12.00,.0000214,.0000367,.0000245,21.4,36.7,24.5,365,45,65,5,9,- None -,Pantry,Flour and Baking Aids,12,Retail,18004690258313,Yes,Yes,Yes,- None -,0,4656,31,,45,1000,,
ORDER IN 24/500GR - DEVIATE LABEL/REPACK,3.5,PAT064-DR-CA,3988,La Molisana Peperini #64 12x450g,L.M._Pasta Traditional,Label,0,0,0,0,0,82,82,82,82,82,82,82,82,0,1920,360,5/6/2026,,- None -,1960,- None -,- None -,5750,g,.010374,82,Admin Portal,La Molisana,Pasta,1041,LA MOLISANA * La Molisana Industrie Alimentari Spa,Salerno,La Molisana Peperini #64 12x450g,17010124064,6.75,.0000182,.000019,.00003,18.2,19,30,1095,120,,6,20,- None -,Pantry,Soup Cuts,12,Retail,20779921000645,Yes,Yes,Yes,- None -,0,4378,,82,1,1000,,
ORDER IN 18/500GR - DEVIATE LABEL/REPACK,3.5,PAR003-DR-CA,4002,La Molisana Tripolina Lunga #3 12x450g,L.M._Pasta Speciali,Label,0,0,0,0,0,20,20,56,56,56,56,56,56,0,,,,,- None -,,- None -,- None -,5790,g,.02794634,55,Admin Portal,La Molisana,Pasta,1041,LA MOLISANA * La Molisana Industrie Alimentari Spa,Salerno,La Molisana Tripolina Lunga #3 12x450g,17020124003,11.016,.0000293,.000038,.0000251,29.3,38,25.1,1095,48,,4,12,- None -,Pantry,Premium Long Cuts,12,Retail,20779921000034,Yes,Yes,Yes,- None -,0,717,1,20,,1000,,
ORDER IN 500GR - DEVIATE LABEL/REPACK,3.5,PAR60A-DR-CA,4004,La Molisana Anelli Siciliani #60A 12x450g,L.M._Pasta Speciali,Label,0,0,0,0,0,,,168,168,168,168,168,168,0,,,,,- None -,,- None -,- None -,5850,g,.0135072,63,Admin Portal,La Molisana,Pasta,1041,LA MOLISANA * La Molisana Industrie Alimentari Spa,Salerno,La Molisana Anelli Siciliani #60A 12x450g,17010124660,7.29,.000016,.000021,.0000402,16,21,40.2,1095,98,,7,14,- None -,Pantry,Premium Short Cuts,12,Retail,20779921001604,Yes,Yes,Yes,- None -,0,1095,,,,1000,,
- None -,3.5,PAT068-DR-CA,3996,La Molisana Tripoline #68 12x450g,L.M._Pasta Traditional,Active,0,0,0,0,0,300,300,1131,1131,1131,1131,1131,1131,0,271,270,5/23/2026,,- None -,1001,- None -,- None -,5910,g,.017576336,1125,Admin Portal,La Molisana,Pasta,1041,LA MOLISANA * La Molisana Industrie Alimentari Spa,Salerno,La Molisana Tripoline #68 12x450g,17010184068,7.02,.0000172,.0000236,.0000433,17.2,23.6,43.3,1095,90,,9,10,- None -,Pantry,Soup Cuts,12,Retail,20779921000683,Yes,Yes,Yes,- None -,0,4862,6,300,,1000,,
Label Current stock/Sell/Make Inactive,3.5,PAT028-ORG-CA,4025,La Molisana Organic Fusilli #28 10x500g,L.M._Pasta Organic,Active,0,0,0,0,0,46,46,46,46,46,46,46,46,0,120,120,4/30/2026,,- None -,120,- None -,- None -,5440,g,.01711851,46,Admin Portal,La Molisana,Pasta,1041,LA MOLISANA * La Molisana Industrie Alimentari Spa,Salerno,La Molisana Organic Fusilli #28 10x500g,13041409028,7.75,.0000186,.0000233,.0000395,18.6,23.3,39.5,1095,60,,6,10,- None -,Pantry,Short Cuts,10,Retail,28004690420281,Yes,Yes,Yes,- None -,0,453,,46,,1000,,
Label Current stock/Sell/Make Inactive,3.5,PALAT58-DR-CA,6843,La Molisana Mista Grano Ita #58 24x500g,L.M._Pasta Speciali,Do not Order,0,0,0,0,0,,,28,28,28,28,28,28,0,,,,,- None -,,- None -,- None -,12730,g,.03196908,28,Admin Portal,La Molisana,Pasta,1041,LA MOLISANA * La Molisana Industrie Alimentari Spa,Salerno,La Molisana Mista Grano Ita #58 24x500g,02010101058,15.00,.000027,.0000506,.0000234,27,50.6,23.4,1095,40,,4,10,- None -,Pantry,Short Cuts,24,Retail,18004690055820,Yes,No,No,- None -,0,132,,,,1000,,
- None -,3.5,PRM203-DR-CA,4021,La Molisana Tagliatelle Egg #203 12x250g,L.M._Pasta Egg,Active,0,0,0,0,0,100,100,776,776,776,776,776,776,0,1128,200,4/30/2026,,- None -,1500,- None -,- None -,3950,g,.0282,772,Admin Portal,La Molisana,Pasta,1041,LA MOLISANA * La Molisana Industrie Alimentari Spa,Salerno,La Molisana Tagliatelle Egg #203 12x250g,17440238203,7.394,.0000235,.00006,.00002,23.5,60,20,730,60,,6,10,- None -,Pantry,Premium Nests,12,Retail,20779921002038,Yes,Yes,Yes,- None -,0,3266,4,100,51,1000,,
DEVIATION LABEL UNIT/CASE FOR COMPLIANCE,3.5,PAT028-FS-CA,3520,La Molisana Fusilli Bulk #28 2x10lb (Box),L.M._Pasta Bulk,Label,0,0,0,0,0,,,169.5,169.5,169.5,169.5,169.5,169.5,0,105,105,5/23/2026,,- None -,305,- None -,- None -,9760,g,.03010176,169.5,Admin Portal,La Molisana,Pasta,1041,LA MOLISANA * La Molisana Industrie Alimentari Spa,Salerno,La Molisana Fusilli Bulk #28 2x10lb (Box),1800315028,11.338,.0000201,.000048,.0000312,20.1,48,31.2,1095,56,,7,8,- None -,Food Service,Short Cuts,2,Retail,10037212503040,Yes,Yes,Yes,- None -,0,1731,,,,1000,,
CONVERT TO 12/450GR - LABEL/REPACK,3.5,PAT048-500-DR-CA,7297,La Molisana Tubetti #48 24x500g,L.M._Pasta Traditional,Part,0,0,0,0,0,,,128,128,128,128,128,128,0,,,,,- None -,,- None -,- None -,5810,g,,,Admin Portal,La Molisana,Pasta,1041,LA MOLISANA * La Molisana Industrie Alimentari Spa,Salerno,La Molisana Tubetti #48 24x500g,15010131048,24.134,,,,,,,,,,,,- None -,Pantry,Short Cuts,24,Retail,- None -,No,Yes,No,- None -,0,3445,,,,1,,
- None -,3.5,PAT037-DR-CA,3975,La Molisana Elicoidali #37 12x450g,L.M._Pasta Traditional,Active,0,0,0,0,0,,,1280,1280,1280,1280,1280,1280,0,1288,672,4/18/2026,,- None -,1672,- None -,- None -,6050,g,.02141073,1274,Admin Portal,La Molisana,Pasta,1041,LA MOLISANA * La Molisana Industrie Alimentari Spa,Salerno,La Molisana Elicoidali #37 12x450g,17010184037,6.75,.0000165,.0000267,.0000486,16.5,26.7,48.6,1095,56,,7,8,- None -,Pantry,Short Cuts,12,Retail,20779921000379,Yes,Yes,Yes,- None -,0,6376,6,,,1000,,
USE TO BUILD 12/450G PACKS,3.5,La Molisana Fusilli Corti Bucati #108 450g (each),7307,PAR108-DR-EA,L.M._Pasta Speciali,Part,0,0,0,0,0,,,,,,,,,0,,,,,- None -,,- None -,- None -,,- None -,,,Admin Portal,La Molisana,Pasta,1041,LA MOLISANA * La Molisana Industrie Alimentari Spa,Salerno,La Molisana Fusilli Corti Bucati #108 450g (each),- None -,.00,,,,,,,,,,,,- None -,Pantry,Premium Short Cuts,1,Retail,- None -,No,No,No,- None -,0,1144,,,,,,
DEVIATION LABELING AND REPACKING,3.5,PATW020-DR-CA,4016,La Molisana Whole Wheat Penne Ziti Rigate #20 12x500g,L.M._Pasta Whole Wheat,Do not Order,0,0,0,0,0,,,148,148,148,148,148,148,0,,,,,- None -,100,- None -,- None -,6480,g,.019216197,147,Admin Portal,La Molisana,Pasta,1041,LA MOLISANA * La Molisana Industrie Alimentari Spa,Salerno,La Molisana Whole Wheat Penne Ziti Rigate #20 12x500g,15031350028,8.10,.0000237,.0000351,.0000231,23.7,35.1,23.1,1095,70,,7,10,- None -,Pantry,Short Cuts,12,Retail,38004690612003,Yes,No,Yes,- None -,0,1058,1,,,1000,,
ORDER IN 24/500GR - DEVIATE LABEL/REPACK,3.5,PAT048-DR-CA,3997,La Molisana Tubetti #48 12x450g,L.M._Pasta Traditional,Label,0,0,0,0,0,,,171,171,171,171,171,171,0,2058,1078,4/23/2026,,- None -,2058,- None -,- None -,5810,g,.0135072,161,Admin Portal,La Molisana,Pasta,1041,LA MOLISANA * La Molisana Industrie Alimentari Spa,Salerno,La Molisana Tubetti #48 12x450g,17010184048,6.75,.000016,.000021,.0000402,16,21,40.2,1095,98,,7,14,- None -,Pantry,Short Cuts,12,Retail,20779921000485,Yes,Yes,Yes,- None -,0,3445,10,,,200,,
CONVERT TO 450G PACK - DEVIATE LABEL UNIT AND CASE,3.5,PAR100-12-500-CA,7296,La Molisana Nidi '0' Capelli Angelo #100 12x500g,L.M._Pasta Speciali,Part,0,0,0,0,0,,,22,22,22,22,22,22,0,,,,,- None -,,- None -,- None -,6380,g,.045999828,,Admin Portal,La Molisana,Pasta,1041,LA MOLISANA * La Molisana Industrie Alimentari Spa,Salerno,La Molisana Nidi '0' Capelli Angelo #100 12x500g,15020104100,9.342,.0000293,.0000588,.0000267,29.3,58.8,26.7,1095,40,,5,8,- None -,Pantry,Premium Nests,12,Retail,- None -,No,Yes,No,- None -,0,1492,,,,1000,,
- None -,3.5,PAT018-DR-CA,3984,La Molisana Penne Ziti Lisce #18 12x450g,L.M._Pasta Traditional,Active,0,0,0,0,0,,,1614,1614,1614,1614,1614,1614,0,1440,420,4/12/2026,,- None -,1500,- None -,- None -,6030,g,.017576336,1579,Admin Portal,La Molisana,Pasta,1041,LA MOLISANA * La Molisana Industrie Alimentari Spa,Salerno,La Molisana Penne Ziti Lisce #18 12x450g,17010184018,6.75,.0000172,.0000236,.0000433,17.2,23.6,43.3,1095,90,,9,10,- None -,Pantry,Short Cuts,12,Retail,20779921000188,Yes,Yes,Yes,- None -,0,6446,35,,,1000,,
ORDER IN 18/500GR - DEVIATE LABEL/REPACK,3.5,PAR002-DR-CA,3998,La Molisana Fettucce Ricce #2 12x450g,L.M._Pasta Speciali,Label,0,0,0,0,0,,,52,52,52,52,52,52,0,,,,,- None -,,- None -,- None -,6054,g,.02794634,52,Admin Portal,La Molisana,Pasta,1041,LA MOLISANA * La Molisana Industrie Alimentari Spa,Salerno,La Molisana Fettucce Ricce #2 12x450g,17020124002,11.016,.0000293,.000038,.0000251,29.3,38,25.1,1095,48,,4,12,- None -,Pantry,Premium Long Cuts,12,Retail,20779921000027,Yes,Yes,Yes,- None -,0,1144,,,,1000,,
CONVERT TO 450G PACK - DEVIATE LABEL UNIT AND CASE,3.5,PAR60A-DR-500-CA,7312,La Molisana Anelli Siciliani #60A 12x500g,L.M._Pasta Speciali,Part,0,0,0,0,0,,,,,,,,,0,140,,,,- None -,650,- None -,- None -,5850,g,.0135072,,Admin Portal,La Molisana,Pasta,1041,LA MOLISANA * La Molisana Industrie Alimentari Spa,Salerno,La Molisana Anelli Siciliani #60A 12x500g,15010131660,8.10,.000016,.000021,.0000402,16,21,40.2,1095,98,,7,14,- None -,Pantry,Premium Short Cuts,12,Retail,- None -,No,Yes,No,- None -,0,1095,,,,1000,,
ORDER IN 500GR - DEVIATE LABEL/REPACK,3.5,PAR100-12-CA,4000,La Molisana Nidi '0' Capelli Angelo #100 12x450g,L.M._Pasta Speciali,Active,0,0,0,0,0,,,346,346,346,346,346,346,0,557,96,4/18/2026,,- None -,669,- None -,- None -,6380,g,.045999828,340,Admin Portal,La Molisana,Pasta,1041,LA MOLISANA * La Molisana Industrie Alimentari Spa,Salerno,La Molisana Nidi '0' Capelli Angelo #100 12x450g,17020121100,9.342,.0000293,.0000588,.0000267,29.3,58.8,26.7,1095,40,,5,8,- None -,Pantry,Premium Nests,12,Retail,20779921001000,Yes,Yes,Yes,- None -,0,1492,6,,,1000,,
- None -,3.5,PRM205-DR-CA,4020,La Molisana Pappardelle Egg #205 12x250g,L.M._Pasta Egg,Active,0,0,0,0,0,100,100,146,146,146,146,146,146,0,1021,400,4/18/2026,,- None -,2100,- None -,- None -,4100,g,.0282,141,Admin Portal,La Molisana,Pasta,1041,LA MOLISANA * La Molisana Industrie Alimentari Spa,Salerno,La Molisana Pappardelle Egg #205 12x250g,17440238205,7.394,.0000235,.00006,.00002,23.5,60,20,730,60,,6,10,- None -,Pantry,Premium Nests,12,Retail,20779921002052,Yes,Yes,Yes,- None -,0,4147,5,100,,1000,,
- None -,3.5,PAT001-DR18-CA,3994,La Molisana Spaghetto Quadrato #1 18x450g,L.M._Pasta Traditional,Active,0,0,0,0,0,,,543,543,543,543,543,543,0,1106,546,4/18/2026,,- None -,1279,- None -,- None -,8650,g,.01163264,521,Admin Portal,La Molisana,Pasta,1041,LA MOLISANA * La Molisana Industrie Alimentari Spa,Salerno,La Molisana Spaghetto Quadrato #1 18x450g,17010183001,10.125,.000016,.0000284,.0000256,16,28.4,25.6,1095,112,,4,28,- None -,Pantry,Long Cuts,18,Retail,20779921001116,Yes,Yes,Yes,- None -,0,4399,22,,,1000,,
DEVIATION LABEL UNIT/CASE FOR COMPLIANCE,3.5,PFLOUR05-CA,3533,La Molisana Pizza Semola Flour Di Grano Duro #603 12x1Kg,L.M._Flour,Label,0,0,0,0,0,,,267,267,267,267,267,267,0,768,225,5/6/2026,,- None -,768,- None -,- None -,12590,g,.01924181,262,Admin Portal,La Molisana,Baking Ingredients,1041,LA MOLISANA * La Molisana Industrie Alimentari Spa,Salerno,La Molisana Pizza Semola Flour Di Grano Duro #603 12x1Kg,15100702603,12.00,.0000214,.0000367,.0000245,21.4,36.7,24.5,365,45,65,5,9,- None -,Pantry,Flour and Baking Aids,12,Retail,18004690378240,Yes,Yes,Yes,- None -,0,2738,5,,,1000,,
- None -,3.5,PAT032-DR-CA,3980,La Molisana Mezzi Rigatoni #32 12x450g,L.M._Pasta Traditional,Active,0,0,0,0,0,,,2347,2347,2347,2347,2347,2347,0,,,,,- None -,1300,- None -,- None -,6050,g,.02542176,2338,Admin Portal,La Molisana,Pasta,1041,LA MOLISANA * La Molisana Industrie Alimentari Spa,Salerno,La Molisana Mezzi Rigatoni #32 12x450g,17010184032,6.75,.0000182,.0000291,.000048,18.2,29.1,48,1095,64,,8,8,- None -,Pantry,Short Cuts,12,Retail,20779921000324,Yes,Yes,Yes,- None -,0,6069,9,,48,1000,,
Label Current stock/Sell/Make Inactive,3.5,PAT341-FS-CA,3515,La Molisana Cavatappi Bulk #341 2x10lb (Box),L.M._Pasta Bulk,Do not Order,0,0,0,0,0,,,189.5,189.5,189.5,189.5,189.5,189.5,0,,,,,- None -,,- None -,- None -,9730,g,.02884385,189.5,Admin Portal,La Molisana,Pasta,1041,LA MOLISANA * La Molisana Industrie Alimentari Spa,Salerno,La Molisana Cavatappi Bulk #341 2x10lb (Box),1460315034,11.338,.0000193,.0000305,.000049,19.3,30.5,49,1095,56,,7,8,- None -,Food Service,Short Cuts,2,Retail,10037212503415,Yes,No,No,- None -,0,619,,,,1000,,
- None -,3.5,PAT016-DR18-CA,3993,La Molisana Spaghettini #16 18x450g,L.M._Pasta Traditional,Active,0,0,0,0,0,,,3170,3170,3170,3170,3170,3170,0,1008,1008,4/30/2026,,- None -,1008,- None -,- None -,8650,g,.01175805,3140,Admin Portal,La Molisana,Pasta,1041,LA MOLISANA * La Molisana Industrie Alimentari Spa,Salerno,La Molisana Spaghettini #16 18x450g,17010183016,10.125,.0000159,.000029,.0000255,15.9,29,25.5,1095,112,,4,28,- None -,Pantry,Long Cuts,18,Retail,50779921000165,Yes,Yes,Yes,- None -,0,9882,30,,84,1000,,
- None -,3.5,PRM204-DR-CA,4019,La Molisana Fettuccine Egg #204 12x250g,L.M._Pasta Egg,Active,0,0,0,0,0,,,570,570,570,570,570,570,0,250,250,4/23/2026,,- None -,250,- None -,- None -,4060,g,.0282,567,Admin Portal,La Molisana,Pasta,1041,LA MOLISANA * La Molisana Industrie Alimentari Spa,Salerno,La Molisana Fettuccine Egg #204 12x250g,17440238204,7.394,.0000235,.00006,.00002,23.5,60,20,730,60,,6,10,- None -,Pantry,Premium Nests,12,Retail,20779921002045,Yes,Yes,Yes,- None -,0,1826,3,,20,1000,,
- None -,3.5,PAT015-DR18-CA,3992,La Molisana Spaghetti #15 18x450g,L.M._Pasta Traditional,Active,0,0,0,0,0,,,6524,6524,6524,6524,6524,6524,0,3638,672,4/12/2026,,- None -,4104,- None -,- None -,8600,g,.01175805,6487,Admin Portal,La Molisana,Pasta,1041,LA MOLISANA * La Molisana Industrie Alimentari Spa,Salerno,La Molisana Spaghetti #15 18x450g,17010183015,10.125,.0000159,.000029,.0000255,15.9,29,25.5,1095,112,,4,28,- None -,Pantry,Long Cuts,18,Retail,50779921000158,Yes,Yes,Yes,- None -,0,22413,37,,224,1000,,
DEVIATION LABEL UNIT/CASE FOR COMPLIANCE,3.5,PAG028-GF-CA,6192,La Molisana Gluten Free Fusilli #28 14x400g,L.M._Pasta Gluten free,Label,0,0,0,0,0,,,504,504,504,504,504,504,0,,,,,- None -,,- None -,- None -,6090,g,.026224,181,Admin Portal,La Molisana,Pasta,1041,LA MOLISANA * La Molisana Industrie Alimentari Spa,Salerno,La Molisana Gluten Free Fusilli #28 14x400g,13090879028,17.36,.000022,.00004,.0000298,22,40,29.8,1095,50,,5,10,- None -,Pantry,Short Cuts,14,Retail,18004690470043,Yes,Yes,Yes,- None -,0,1385,4,,,1000,,
DEVIATION LABEL UNIT/CASE FOR COMPLIANCE,3.5,PAT015-GLUTEN-CA,4040,La Molisana Gluten Free Spaghetti #15 12x400g,L.M._Pasta Gluten free,Label,0,0,0,0,0,,,205,205,205,205,205,205,0,252,252,4/30/2026,,- None -,452,- None -,- None -,5250,g,.0089958,203,Admin Portal,La Molisana,Pasta,1041,LA MOLISANA * La Molisana Industrie Alimentari Spa,Salerno,La Molisana Gluten Free Spaghetti #15 12x400g,13090878015,14.88,.000029,.000022,.0000141,29,22,14.1,1095,205,,5,41,- None -,Pantry,Long Cuts,12,Retail,18004690470029,Yes,Yes,Yes,- None -,0,1918,2,,,1000,,
- None -,3.5,PAT006-DR18-CA,3978,La Molisana Linguine #6 18x450g,L.M._Pasta Traditional,Active,0,0,0,0,0,,,1413,1413,1413,1413,1413,1413,0,3584,784,4/23/2026,,- None -,4584,- None -,- None -,8830,g,.011671554,1380,Admin Portal,La Molisana,Pasta,1041,LA MOLISANA * La Molisana Industrie Alimentari Spa,Salerno,La Molisana Linguine #6 18x450g,17010183006,10.125,.0000159,.0000289,.0000254,15.9,28.9,25.4,1095,112,,4,28,- None -,Pantry,Long Cuts,18,Retail,50779921000066,Yes,Yes,Yes,- None -,0,11978,33,,84,1000,,
CONVERT TO COMPLIANT CAD PACK - LABEL UNIT AND CASE,3.5,PRM204-DR-IT,7309,La Molisana Fettuccine Egg #204 12x250g,L.M._Pasta Egg,Part,0,0,0,0,0,,,,,,,,,0,,,,,- None -,,- None -,- None -,4060,g,.0282,,Admin Portal,La Molisana,Pasta,1041,LA MOLISANA * La Molisana Industrie Alimentari Spa,Salerno,La Molisana Fettuccine Egg #204 12x250g,17440238204,7.394,.0000235,.00006,.00002,23.5,60,20,,60,,6,10,- None -,Pantry,Premium Nests,12,Retail,- None -,No,Yes,No,- None -,0,1826,,,,500,,
- None -,3.5,PAT022A-DR-CA,3982,La Molisana Penne Mezze Ziti Rigate #22A 12x450g,L.M._Pasta Traditional,Active,0,0,0,0,0,,,942,942,942,942,942,942,0,840,840,5/23/2026,,- None -,1000,- None -,- None -,5960,g,.01512,941,Admin Portal,La Molisana,Pasta,1041,LA MOLISANA * La Molisana Industrie Alimentari Spa,Salerno,La Molisana Penne Mezze Ziti Rigate #22A 12x450g,17010184022,6.75,.000018,.000021,.00004,18,21,40,1095,84,,6,14,- None -,Pantry,Short Cuts,12,Retail,20779921001222,Yes,Yes,Yes,- None -,0,5196,1,,,1000,,
ORDER IN 24/500GR - DEVIATE LABEL/REPACK,3.5,PAR108-DR-CA,4008,La Molisana Fusilli Corti Bucati #108 12x450g,L.M._Pasta Speciali,Label,0,0,0,0,0,,,6,6,6,6,6,6,0,300,300,5/23/2026,,- None -,300,- None -,- None -,5950,g,.017834916,2,Admin Portal,La Molisana,Pasta,1041,LA MOLISANA * La Molisana Industrie Alimentari Spa,Salerno,La Molisana Fusilli Corti Bucati #108 12x450g,17010184108,6.75,.0000173,.0000242,.0000426,17.3,24.2,42.6,1095,90,,9,10,- None -,Pantry,Premium Short Cuts,12,Retail,20779921011085,Yes,Yes,No,- None -,0,1662,4,,,1000,,
- None -,3.5,PAT022-DR-CA,3983,La Molisana Penne Mezzi Ziti #22 12x450g,L.M._Pasta Traditional,Active,0,0,0,0,0,300,300,670,670,670,670,670,670,0,1568,,,,- None -,1784,- None -,- None -,5800,g,.01512,664,Admin Portal,La Molisana,Pasta,1041,LA MOLISANA * La Molisana Industrie Alimentari Spa,Salerno,La Molisana Penne Mezzi Ziti #22 12x450g,17010184035,6.75,.000018,.000021,.00004,18,21,40,1095,84,,6,14,- None -,Pantry,Short Cuts,12,Retail,20779921000225,Yes,Yes,Yes,- None -,0,4132,6,300,,1000,,
USE TO BUILD 12/450G PACKS,3.5,PAT064-DR-EA,7321,La Molisana Peperini #64 450g (each),L.M._Pasta Traditional,Part,0,0,0,0,0,,,,,,,,,0,,,,,- None -,,- None -,- None -,,- None -,,,Admin Portal,La Molisana,Pasta,1041,LA MOLISANA * La Molisana Industrie Alimentari Spa,Salerno,La Molisana Peperini #64 450g (each) ,- None -,.00,,,,,,,1095,,,,,- None -,Pantry,Soup Cuts,1,Retail,- None -,No,No,No,- None -,0,4378,,,,,,
Label Current stock/Sell/Make Inactive,3.5,PAT054-ORG-CA,4026,La Molisana Organic Lumache Rigate # 54 10x500g,L.M._Pasta Organic,Active,0,0,0,0,0,57,57,57,57,57,57,57,57,0,,,,,- None -,280,- None -,- None -,5520,g,.017097472,57,Admin Portal,La Molisana,Pasta,1041,LA MOLISANA * La Molisana Industrie Alimentari Spa,Salerno,La Molisana Organic Lumache Rigate # 54 10x500g,13041409054,7.75,.0000188,.0000232,.0000392,18.8,23.2,39.2,1095,60,,6,10,- None -,Pantry,Short Cuts,10,Retail,28004690420540,Yes,Yes,Yes,- None -,0,703,,57,,1000,,
Label Current stock/Sell/Make Inactive,3.5,PAT020-ORG-CA,4027,La Molisana Organic Penne #20 10x500g,L.M._Pasta Organic,Active,0,0,0,0,0,43,43,43,43,43,43,43,43,0,28,28,4/30/2026,,- None -,100,- None -,- None -,5470,g,.01711851,43,Admin Portal,La Molisana,Pasta,1041,LA MOLISANA * La Molisana Industrie Alimentari Spa,Salerno,La Molisana Organic Penne #20 10x500g,13041409020,7.75,.0000186,.0000233,.0000395,18.6,23.3,39.5,1095,60,,6,10,- None -,Pantry,Short Cuts,10,Retail,28004690420205,Yes,Yes,Yes,- None -,0,280,,43,,1000,,
DEVIATION LABEL UNIT/CASE FOR COMPLIANCE,3.5,PAT066-FS-CA,3518,La Molisana Farfalle Bulk #66 2x10lb (Box),L.M._Pasta Bulk,Label,0,0,0,0,0,,,2,2,2,2,2,2,0,315,105,4/18/2026,,- None -,465,- None -,- None -,9800,g,.03103905,2,Admin Portal,La Molisana,Pasta,1041,LA MOLISANA * La Molisana Industrie Alimentari Spa,Salerno,La Molisana Farfalle Bulk #66 2x10lb (Box),01460315066,11.791,.0000205,.000049,.0000309,20.5,49,30.9,1095,56,,7,8,- None -,Food Service,Short Cuts,2,Retail,10037212506607,Yes,Yes,Yes,- None -,0,1707,,,,1000,,
- None -,3.5,PAT021A-DR-CA,3986,La Molisana Pennoni Lisci #21A 12x450g,L.M._Pasta Traditional,Active,0,0,0,0,0,,,2036,2036,2036,2036,2036,2036,0,960,960,5/16/2026,,- None -,960,- None -,- None -,6020,g,.02542176,2024,Admin Portal,La Molisana,Pasta,1041,LA MOLISANA * La Molisana Industrie Alimentari Spa,Salerno,La Molisana Pennoni Lisci #21A 12x450g,17010184033,6.75,.0000182,.0000291,.000048,18.2,29.1,48,1095,48,,6,8,- None -,Pantry,Short Cuts,12,Retail,20779921001215,Yes,Yes,Yes,- None -,0,3898,12,,48,1000,,
DEVIATION LABEL UNIT/CASE FOR COMPLIANCE,3.5,PALAT071-CA,3990,La Molisana Rotelle #71 24x500g,L.M._Pasta Speciali,Label,0,0,0,0,0,,,268,268,268,268,268,268,0,,,,,- None -,,- None -,- None -,12710,g,.0366282,70,Admin Portal,La Molisana,Pasta,1041,LA MOLISANA * La Molisana Industrie Alimentari Spa,Salerno,La Molisana Rotelle #71 24x500g,15010131071,15.00,.0000285,.000054,.0000238,28.5,54,23.8,1095,45,,5,9,- None -,Pantry,Short Cuts,24,Retail,28004690057104,Yes,Yes,No,- None -,0,727,3,,,1000,,
DEVIATION LABEL UNIT/CASE FOR COMPLIANCE,3.5,PALAT077-CA,4011,La Molisana Mafalda Corta #77 24x500g,L.M._Pasta Speciali,Label,0,0,0,0,0,,,448,448,448,448,448,448,0,,,,,- None -,255,- None -,- None -,13050,g,.052038,190,Admin Portal,La Molisana,Pasta,1041,LA MOLISANA * La Molisana Industrie Alimentari Spa,Salerno,La Molisana Mafalda Corta #77 24x500g,15010131077,15.00,.0000315,.000059,.000028,31.5,59,28,1095,32,,4,8,- None -,Pantry,Premium Short Cuts,24,Retail,18004690057701,Yes,Yes,No,- None -,0,1371,3,,255,1000,,
DEVIATION LABEL UNIT/CASE FOR COMPLIANCE,3.5,PAB028-CA,6898,La Molisana Lupini Fusilli 12x400g,L.M._Pasta Speciali,Label,0,0,0,0,0,60,60,441,441,441,441,441,441,0,,,,,- None -,,- None -,- None -,5600,g,.018987615,76,Admin Portal,La Molisana,Pasta,1041,LA MOLISANA * La Molisana Industrie Alimentari Spa,Salerno,La Molisana Lupini Fusilli 12x400g,12911278028,11.40,.0000173,.0000405,.0000271,17.3,40.5,27.1,1095,50,,5,10,- None -,Pantry,Bean Pasta,12,Retail,18004690480288,Yes,Yes,Yes,- None -,0,118,5,60,,1000,,
CONVERT TO 12/450GR - LABEL/REPACK,3.5,PAT064-DR24-CA,7320,La Molisana Peperini #64 24x500g,L.M._Pasta Traditional,Part,0,0,0,0,0,,,,,,,,,0,168,168,4/18/2026,,- None -,168,- None -,- None -,,- None -,,,Admin Portal,La Molisana,Pasta,1041,LA MOLISANA * La Molisana Industrie Alimentari Spa,Salerno,La Molisana Peperini #64 24x500g,02010101064,15.00,,,,,,,1095,,,,,- None -,Pantry,Soup Cuts,24,Retail,- None -,No,Yes,No,- None -,0,4378,,,,,,
USE TO BUILD 12/450G PACKS,3.5,PAR002-DR-EA,7306,La Molisana Fettucce Ricce #2 450g (each),L.M._Pasta Speciali,Part,0,0,0,0,0,,,6,6,6,6,6,6,0,,,,,- None -,,- None -,- None -,,- None -,,6,Admin Portal,La Molisana,Pasta,1041,LA MOLISANA * La Molisana Industrie Alimentari Spa,Salerno,La Molisana Fettucce Ricce #2 450g (each),- None -,.00,,,,,,,,,,,,- None -,Pantry,Premium Long Cuts,1,Retail,- None -,No,No,No,- None -,0,1144,,,,,,
- None -,3.5,PAT017-DR18-CA,3970,La Molisana Capellini #17 18x450g,L.M._Pasta Traditional,Active,0,0,0,0,0,,,1216,1216,1216,1216,1216,1216,0,2,,,,- None -,1450,- None -,- None -,8440,g,.0115275,1210,Admin Portal,La Molisana,Pasta,1041,LA MOLISANA * La Molisana Industrie Alimentari Spa,Salerno,La Molisana Capellini #17 18x450g,17010183017,10.125,.0000159,.000029,.000025,15.9,29,25,1095,112,,4,28,- None -,Pantry,Long Cuts,18,Retail,50779921000172,Yes,Yes,Yes,- None -,0,3584,6,,448,1000,,
- None -,3.5,PAT020-DR-CA,3985,La Molisana Penne Ziti Rigate #20 12x450g,L.M._Pasta Traditional,Active,0,0,0,0,0,,,2901,2901,2901,2901,2901,2901,0,6839,178,4/12/2026,,- None -,9761,- None -,- None -,5920,g,.017576336,2872,Admin Portal,La Molisana,Pasta,1041,LA MOLISANA * La Molisana Industrie Alimentari Spa,Salerno,La Molisana Penne Ziti Rigate #20 12x450g,17010184020,6.75,.0000172,.0000236,.0000433,17.2,23.6,43.3,1095,90,,9,10,- None -,Pantry,Short Cuts,12,Retail,20779921000201,Yes,Yes,Yes,- None -,0,27757,29,,240,1000,,
DEVIATION LABEL UNIT/CASE FOR COMPLIANCE,3.5,PAG020-GF-CA,6191,La Molisana Gluten Free Penne Ziti Rigate#20 14x400g,L.M._Pasta Gluten free,Label,0,0,0,0,0,,,266,266,266,266,266,266,0,288,144,4/30/2026,,- None -,438,- None -,- None -,6390,g,.0198594,2,Admin Portal,La Molisana,Pasta,1041,LA MOLISANA * La Molisana Industrie Alimentari Spa,Salerno,La Molisana Gluten Free Penne Ziti Rigate#20 14x400g,13090879020,17.36,.000017,.0000396,.0000295,17,39.6,29.5,1095,60,,6,10,- None -,Pantry,Short Cuts,14,Retail,18004690470036,Yes,Yes,Yes,- None -,0,2152,120,,,1000,,
- None -,3.5,PAT021-DR-CA,3987,La Molisana Pennoni Rigati #21 12x450g,L.M._Pasta Traditional,Active,0,0,0,0,0,300,300,1515,1515,1515,1515,1515,1515,0,1920,384,4/23/2026,,- None -,2085,- None -,- None -,6020,g,.02542176,1493,Admin Portal,La Molisana,Pasta,1041,LA MOLISANA * La Molisana Industrie Alimentari Spa,Salerno,La Molisana Pennoni Rigati #21 12x450g,17010184021,6.75,.0000182,.0000291,.000048,18.2,29.1,48,1095,48,,6,8,- None -,Pantry,Short Cuts,12,Retail,20779921000218,Yes,Yes,Yes,- None -,0,7020,22,300,,1000,,
- None -,3.5,PAT059-DR-CA,3995,La Molisana Stelline #59 12x450g,L.M._Pasta Traditional,Active,0,0,0,0,0,,,1914,1914,1914,1914,1914,1914,0,1067,107,5/16/2026,,- None -,1300,- None -,- None -,5720,g,.010374,1899,Admin Portal,La Molisana,Pasta,1041,LA MOLISANA * La Molisana Industrie Alimentari Spa,Salerno,La Molisana Stelline #59 12x450g,17010184059,6.75,.0000182,.000019,.00003,18.2,19,30,1095,120,,6,20,- None -,Pantry,Soup Cuts,12,Retail,20779921000591,Yes,Yes,Yes,- None -,0,6848,15,,,1000,,
- None -,3.5,PAT066-DR-CA,3976,La Molisana Farfalle 'Bow Ties' #66 12x450g,L.M._Pasta Traditional,Active,0,0,0,0,0,,,8278.32,8278.32,8278.32,8278.32,8278.32,8278.32,0,1488,1200,5/16/2026,,- None -,5000,- None -,- None -,5980,g,.02141073,8262.32,Admin Portal,La Molisana,Pasta,1041,LA MOLISANA * La Molisana Industrie Alimentari Spa,Salerno,La Molisana Farfalle 'Bow Ties' #66 12x450g,17010184066,7.02,.0000165,.0000267,.0000486,16.5,26.7,48.6,1095,72,,9,8,- None -,Pantry,Short Cuts,12,Retail,20779921000669,Yes,Yes,Yes,- None -,0,31249,16,,240,1000,,
DEVIATION LABELING AND REPACKING,3.5,PATW066-DR-CA,4014,La Molisana Whole Wheat Farfalle #66 12x500g,L.M._Pasta Whole Wheat,Do not Order,0,0,0,0,0,,,198,198,198,198,198,198,0,,,,,- None -,,- None -,- None -,6580,g,.0224504,89,Admin Portal,La Molisana,Pasta,1041,LA MOLISANA * La Molisana Industrie Alimentari Spa,Salerno,La Molisana Whole Wheat Farfalle #66 12x500g,13031310066,8.10,.0000211,.00004,.0000266,21.1,40,26.6,1095,63,,7,9,- None -,Pantry,Short Cuts,12,Retail,38004690616605,Yes,No,Yes,- None -,0,618,1,,,1000,,
- None -,3.5,PAT045-DR-CA,3973,La Molisana Ditali #45 12x450g,L.M._Pasta Traditional,Active,0,0,0,0,0,,,1490,1490,1490,1490,1490,1490,0,924,924,5/16/2026,,- None -,1000,- None -,- None -,5880,g,.01512,1466,Admin Portal,La Molisana,Pasta,1041,LA MOLISANA * La Molisana Industrie Alimentari Spa,Salerno,La Molisana Ditali #45 12x450g,17010184045,6.75,.000018,.000021,.00004,18,21,40,1095,84,,6,14,- None -,Pantry,Short Cuts,12,Retail,20779921000454,Yes,Yes,Yes,- None -,0,5778,24,,,1000,,
ORDER IN 500GR - DEVIATE LABEL/REPACK,3.5,PAT061-DR-CA,3991,La Molisana Semi Di Melone #61 12x450g,L.M._Pasta Traditional,Active,0,0,0,0,0,111.004,111.004,111.004,111.004,111.004,111.004,111.004,111.004,0,1920,960,5/6/2026,,- None -,1920,- None -,- None -,5760,g,.010374,111.004,Admin Portal,La Molisana,Pasta,1041,LA MOLISANA * La Molisana Industrie Alimentari Spa,Salerno,La Molisana Semi Di Melone #61 12x450g,17010184061,6.75,.0000182,.000019,.00003,18.2,19,30,1095,120,,6,20,- None -,Pantry,Soup Cuts,12,Retail,20779921000614,Yes,Yes,Yes,- None -,0,3373,,111.004,1,2500,,
CONVERT TO COMPLIANT CAD 500G PACK - LABEL UNIT AND CASE,3.5,PATGI061-IT,7226,La Molisana Grano Italiano Semi Di Melone #61 24x500g,L.M._Pasta Grano Italiano,Part,0,0,0,0,0,,,168,168,168,168,168,168,0,,,,,- None -,,- None -,- None -,553.3,lb,.019305,,Admin Portal,La Molisana,Pasta,1041,LA MOLISANA * La Molisana Industrie Alimentari Spa,Salerno,La Molisana Grano Italiano Semi Di Melone #61 24x500g  ,2010101061,15.00,.00003,.0000195,.000033,30,19.5,33,,42,42,,,- None -,Pantry,Short Cuts,24,Retail,1.80E+13,No,Yes,No,- None -,0,1662,,,,,,
- None -,3.5,PAT065-DR-CA,3981,La Molisana Orzo #65 12x450g,L.M._Pasta Traditional,Active,0,0,0,0,0,,,2783,2783,2783,2783,2783,2783,0,960,,,,- None -,1000,- None -,- None -,5660,g,.010374,2756,Admin Portal,La Molisana,Pasta,1041,LA MOLISANA * La Molisana Industrie Alimentari Spa,Salerno,La Molisana Orzo #65 12x450g,17010184065,6.75,.0000182,.000019,.00003,18.2,19,30,1095,120,,6,20,- None -,Pantry,Soup Cuts,12,Retail,10037212600015,Yes,Yes,Yes,- None -,0,8932,27,,,1000,,
- None -,3.5,PAT031-DR-CA,3989,La Molisana Rigatoni #31 12x450g,L.M._Pasta Traditional,Active,0,0,0,0,0,,,2548,2548,2548,2548,2548,2548,0,3810,424,4/18/2026,,- None -,7886,- None -,- None -,6110,g,.02542176,2517,Admin Portal,La Molisana,Pasta,1041,LA MOLISANA * La Molisana Industrie Alimentari Spa,Salerno,La Molisana Rigatoni #31 12x450g,17010184031,6.75,.0000182,.0000291,.000048,18.2,29.1,48,1095,64,,8,8,- None -,Pantry,Short Cuts,12,Retail,20779921000317,Yes,Yes,Yes,- None -,0,17207,31,,144,1000,,
- None -,3.5,PASPT04-CA,4033,Vita Sana Spelt Spaghetti 12x450g,Andalini,Active,0,0,0,0,0,,,178,178,178,178,178,178,0,,,,,- None -,,- None -,- None -,5650,g,.009004875,178,Admin Portal,Vita Sana,Pasta,1043,LA SOVRANA Pastificio La Sovrana Di Puglia,Salerno,Vita Sana Spelt Spaghetti 12x450g,VS003#6F451612,11.76,.0000185,.0000295,.0000165,18.5,29.5,16.5,1095,162,,6,27,- None -,Pantry,Spelt Pasta,12,Retail,10779921015048,Yes,Yes,Yes,- None -,0,963,,,,300,,
- None -,3.5,PASPT01-CA,4032,Vita Sana Spelt Penne 12x450g,Andalini,Active,0,0,0,0,0,,,69,69,69,69,69,69,0,404,,,,- None -,404,- None -,- None -,5870,g,.0216117,68,Admin Portal,Vita Sana,Pasta,1043,LA SOVRANA Pastificio La Sovrana Di Puglia,Salerno,Vita Sana Spelt Penne 12x450g,VS065#6F450112,11.76,.0000185,.0000295,.0000396,18.5,29.5,39.6,1095,60,,6,10,- None -,Pantry,Spelt Pasta,12,Retail,10779921015031,Yes,Yes,Yes,- None -,0,746,1,,,300,,
Do Not Reorder - Sell through/Make Inactive,3.5,PASPT03-CA,4034,Vita Sana Spelt Tortiglioni (Elicoidali) 12x450g,Andalini,Do not Order,0,0,0,0,0,,,120,120,120,120,120,120,0,,,,,- None -,,- None -,- None -,5820,g,.0216117,120,Admin Portal,Vita Sana,Pasta,1043,LA SOVRANA Pastificio La Sovrana Di Puglia,Salerno,Vita Sana Spelt Tortiglioni (Elicoidali) 12x450g,VS059#6F450112,11.76,.0000185,.0000295,.0000396,18.5,29.5,39.6,1095,60,,6,10,- None -,Pantry,Spelt Pasta,12,Retail,10779921015093,Yes,No,No,- None -,0,488,,,,300,,
- None -,3.5,PASPT02-CA,4031,Vita Sana Spelt Fusilli 12x450g,Andalini,Active,0,0,0,0,0,63,63,98,98,98,98,98,98,0,300,,,,- None -,300,- None -,- None -,5810,g,.0216117,97,Admin Portal,Vita Sana,Pasta,1043,LA SOVRANA Pastificio La Sovrana Di Puglia,Salerno,Vita Sana Spelt Fusilli 12x450g,VS073#6F450112,11.76,.0000185,.0000295,.0000396,18.5,29.5,39.6,1095,60,,6,10,- None -,Pantry,Spelt Pasta,12,Retail,10779921015062,Yes,Yes,Yes,- None -,0,858,1,63,,300,,
Do Not Reorder - Sell through/Make Inactive,3.5,PASPT06-CA,4029,Vita Sana Spelt Cavatappi #70 12x450g,Andalini,Do not Order,0,0,0,0,0,,,255,255,255,255,255,255,0,,,,,- None -,,- None -,- None -,5840,g,.0216117,255,Admin Portal,Vita Sana,Pasta,1043,LA SOVRANA Pastificio La Sovrana Di Puglia,Salerno,Vita Sana Spelt Cavatappi #70 12x450g,VS070#6F450112,11.76,.0000185,.0000295,.0000396,18.5,29.5,39.6,1095,60,,6,10,- None -,Pantry,Spelt Pasta,12,Retail,10779921015116,Yes,No,No,- None -,0,290,,,,300,,
- None -,3.5,COFGIO03-CA,3479,Gioia Espresso Coffee Beans 12x1Kg,Labcaffe,Active,0,0,0,0,0,,,167,167,167,167,167,167,0,180,180,4/30/2026,,- None -,180,- None -,- None -,12820,g,.041491224,167,Admin Portal,Gioia,Coffee,1044,LABCAF Labcaffe Srl,Salerno,Gioia Espresso Coffee Beans 12x1Kg,003,106.80,.0000366,.0000282,.0000402,36.6,28.2,40.2,730,40,40,4,10,- None -,Drinks,Whole Beans,12,Retail,10779921572008,Yes,Yes,Yes,- None -,0,1062,,,,60,,
- None -,3.5,COFGIO02-12PK-CA,3480,Gioia Espresso Coffee Gold 12x250g,Labcaffe,Active,0,0,0,0,0,,,553,553,553,553,553,553,0,939,234,4/30/2026,,- None -,939,- None -,- None -,3140,g,.006292,551,Admin Portal,Gioia,Coffee,1044,LABCAF Labcaffe Srl,Salerno,Gioia Espresso Coffee Gold 12x250g,301,27.00,.0000143,.000025,.0000176,14.3,25,17.6,730,180,125,10,18,- None -,Drinks,Ground Coffee,12,Retail,20779921571008,Yes,Yes,Yes,- None -,0,2034,2,,,234,,
- None -,3.5,COFGIO01-12PK-CA,3481,Gioia Espresso Coffee White 12x250g,Labcaffe,Active,0,0,0,0,0,,,1165,1165,1165,1165,1165,1165,0,468,234,4/30/2026,,- None -,944,- None -,- None -,3140,g,.006292,1157,Admin Portal,Gioia,Coffee,1044,LABCAF Labcaffe Srl,Salerno,Gioia Espresso Coffee White 12x250g,101,22.80,.0000143,.000025,.0000176,14.3,25,17.6,730,180,125,10,18,- None -,Drinks,Ground Coffee,12,Retail,20779921570001,Yes,Yes,Yes,- None -,0,6089,8,,,234,,
- None -,3.5,COFGIO-CAP CLASSIC-CA,1535,Gioia Espresso Classic Capsules 100 Per Case,Labcaffe,Active,0,0,0,0,0,,,,,,,,,0,,,,,- None -,50,- None -,- None -,1510,g,.01552908,,Admin Portal,Gioia,Coffee,1044,LABCAF Labcaffe Srl,Salerno,Gioia Espresso Classic Capsules 100 Per Case,361,12.00,.0000278,.0000285,.0000196,27.8,28.5,19.6,730,100,,2,50,- None -,Drinks,Coffee Pods,,Retail,8007387003619,Yes,Yes,No,- None -,0,33,,,,40,,
- None -,3.5,BRLF108-CA,3869,Vita Sana Breadsticks Sesame Bulk 12x400g,La Mole,Active,0,0,0,0,0,,,253,253,253,253,253,253,0,245,,,,- None -,245,- None -,- None -,5920,g,.044811,236,Admin Portal,Vita Sana,"Crackers, Cookies, Snacks",1049,LAMOLE F.Lli Milan Srl - MOLE,Salerno,Vita Sana Breadsticks Sesame Bulk 12x400g,VS400SES,15.57,.00003,.000039,.0000383,30,39,38.3,365,40,42,4,10,- None -,Pantry,Breadsticks,12,Retail,10779921200246,Yes,Yes,No,- None -,0,2531,17,,,245,,
- None -,3.5,BRFB003-CA,3442,Farm Boy Artisanal Grissini Garlic & Hot Pepper 20x250g,Larte Dei Sapori_PL Farm Boy,Active - PL,0,0,0,0,0,,,,,,,,,0,,,,,- None -,,- None -,- None -,11400,g,.001794972375,,Admin Portal,Farm Boy,"Crackers, Cookies, Snacks",1055,LARTE DEI SAPORI L Arte Dei Sapori Sas,Salerno,Farm Boy Artisanal Grissini Garlic & Hot Pepper 20x250g,BRFB003-CA,15.60,.00000965,.00001181,.00001575,9.65,11.81,15.75,365,64,,8,8,- None -,Pantry,Breadsticks,20,Private Label - FB,- None -,Yes,Yes,No,- None -,0,189,,,,50,,
- None -,3.5,BRFB001-CA,3443,Farm Boy Artisanal Grissini Traditional 20x250g,Larte Dei Sapori_PL Farm Boy,Active - PL,0,0,0,0,0,,,,,,,,,0,,,,,- None -,,- None -,- None -,11400,g,.001794972375,,Admin Portal,Farm Boy,"Crackers, Cookies, Snacks",1055,LARTE DEI SAPORI L Arte Dei Sapori Sas,Salerno,Farm Boy Artisanal Grissini Traditional 20x250g,BRFB001-CA,15.60,.00000965,.00001181,.00001575,9.65,11.81,15.75,365,,64,,,- None -,Pantry,Breadsticks,20,Private Label - FB,- None -,Yes,Yes,No,- None -,0,228,,,,80,,
- None -,3.5,BRFB002-CA,3441,Farm Boy Artisanal Grissini Fennel 20x250g,Larte Dei Sapori_PL Farm Boy,Active - PL,0,0,0,0,0,,,,,,,,,0,,,,,- None -,,- None -,- None -,11400,g,.001794972375,,Admin Portal,Farm Boy,"Crackers, Cookies, Snacks",1055,LARTE DEI SAPORI L Arte Dei Sapori Sas,Salerno,Farm Boy Artisanal Grissini Fennel 20x250g,BRFB002-CA,15.60,.00000965,.00001181,.00001575,9.65,11.81,15.75,365,64,,8,8,- None -,Pantry,Breadsticks,20,Private Label - FB,- None -,Yes,Yes,No,- None -,0,176,,,,80,,
- None -,3.5,FBTRUF01-CA,3455,Farm Boy Truffle Flavoured Grapedseed Oil 12x100ml,Le Ife_PL Farm Boy,Active - PL,0,0,0,0,0,,,,,,,,,0,,,,,- None -,,- None -,- None -,3000,g,.0070144064055,,Admin Portal,Farm Boy,"Oil, Vinegars and Cooking Wine",1060,LE IFE Tartufi Le Ife Srl,Salerno,Farm Boy Truffle Flavoured Grapedseed Oil 12x100ml,97,42.84,.000023495,.00001501,.00001989,23.495,15.01,19.89,365,180,,6,30,- None -,Pantry,Infused Oils,12,Private Label - FB,- None -,Yes,Yes,No,- None -,0,150,,,,60,,
Do Not Reorder - Sell through/Make Inactive,3.5,VSHON500A-T-CA,6430,Vita Sana Honey (Truffle) 6x500g,La Ife,Do not Order,0,0,0,0,0,,,7,7,7,7,7,7,0,,,,,- None -,,- None -,- None -,3360,g,.0084375,7,Admin Portal,Vita Sana,Condiments and Toppings,1060,LE IFE Tartufi Le Ife Srl,Salerno,Vita Sana Honey (Truffle) 6x500g,4586,261.60,.0000125,.00003,.0000225,12.5,30,22.5,547,100,,2,50,- None -,Food Service,Jams and Spreads,6,Retail,10779921106685,Yes,No,No,- None -,0,20,,,,1,,
- None -,3.5,FBTRUF02-CA,3456,Farm Boy Truffle Flavoured Sea Salts 12x100ml,Le Ife_PL Farm Boy,Active - PL,0,0,0,0,0,,,,,,,,,0,50,50,4/12/2026,,- None -,50,- None -,- None -,4000,g,.0070144064055,,Admin Portal,Farm Boy,Herbs Spices and Sauces,1060,LE IFE Tartufi Le Ife Srl,Salerno,Farm Boy Truffle Flavoured Sea Salts 12x100ml,2353,39.816,.000023495,.00001501,.00001989,23.495,15.01,19.89,547,270,,9,30,- None -,Pantry,Salt and Peppers,12,Private Label - FB,- None -,Yes,Yes,No,- None -,0,100,,,50,50,,
- None -,3.5,FPVA070-CA,3452,Farm Boy Muffuletta Mild 12x500g,Livabec_PL Farm Boy,Active - PL,0,0,0,0,0,,,204,204,204,204,204,204,0,,,,,- None -,,- None -,- None -,5680,g,.01126594521,,Admin Portal,Farm Boy,Condiments and Toppings,1074,LIVABE Les Aliments Livabec Foods Inc,Canada,Farm Boy Muffuletta Mild 12x500g,FBMUFM500,31.00,.00001651,.00002286,.00002985,16.51,22.86,29.85,730,102,,6,17,- None -,Pantry,Pickles and Antipasto,12,Private Label - FB,- None -,Yes,Yes,No,- None -,0,650,204,,,1500,,
- None -,3.5,FPVA056-CA,3660,R.M. Eggplant Mild In Oil 2x4L,Livabec,Active,0,0,0,0,0,,,122,122,122,122,122,122,0,,,,,- None -,,- None -,- None -,10150,g,.013695,121,Admin Portal,Regina Molisana,Condiments and Toppings,1074,LIVABE Les Aliments Livabec Foods Inc,Canada,R.M. Eggplant Mild In Oil 2x4L,MOLME4L,38.00,.000025,.000033,.0000166,25,33,16.6,730,84,,4,21,- None -,Pantry,Pickles and Antipasto,2,Retail,10779921320302,Yes,Yes,Yes,- None -,0,361,1,,,300,,
- None -,3.5,FPVA055-CA,3657,R.M. Eggplant Hot In Oil 2x4L,Livabec,Active,0,0,0,0,0,,,204,204,204,204,204,204,0,,,,,- None -,,- None -,- None -,10260,g,.013695,144,Admin Portal,Regina Molisana,Condiments and Toppings,1074,LIVABE Les Aliments Livabec Foods Inc,Canada,R.M. Eggplant Hot In Oil 2x4L,MOLHE4L,38.00,.000025,.000033,.0000166,25,33,16.6,730,84,,4,21,- None -,Pantry,Pickles and Antipasto,2,Retail,10779921310303,Yes,Yes,No,- None -,0,619,60,,,300,,
- None -,3.5,FPVA375-CA,3673,R.M. Muffuletta Mild 2x4L,Livabec,Active,0,0,0,0,0,,,153,153,153,153,153,153,0,,,,,- None -,,- None -,- None -,10548,g,.013695,153,Admin Portal,Regina Molisana,Condiments and Toppings,1074,LIVABE Les Aliments Livabec Foods Inc,Canada,R.M. Muffuletta Mild 2x4L,MOLMUFM4L,45.75,.000025,.000033,.0000166,25,33,16.6,730,84,,4,21,- None -,Pantry,Pickles and Antipasto,2,Retail,10779921310105,Yes,Yes,Yes,- None -,0,656,,,,300,,
- None -,3.5,FPVA022-CA,3656,R.M. Eggplant Hot In Oil 12x375ml,Livabec,Active,0,0,0,0,0,,,697,697,697,697,697,697,0,,,,,- None -,,- None -,- None -,6980,g,.008398247,692,Admin Portal,Regina Molisana,Condiments and Toppings,1074,LIVABE Les Aliments Livabec Foods Inc,Canada,R.M. Eggplant Hot In Oil 12x375ml,MOLHE375,22.00,.0000143,.0000281,.0000209,14.3,28.1,20.9,730,144,,8,18,- None -,Pantry,Pickles and Antipasto,12,Retail,10779921310235,Yes,Yes,Yes,- None -,0,1541,5,,,1500,,
- None -,3.5,FPVA059-CA,3642,R.M. Antipasto (Giardiniera) Hot 12x375ml,Livabec,Active,0,0,0,0,0,,,1169,1169,1169,1169,1169,1169,0,,,,,- None -,,- None -,- None -,7050,g,.008398247,1168,Admin Portal,Regina Molisana,Condiments and Toppings,1074,LIVABE Les Aliments Livabec Foods Inc,Canada,R.M. Antipasto (Giardiniera) Hot 12x375ml,MOLHA375,22.00,.0000143,.0000281,.0000209,14.3,28.1,20.9,730,144,,8,18,- None -,Pantry,Pickles and Antipasto,12,Retail,10779921371007,Yes,Yes,Yes,- None -,0,2080,1,,,1500,,
- None -,3.5,FPVA069B-CA,3553,Longos Muffuletta Mild 12x500ml,Livabec_PL Longos,Active - PL,0,0,0,0,0,,,116,116,116,116,116,116,0,,,,,- None -,,- None -,- None -,5680,g,.01126594521,116,Admin Portal,Longos,Condiments and Toppings,1074,LIVABE Les Aliments Livabec Foods Inc,Canada,Longos Muffuletta Mild 12x500ml,LONMUFM500,31.70,.00001651,.00002286,.00002985,16.51,22.86,29.85,730,102,,6,17,- None -,Pantry,Pickles and Antipasto,12,Private Label - Longos,10772468025006,Yes,Yes,No,- None -,0,1305,,,,1500,,
- None -,3.5,FPVA030-CA,3676,R.M. Mushrooms Hot In Oil 12x250ml,Livabec,Active,0,0,0,0,0,,,198,198,198,198,198,198,0,,,,,- None -,,- None -,- None -,5020,g,.006161915,197,Admin Portal,Regina Molisana,Condiments and Toppings,1074,LIVABE Les Aliments Livabec Foods Inc,Canada,R.M. Mushrooms Hot In Oil 12x250ml,MOLHM250,24.50,.0000089,.0000305,.0000227,8.9,30.5,22.7,728,192,,12,16,- None -,Pantry,Pickles and Antipasto,12,Retail,10779921320013,Yes,Yes,Yes,- None -,0,2480,1,,,1500,,
- None -,3.5,FPVA070C-CA,6620,Longos Curato Hot Sliced Peppers 12x250ml,Livabec_PL Longos,Active - PL,0,0,0,0,0,,,1,1,1,1,1,1,0,,,,,- None -,,- None -,- None -,5316,g,.009729192,1,Admin Portal,Longos,Condiments and Toppings,1074,LIVABE Les Aliments Livabec Foods Inc,Canada,Longos Curato Hot Sliced Peppers 12x250ml,LONHSP250,22.75,.0000137,.0000269,.0000264,13.7,26.9,26.4,730,250,,10,25,- None -,Pantry,Pickles and Antipasto,12,Private Label - Longos,10772468045424,Yes,Yes,No,- None -,0,0,,,,200,,
- None -,3.5,FPVA024-CA,3658,R.M. Eggplant Hot In Oil 12x750ml,Livabec,Active,0,0,0,0,0,,,285,285,285,285,285,285,0,,,,,- None -,,- None -,- None -,13110,g,.01574496,284,Admin Portal,Regina Molisana,Condiments and Toppings,1074,LIVABE Les Aliments Livabec Foods Inc,Canada,R.M. Eggplant Hot In Oil 12x750ml,MOLHE750,38.00,.0000168,.0000355,.0000264,16.8,35.5,26.4,730,77,,7,11,- None -,Pantry,Pickles and Antipasto,12,Retail,10779921310266,Yes,Yes,Yes,- None -,0,2212,1,,,1000,,
- None -,3.5,FPVA031-CA,3679,R.M. Mushrooms Mild In Oil 12x250ml,Livabec,Active,0,0,0,0,0,,,763,763,763,763,763,763,0,,,,,- None -,,- None -,- None -,5080,g,.006161915,633,Admin Portal,Regina Molisana,Condiments and Toppings,1074,LIVABE Les Aliments Livabec Foods Inc,Canada,R.M. Mushrooms Mild In Oil 12x250ml,MOLMM250,24.50,.0000089,.0000305,.0000227,8.9,30.5,22.7,728,192,,12,16,- None -,Pantry,Pickles and Antipasto,12,Retail,10779921320012,Yes,Yes,Yes,- None -,0,2198,2,,,1500,,
- None -,3.5,FPVA065A-CA,3674,R.M. Muffuletta Mild 12x500ml,Livabec,Active,0,0,0,0,0,,,1412.16,1412.16,1412.16,1412.16,1412.16,1412.16,0,,,,,- None -,,- None -,- None -,9000,g,.0108,1409.16,Admin Portal,Regina Molisana,Condiments and Toppings,1074,LIVABE Les Aliments Livabec Foods Inc,Canada,R.M. Muffuletta Mild 12x500ml,MOLMUFM500,31.00,.000016,.00003,.0000225,16,30,22.5,730,102,,6,17,- None -,Pantry,Pickles and Antipasto,12,Retail,10779921372011,Yes,Yes,Yes,- None -,0,2429,3,,,1500,,
- None -,3.5,FPVA023-CA,3659,R.M. Eggplant Mild In Oil 12x375ml,Livabec,Active,0,0,0,0,0,,,619,619,619,619,619,619,0,,,,,- None -,,- None -,- None -,7050,g,.008398247,612,Admin Portal,Regina Molisana,Condiments and Toppings,1074,LIVABE Les Aliments Livabec Foods Inc,Canada,R.M. Eggplant Mild In Oil 12x375ml,MOLME375,22.00,.0000143,.0000281,.0000209,14.3,28.1,20.9,730,144,,8,18,- None -,Pantry,Pickles and Antipasto,12,Retail,10779921320234,Yes,Yes,Yes,- None -,0,1413,7,,,1500,,
- None -,3.5,FPVA069A-CA,3554,Longos Muffuletta Original (HOT) 12x500ml,Livabec_PL Longos,Active - PL,0,0,0,0,0,,,,,,,,,0,,,,,- None -,535,- None -,- None -,5680,g,.01126594521,,Admin Portal,Longos,Condiments and Toppings,1074,LIVABE Les Aliments Livabec Foods Inc,Canada,Longos Muffuletta Original 12x500ml,LONMUF500,31.70,.00001651,.00002286,.00002985,16.51,22.86,29.85,730,102,,6,17,- None -,Pantry,Pickles and Antipasto,12,Private Label - Longos,10772468025662,Yes,Yes,No,- None -,0,1942,,,,1500,,
- None -,3.5,FPVA058-CA,3678,R.M. Mushrooms Mild In Oil 2x4L,Livabec,Do not Order,0,0,0,0,0,,,61,61,61,61,61,61,0,,,,,- None -,,- None -,- None -,10640,g,.013695,61,Admin Portal,Regina Molisana,Condiments and Toppings,1074,LIVABE Les Aliments Livabec Foods Inc,Canada,R.M. Mushrooms Mild In Oil 2x4L,MOLMM4L,60.00,.000025,.000033,.0000166,25,33,16.6,730,84,,4,21,- None -,Pantry,Pickles and Antipasto,2,Retail,779921320015,Yes,Yes,No,- None -,0,43,,,,300,,
- None -,3.5,FPVA057-CA,3677,R.M. Mushrooms Hot In Oil 2x4L,Livabec,Do not Order,0,0,0,0,0,,,17,17,17,17,17,17,0,,,,,- None -,,- None -,- None -,10590,g,.013695,17,Admin Portal,Regina Molisana,Condiments and Toppings,1074,LIVABE Les Aliments Livabec Foods Inc,Canada,R.M. Mushrooms Hot In Oil 2x4L,MOLHM4L,60.00,.000025,.000033,.0000166,25,33,16.6,730,84,,4,21,- None -,Pantry,Pickles and Antipasto,2,Retail,10779921310044,Yes,Yes,No,- None -,0,45,,,,300,,
- None -,3.5,FPVA071-CA,3453,Farm Boy Muffuletta Spicy 12x500g,Livabec_PL Farm Boy,Active - PL,0,0,0,0,0,,,,,,,,,0,,,,,- None -,,- None -,- None -,5680,g,.01126594521,,Admin Portal,Farm Boy,Condiments and Toppings,1074,LIVABE Les Aliments Livabec Foods Inc,Canada,Farm Boy Muffuletta Spicy 12x500g,FBMUFH500,31.00,.00001651,.00002286,.00002985,16.51,22.86,29.85,730,102,,6,17,- None -,Pantry,Pickles and Antipasto,12,Private Label - FB,- None -,Yes,Yes,No,- None -,0,625,,,,1500,,
- None -,3.5,FPVA066A-CA,3672,R.M. Muffuletta Hot 12x500ml,Livabec,Active,0,0,0,0,0,,,2315,2315,2315,2315,2315,2315,0,,,,,- None -,,- None -,- None -,9070,g,.0108,2241,Admin Portal,Regina Molisana,Condiments and Toppings,1074,LIVABE Les Aliments Livabec Foods Inc,Canada,R.M. Muffuletta Hot 12x500ml,MOLMUFH500,31.00,.000016,.00003,.0000225,16,30,22.5,730,102,,6,17,- None -,Pantry,Pickles and Antipasto,12,Retail,10779921372059,Yes,Yes,Yes,- None -,0,4119,74,,,1500,,
- None -,3.5,FPVA025-CA,3661,R.M. Eggplant Mild In Oil 12x750ml,Livabec,Active,0,0,0,0,0,,,200,200,200,200,200,200,0,,,,,- None -,,- None -,- None -,13100,g,.01574496,198,Admin Portal,Regina Molisana,Condiments and Toppings,1074,LIVABE Les Aliments Livabec Foods Inc,Canada,R.M. Eggplant Mild In Oil 12x750ml,MOLME750,38.00,.0000168,.0000355,.0000264,16.8,35.5,26.4,730,77,,7,11,- None -,Pantry,Pickles and Antipasto,12,Retail,10779921310265,Yes,Yes,Yes,- None -,0,1578,2,,,1500,,
- None -,3.5,FPVA375A-CA,3671,R.M. Muffuletta Hot 2x4L,Livabec,Active,0,0,0,0,0,,,189.5,189.5,189.5,189.5,189.5,189.5,0,,,,,- None -,,- None -,- None -,10460,g,.013695,189.5,Admin Portal,Regina Molisana,Condiments and Toppings,1074,LIVABE Les Aliments Livabec Foods Inc,Canada,R.M. Muffuletta Hot 2x4L,MOLMUFH4L,45.75,.000025,.000033,.0000166,25,33,16.6,730,84,,4,21,- None -,Pantry,Pickles and Antipasto,2,Retail,10779921310136,Yes,Yes,No,- None -,0,119,,,,300,,
- None -,3.5,FPVA028-CA,3666,R.M. Hot Sliced Peppers 12x250ml,Livabec,Active,0,0,0,0,0,50,50,50,50,50,50,50,50,0,,,,,- None -,,- None -,- None -,5030,g,.006161915,50,Admin Portal,Regina Molisana,Condiments and Toppings,1074,LIVABE Les Aliments Livabec Foods Inc,Canada,R.M. Hot Sliced Peppers 12x250ml,MOLHSP250,22.75,.0000089,.0000305,.0000227,8.9,30.5,22.7,728,192,,12,16,- None -,Pantry,Pickles and Antipasto,12,Retail,10779921325130,Yes,Yes,Yes,- None -,0,697,,50,,1500,,
- None -,3.5,FPVA060-CA,3643,R.M. Antipasto (Giardiniera) Mild 12x375ml,Livabec,Active,0,0,0,0,0,,,1303,1303,1303,1303,1303,1303,0,,,,,- None -,,- None -,- None -,7010,g,.008398247,1215,Admin Portal,Regina Molisana,Condiments and Toppings,1074,LIVABE Les Aliments Livabec Foods Inc,Canada,R.M. Antipasto (Giardiniera) Mild 12x375ml,MOLMA375,22.00,.0000143,.0000281,.0000209,14.3,28.1,20.9,730,144,,8,18,- None -,Pantry,Pickles and Antipasto,12,Retail,10779921371021,Yes,Yes,Yes,- None -,0,2663,38,,,1500,,
Do Not Reorder - Move to VS Brand,3.5,GNOCCHIMASS-CA,3562,Massimo Gnocchi 10x500g,Ciemme/Maffei_ Massimo,Do not Order,0,0,0,0,0,,,726,726,726,726,726,726,0,,,,,- None -,,- None -,- None -,5500,g,.01092,558,Admin Portal,Massimo,Pasta,1093,MAFFEI Il Pastaio Di Maffei Savino & C. Srl,Salerno,Massimo Gnocchi 10x500g,1444,4.90,.0000195,.000035,.000016,19.5,35,16,365,140,,7,20,- None -,Pantry,Gnocchi,10,Retail,10779921228912,Yes,No,No,- None -,0,4543,168,,,1580,,
- None -,3.5,VSPOLENTA01-CA,3900,Vita Sana Polenta 12x500g (Box),Molino Peila,Active,0,0,0,0,0,,,1091,1091,1091,1091,1091,1091,0,962,960,4/30/2026,,- None -,962,- None -,- None -,6660,g,.01566774,1082,Admin Portal,Vita Sana,Rice and Beans,1168,MOLINO Molino Peila Spa,Genova,Vita Sana Polenta 12x500g (Box),0014005AV,6.84,.0000193,.000041,.0000198,19.3,41,19.8,547,120,84,10,12,- None -,Pantry,Polenta and Couscous,12,Retail,10779921106593,Yes,Yes,Yes,- None -,0,5302,9,,,960,,
- None -,3.5,BAKMOV10001-CA,5117,Venchi Assorted Bag 12x200g,Molisana Imports,Active,0,0,0,0,0,,,,,,,,,0,,,,,- None -,,- None -,- None -,,- None -,,,Admin Portal,Venchi,Chocolate and Candy,1171,MOLISANA IMPORTS 996660 Ontario Ltd,Canada,Venchi Assorted Bag 12x200g,- None -,.00,,,,,,,,,,,,- None -,Pantry,Chocolate,,Retail,10779921089032,Yes,No,No,- None -,0,,,,,,,
- None -,3.5,BACI12497895-PA,7202,Baci Box 28Pcs Original Dark 264 (6x350g) DISPLAY PALLET,Baci_Chocolate,Label,0,0,0,0,0,,,1,1,1,1,1,1,0,,,,,- None -,,- None -,- None -,922.6,kg,0,1,Admin Portal,Baci,Chocolate and Candy,1171,MOLISANA IMPORTS 996660 Ontario Ltd,Canada,Baci Box 28Pcs Original Dark 264 (6x350g) DISPLAY PALLET,BACI12497895-PA,3743.04,0,0,0,0,0,0,364,100,1,2,50,- None -,Pantry,Chocolate,224,Retail - Chocolate Costco,- None -,Yes,Yes,No,- None -,0,,,,,1,,
- None -,3.5,BEBI01-PA,6245,Gioia Bitter (Red) 224x(24x100ml) (4x6Pack),Molisana Imports_PL Costco,Active - Costco,0,0,0,0,0,,,,,,,,,0,,,,,- None -,,- None -,- None -,0,g,0,,Admin Portal,Gioia,Soft Drinks,11482,Molisana Molisana Imports,- None -,Gioia Bitter (Red) 224x(24x100ml) (4x6Pack),6245,1709.12,0,0,0,0,0,0,730,1,,1,1,- None -,Drinks,Mixers,1,Retail,00779921921106,Yes,No,No,- None -,0,14,,,,1,,
- None -,3.5,BEBI21-CA,3615,Niasca Chinotto Cluster 24x250ml (6x4Pack),Niasca_Beverages,Active,0,0,0,0,0,,,176,176,176,176,176,176,0,,,,,- None -,,- None -,- None -,11700,g,.017091018,176,Admin Portal,Niasca,Soft Drinks,11020,NORD SALSE Nord Salse S.r.l.,Genova,Niasca Chinotto Cluster 24x250ml (6x4Pack),NP41,15.00,.0000202,.0000237,.0000357,20.2,23.7,35.7,730,91,,7,13,- None -,Drinks,Sparkling,6,Retail,10779921902164,Yes,Yes,No,- None -,0,678,,,,455,,
- None -,3.5,BEBI20-CA,3618,Niasca Festivo Cluster 24x250ml (6x4Pack),Niasca_Beverages,Active,0,0,0,0,0,,,379,379,379,379,379,379,0,,,,,- None -,,- None -,- None -,11890,g,.017091018,366,Admin Portal,Niasca,Soft Drinks,11020,NORD SALSE Nord Salse S.r.l.,Genova,Niasca Festivo Cluster 24x250ml (6x4Pack),NP40,15.00,.0000202,.0000237,.0000357,20.2,23.7,35.7,730,91,,7,13,- None -,Drinks,Sparkling,6,Retail,10779921902119,Yes,Yes,No,- None -,0,661,13,,,455,,
- None -,3.5,BEBI19-CA,3621,Niasca Mandarinata Cluster 24x250ml (6x4Pack),Niasca_Beverages,Active,0,0,0,0,0,,,692,692,692,692,692,692,0,,,,,- None -,,- None -,- None -,11720,g,.017091018,647,Admin Portal,Niasca,Soft Drinks,11020,NORD SALSE Nord Salse S.r.l.,Genova,Niasca Mandarinata Cluster 24x250ml (6x4Pack),NP39,15.00,.0000202,.0000237,.0000357,20.2,23.7,35.7,730,91,,7,13,- None -,Drinks,Sparkling,6,Retail,10779921902065,Yes,Yes,No,- None -,0,744,45,,,455,,
- None -,3.5,BEBI18-CA,3619,Niasca Limonata Cluster 24x250ml (6x4Pack),Niasca_Beverages,Active,0,0,0,0,0,,,424,424,424,424,424,424,0,,,,,- None -,,- None -,- None -,11740,g,.017091018,364,Admin Portal,Niasca,Soft Drinks,11020,NORD SALSE Nord Salse S.r.l.,Genova,Niasca Limonata Cluster 24x250ml (6x4Pack),NP38,15.00,.0000202,.0000237,.0000357,20.2,23.7,35.7,730,91,,7,13,- None -,Drinks,Sparkling,6,Retail,10779921902027,Yes,Yes,No,- None -,0,1145,60,,2,455,,
- None -,3.5,SADRPEST185-CA,7184,David Rocco Green Pesto Genovese 6x185g,Nord Salse,Active,0,0,0,0,0,,,2198,2198,2198,2198,2198,2198,0,,,,,- None -,,- None -,- None -,1998,g,.00266112,2198,Admin Portal,David Rocco CIO,Canned and Jarred,11020,NORD SALSE Nord Salse S.r.l.,Genova,David Rocco Green Pesto Genovese 6x185g,NS726,12.12,.000011,.0000126,.0000192,11,12.6,19.2,730,468,468,13,36,- None -,Pantry,Pasta and Pasta Sauce,6,Retail,10779921800927,Yes,Yes,Yes,- None -,0,,,,,2810,,
- None -,3.5,BAKMA05-CA,3469,Gioia Cantuccini (Tozetti) Almond 12x200g,Panducale,Active,0,0,0,0,0,,,406,406,406,406,406,406,0,313,313,5/23/2026,,- None -,313,- None -,- None -,2830,g,.017814468,393,Admin Portal,Gioia,"Crackers, Cookies, Snacks",1265,PANDUC Pan Ducale,Salerno,Gioia Cantuccini (Tozetti) Almond 12x200g,1099,14.52,.0000213,.0000406,.0000206,21.3,40.6,20.6,730,70,,7,10,- None -,Pantry,Cookies,12,Retail,10779921082231,Yes,Yes,Yes,- None -,0,2036,13,,,300,,
- None -,3.5,BAKMA41-CA,3466,Gioia Amaretti Biscuits 12x200g,Panducale,Active,0,0,0,0,0,,,527,527,527,527,527,527,0,,,,,- None -,,- None -,- None -,2860,g,.025844982,524,Admin Portal,Gioia,"Crackers, Cookies, Snacks",1265,PANDUC Pan Ducale,Salerno,Gioia Amaretti Biscuits 12x200g,0506G,14.592,.0000239,.0000402,.0000269,23.9,40.2,26.9,365,70,,7,10,- None -,Pantry,Cookies,12,Retail,10779921082217,Yes,Yes,Yes,- None -,0,2455,3,,,300,,
- None -,3.5,BAKPAN01-CA,3640,PC Cantucci Almond 12x250g,Panducale_PL PC,Active - PL,0,0,0,0,0,,,1118,1118,1118,1118,1118,1118,0,714,714,5/23/2026,,- None -,714,- None -,- None -,4000,g,.02335975,1118,Admin Portal,Presidents Choice,"Crackers, Cookies, Snacks",1265,PANDUC Pan Ducale,Salerno,PC Cantucci Almond 12x250g,0501/PC,16.32,.0000215,.0000265,.000041,21.5,26.5,41,456,81,,9,9,- None -,Pantry,Cookies,12,Retail,10060383758483,Yes,Yes,Yes,- None -,0,6615,,,60,500,,
- None -,3.5,VLONGOSFOC01-CA,6608,Longos Curato Focaccia Rosemary 10x100g,Panificio Bo_PL Longos,Active - PL,0,0,0,0,0,,,,,,,,,0,861,861,4/30/2026,,- None -,861,- None -,- None -,1500,g,.021518,,Admin Portal,Longos,"Crackers, Cookies, Snacks",1268,PANIFICIO BO Panificio Grissinificio Bo Srl,Genova,Longos Curato Focaccia Rosemary 10x100g,389,9.50,.000028,.0000265,.000029,28,26.5,29,365,60,72,5,12,- None -,Pantry,Crackers,10,Private Label - Longos,10772468045127,Yes,Yes,No,- None -,0,389,,,1152,72,,
- None -,3.5,VLONGOSFOC02-CA,6610,Longos Curato Focaccia Olive 10x100g,Panificio Bo_PL Longos,Active - PL,0,0,0,0,0,,,,,,,,,0,715,631,4/30/2026,,- None -,720,- None -,- None -,1500,g,.021518,,Admin Portal,Longos,"Crackers, Cookies, Snacks",1268,PANIFICIO BO Panificio Grissinificio Bo Srl,Genova,Longos Curato Focaccia Olive 10x100g,386,9.50,.000028,.0000265,.000029,28,26.5,29,365,60,72,5,12,- None -,Pantry,Crackers,10,Private Label - Longos,10772468045134,Yes,Yes,No,- None -,0,288,,,1152,72,,
- None -,3.5,CHIDAMASB500-CA,7125,Chiostro Amaretti Bag 10x500g,Chiostro_Cookies,Active-XMAS,0,0,0,0,0,,,,,,,,,0,,,,,- None -,,- None -,- None -,6350,g,.06016,,Admin Portal,Chiostro,"Crackers, Cookies, Snacks",12322,Paolo Paolo Lazzaroni & Figli spa,Genova,Chiostro Amaretti Bag 10x500g,DAMASB500,69.30,.00004,.000047,.000032,40,47,32,364,,25,,,- None -,Pantry,Cookies,10,Retail,18002873022881,Yes,Yes,No,- None -,0,,,,,1,,
- None -,3.5,CHIDPANEPLLUX750-CA,7161,Chiostro Panettone Pistachio Metal Tin Luxury Edition 6x750g,Chiostro_Label_XMAS,Active-XMAS,0,0,0,0,0,,,,,,,,,0,,,,,- None -,,- None -,- None -,4500,g,.06827268,,Admin Portal,Chiostro,Seasonal Christmas,12322,Paolo Paolo Lazzaroni & Figli spa,Genova,Chiostro Panettone Pistachio Metal Tin Luxury Edition 6x750g,DPANEPLLUX750,67.32,.000042,.0000238,.0000683,42,23.8,68.3,364,,20,,,- None -,Seasonal,Cakes,6,Retail - Seasonal,18002873013896,Yes,Yes,No,- None -,0,,,,9,1,,
- None -,3.5,CHIDAMAFVA227-CA,7126,Chiostro Amaretti Vintage Tin 6x225g,Chiostro_Label_XMAS,Active-XMAS,0,0,0,0,0,,,,,,,,,0,,,,,- None -,,- None -,- None -,4120,g,.031388,,Admin Portal,Chiostro,"Crackers, Cookies, Snacks",12322,Paolo Paolo Lazzaroni & Figli spa,Genova,Chiostro Amaretti Vintage Tin 6x225g,DAMAFVA227,45.60,.000028,.0000295,.000038,28,29.5,38,364,,56,,,- None -,Seasonal,Cookies,6,Retail,18002873019706,Yes,Yes,No,- None -,0,,,,,1,,
- None -,3.5,CHIDPANELSCI750-CA,7331,Chiostro Panettone Classic Sciatori Metal Tin 6x750g,Chiostro_Label_XMAS,Active-XMAS,0,0,0,0,0,,,,,,,,,0,,,,,- None -,,- None -,- None -,4500,g,.05424,,Admin Portal,Chiostro,Seasonal Christmas,12322,Paolo Paolo Lazzaroni & Figli spa,Genova,Chiostro Panettone Classic Sciatori Metal Tin 6x750g,DPANDLSCI750,54.31,.00004,.0000226,.00006,40,22.6,60,364,,36,,,- None -,Seasonal,Cakes,6,Retail - Seasonal,18002873015104,Yes,Yes,No,- None -,0,,,,5,1,,
- None -,3.5,CHIDPANEALLUX750-CA,7143,"Chiostro Panettone Tin Lemon, Tangerine, Orange 6x750g",Chiostro_Label_XMAS,Active-XMAS,0,0,0,0,0,,,,,,,,,0,,,,,- None -,,- None -,- None -,4500,g,.06827268,,Admin Portal,Chiostro,Seasonal Christmas,12322,Paolo Paolo Lazzaroni & Figli spa,Genova,"Chiostro Panettone Tin Lemon, Tangerine, Orange 6x750g",DPANEALLUX750,67.32,.000042,.0000238,.0000683,42,23.8,68.3,364,,20,,,- None -,Seasonal,Cakes,6,Retail - Seasonal,18002873015357,Yes,Yes,No,- None -,0,,,,,1,,
- None -,3.5,CHIDAMACB500-CA,7332,Chiostro Crunchy Amaretti Red Bag 10x500g,Chiostro_Cookies,Active-XMAS,0,0,0,0,0,,,,,,,,,0,,,,,- None -,,- None -,- None -,6350,g,.06016,,Admin Portal,Chiostro,"Crackers, Cookies, Snacks",12322,Paolo Paolo Lazzaroni & Figli spa,Genova,Chiostro Crunchy Amaretti Red Bag 10x500g,DAMASB500,69.30,.00004,.000047,.000032,40,47,32,364,,25,,,- None -,Pantry,Cookies,10,Retail,18002873019461,Yes,Yes,No,- None -,0,,,,,1,,
- None -,3.5,CHIDPANEL750-CA,7007,Chiostro Panettone Paper Wrap Limoncello 8x750g,Chiostro_Label_XMAS,Active-XMAS,0,0,0,0,0,,,,,,,,,0,,,,,- None -,,- None -,- None -,7840,g,.05472,,Admin Portal,Chiostro,Seasonal Christmas,12322,Paolo Paolo Lazzaroni & Figli spa,Genova,Chiostro Panettone Paper Wrap Limoncello 8x750g,DPANEL750,80.92,.0000285,.000024,.00008,28.5,24,80,364,,30,,,- None -,Seasonal,Cakes,8,Retail - Seasonal,18002873021440,Yes,Yes,No,- None -,0,12,,,6,1,,
- None -,3.5,CHIDPANELGR1-CA,7011,Chiostro Panettone Tin Classic 6x1Kg,Chiostro_Label_XMAS,Active-XMAS,0,0,0,0,0,,,,,,,,,0,,,,,- None -,,- None -,- None -,9900,g,.06827268,,Admin Portal,Chiostro,Seasonal Christmas,12322,Paolo Paolo Lazzaroni & Figli spa,Genova,Chiostro Panettone Tin Classic 6x1Kg,DPANELGR1,63.24,.000042,.0000238,.0000683,42,23.8,68.3,364,,20,,,- None -,Seasonal,Cakes,6,Retail - Seasonal,18002873023062,Yes,Yes,No,- None -,0,5,,,17,1,,
- None -,3.5,CHIDAMAVAN100-CA,7129,Chiostro Amaretti Classic Metal Van 12x100g,Chiostro_Label_XMAS,Active-XMAS,0,0,0,0,0,,,,,,,,,0,,,,,- None -,,- None -,- None -,6550,g,.0370575,,Admin Portal,Chiostro,"Crackers, Cookies, Snacks",12322,Paolo Paolo Lazzaroni & Figli spa,Genova,Chiostro Amaretti Classic Metal Van 12x100g,DAMAVAN100,103.68,.000027,.0000305,.000045,27,30.5,45,364,,42,,,- None -,Seasonal,Cookies,12,Retail,18002873021792,Yes,Yes,No,- None -,0,,,,4,1,,
- None -,3.5,CHIDEXPOASS175-CA,7128,Chiostro Amaretti Assorted 12x175g,Chiostro_Cookies,Active-XMAS,0,0,0,0,0,,,,,,,,,0,,,,,- None -,,- None -,- None -,6186,g,.0444,,Admin Portal,Chiostro,"Crackers, Cookies, Snacks",12322,Paolo Paolo Lazzaroni & Figli spa,Genova,Chiostro Amaretti Assorted 12x175g,DEXPOASS175,85.86,.0000185,.00006,.00004,18.5,60,40,364,,40,,,- None -,Pantry,Cookies,12,Retail,18002873021266,Yes,Yes,No,- None -,0,,,,,1,,
- None -,3.5,CHIDPANEA750-CA,7145,Chiostro Panettone Paper Wrap Amaretto 8x750g,Chiostro_Label_XMAS,Active-XMAS,0,0,0,0,0,,,,,,,,,0,,,,,- None -,,- None -,- None -,7840,g,.05472,,Admin Portal,Chiostro,Seasonal Christmas,12322,Paolo Paolo Lazzaroni & Figli spa,Genova,Chiostro Panettone Paper Wrap Amaretto 8x750g,DPANEA750,82.96,.0000285,.000024,.00008,28.5,24,80,364,,30,,,- None -,Seasonal,Cakes,8,Retail - Seasonal,18002873018105,Yes,Yes,No,- None -,0,,,,6,1,,
- None -,3.5,CHIDPANDLSCI750-CA,7166,Chiostro Pandoro Sciatori Metal Tin 6x750g,Chiostro_Label_XMAS,Active-XMAS,0,0,0,0,0,,,,,,,,,0,,,,,- None -,,- None -,- None -,4500,g,.05424,,Admin Portal,Chiostro,Seasonal Christmas,12322,Paolo Paolo Lazzaroni & Figli spa,Genova,Chiostro Pandoro Sciatori Metal Tin 6x750g,DPANDLSCI750,54.31,.00004,.0000226,.00006,40,22.6,60,364,,36,,,- None -,Seasonal,Cakes,6,Retail - Seasonal,18002873015104,Yes,Yes,No,- None -,0,,,,7,1,,
- None -,3.5,CHIDPANEPI750-CA,7009,Chiostro Panettone Paper Wrap Pistacchio 8x750g,Chiostro_Label_XMAS,Active-XMAS,0,0,0,0,0,,,,,,,,,0,,,,,- None -,,- None -,- None -,7840,g,.05472,,Admin Portal,Chiostro,Seasonal Christmas,12322,Paolo Paolo Lazzaroni & Figli spa,Genova,Chiostro Panettone Paper Wrap Pistacchio 8x750g,DPANEPI750,82.96,.0000285,.000024,.00008,28.5,24,80,364,,30,,,- None -,Seasonal,Cakes,8,Retail - Seasonal,18002873023116,Yes,Yes,No,- None -,0,20,,,5,1,,
- None -,3.5,CHIDAMAWB150-CA,7124,Chiostro Amaretti Red Window Box 12x150g,Chiostro_Label_XMAS,Active-XMAS,0,0,0,0,0,,,,,,,,,0,,,,,- None -,,- None -,- None -,2870,g,.035518,,Admin Portal,Chiostro,"Crackers, Cookies, Snacks",12322,Paolo Paolo Lazzaroni & Figli spa,Genova,Chiostro Amaretti Red Window Box 12x150g ,DAMAWB150,34.02,.000028,.0000295,.000043,28,29.5,43,364,,42,,,- None -,Seasonal,Cookies,12,Retail,18002873018037,Yes,Yes,No,- None -,0,,,,15,1,,
- None -,3.5,CHIDCANTVAN100-CA,7130,Chiostro Cantuccini Metal Van 12x100g,Chiostro_Cookies,Active-XMAS,0,0,0,0,0,,,,,,,,,0,,,,,- None -,,- None -,- None -,6450,g,.0370575,,Admin Portal,Chiostro,"Crackers, Cookies, Snacks",12322,Paolo Paolo Lazzaroni & Figli spa,Genova,Chiostro Cantuccini Metal Van 12x100g,DCANTVAN100,97.74,.000027,.0000305,.000045,27,30.5,45,364,,42,,,- None -,Pantry,Cookies,12,Retail,18002873021822,Yes,Yes,No,- None -,0,,,,1,1,,
- None -,3.5,BRCO06A-CA,3876,Vita Sana Freselle Integrali 12x400g,Pascuzzo,Active,0,0,0,0,0,,,164,164,164,164,164,164,0,,,,,- None -,,- None -,- None -,5470,g,.035369376,163,Admin Portal,Vita Sana,"Crackers, Cookies, Snacks",1277,PASCUZZO Panificio Pascuzzo S.N.C,Salerno,Vita Sana Freselle Integrali 12x400g,CAN-FRE,9.72,.0000309,.0000292,.0000392,30.9,29.2,39.2,360,50,48,5,10,- None -,Pantry,Crackers,12,Retail,10779921200369,Yes,Yes,No,- None -,0,584,1,,,70,,
- None -,3.5,BRLF107-CA,3906,Vita Sana Taralli Olive Oil 16x225g,Pascuzzo,Active,0,0,0,0,0,,,2448,2448,2448,2448,2448,2448,0,22,,,,- None -,1022,- None -,- None -,4060,g,.01705536,2436,Admin Portal,Vita Sana,"Crackers, Cookies, Snacks",1277,PASCUZZO Panificio Pascuzzo S.N.C,Salerno,Vita Sana Taralli Olive Oil 16x225g,CAN-TAR/OI,8.80,.0000192,.0000235,.0000378,19.2,23.5,37.8,365,104,91,8,13,- None -,Pantry,Crackers,16,Retail,10779921200208,Yes,Yes,Yes,- None -,0,10514,12,,,100,,
- None -,3.5,BRCO07-CA,3912,Vita Sana Whole Wheat Bruschette 15x400g,Pascuzzo,Active,0,0,0,0,0,,,131,131,131,131,131,131,0,,,,,- None -,70,- None -,- None -,7010,g,.03621296,130,Admin Portal,Vita Sana,"Crackers, Cookies, Snacks",1277,PASCUZZO Panificio Pascuzzo S.N.C,Salerno,Vita Sana Whole Wheat Bruschette 15x400g,CAN-BRU,12.15,.000031,.0000298,.0000392,31,29.8,39.2,360,50,48,5,10,- None -,Pantry,Crackers,15,Retail,10779921200383,Yes,Yes,No,- None -,0,507,1,,,70,,
- None -,3.5,BRLF106-CA,3907,Vita Sana Taralli Pepperoncino 16x225g,Pascuzzo,Active,0,0,0,0,0,,,666,666,666,666,666,666,0,,,,,- None -,175,- None -,- None -,4030,g,.01705536,660,Admin Portal,Vita Sana,"Crackers, Cookies, Snacks",1277,PASCUZZO Panificio Pascuzzo S.N.C,Salerno,Vita Sana Taralli Pepperoncino 16x225g,CAN-TAR/PE,8.80,.0000192,.0000235,.0000378,19.2,23.5,37.8,365,104,81,8,13,- None -,Pantry,Crackers,16,Retail,10779921200239,Yes,Yes,Yes,- None -,0,1690,6,,,100,,
- None -,3.5,BRLF105-CA,6214,Vita Sana Taralli Pizza 16x225g,Pascuzzo,Active,0,0,0,0,0,,,227,227,227,227,227,227,0,,,,,- None -,,- None -,- None -,4032,g,.01705536,227,Admin Portal,Vita Sana,"Crackers, Cookies, Snacks",1277,PASCUZZO Panificio Pascuzzo S.N.C,Salerno,Vita Sana Taralli Pizza 16x225g,CAN-TAR/PI,8.80,.0000192,.0000235,.0000378,19.2,23.5,37.8,360,104,81,8,13,- None -,Pantry,Crackers,16,Retail,10779921200345,Yes,Yes,Yes,- None -,0,424,,,,100,,
- None -,3.5,BRLF109-CA,3905,Vita Sana Taralli Fennel 16x225g,Pascuzzo,Active,0,0,0,0,0,,,1067,1067,1067,1067,1067,1067,0,,,,,- None -,700,- None -,- None -,4090,g,.01705536,1062,Admin Portal,Vita Sana,"Crackers, Cookies, Snacks",1277,PASCUZZO Panificio Pascuzzo S.N.C,Salerno,Vita Sana Taralli Fennel 16x225g,CAN-TAR/FE,8.80,.0000192,.0000235,.0000378,19.2,23.5,37.8,360,104,91,8,13,- None -,Pantry,Crackers,16,Retail,10779921200222,Yes,Yes,Yes,- None -,0,3151,5,,,100,,
- None -,3.5,BEGB02-CA,6875,Gioia Bitter (Red) 6x1L,Polara,Active,0,0,0,0,0,,,631,631,631,631,631,631,0,646,646,5/6/2026,,- None -,1186,- None -,- None -,6480,g,.010752,535,Admin Portal,Gioia,Soft Drinks,1309,POLARA Polara Bibite Srl,Salerno,Gioia Bitter (Red) 6x1L,biz12,2.53,.000028,.000024,.000016,28,24,16,365,180,120,6,30,- None -,Drinks,Mixers,6,Retail,20779921900204,Yes,Yes,Yes,- None -,0,2067,96,,,360,,
Winter Stock Procedure,3.5,BEBI01-CA,3467,Gioia Bitter (Red) 24x100ml (4x6Pack),Polara,Active,0,0,0,0,0,300,300,380,380,380,380,380,380,0,1948,1011,4/18/2026,,- None -,1948,- None -,- None -,4970,g,.00592704,347,Admin Portal,Gioia,Soft Drinks,1309,POLARA Polara Bibite Srl,Salerno,Gioia Bitter (Red) 24x100ml (4x6Pack),131gioia,3.552,.000014,.0000252,.0000168,14,25.2,16.8,730,224,,8,28,- None -,Drinks,Mixers,4,Retail,779921921106,Yes,Yes,Yes,- None -,0,7603,33,300,,448,,
- None -,3.5,SARM-12 DOP-CA,3693,R.M. San Marzano DOP Tomatoes 12x796ml (28oz),Agriconserve,Active,0,0,0,0,0,194,194,259,259,259,259,259,259,0,770,770,4/18/2026,,- None -,1210,- None -,- None -,11470,g,.0158235,259,Admin Portal,Regina Molisana,Canned and Jarred,1354,REGA Rega Food Srl,Salerno,R.M. San Marzano DOP Tomatoes 12x796ml (28oz),PEL100012 (SMD),23.50,.0000125,.0000411,.0000308,12.5,41.1,30.8,1581,120,,12,10,- None -,Pantry,Tomatoes and Paste,12,Retail,10779921810506,Yes,Yes,Yes,- None -,0,2985,,194,2,440,,
- None -,3.5,SARM680.ORG-CA,7183,R.M. Organic Passata 12x680ml,Agriconserve,Active,0,0,0,0,0,,,992,992,992,992,992,992,0,,,,,- None -,3066,- None -,- None -,12000,g,.013398,340,Admin Portal,Regina Molisana,Canned and Jarred,1354,REGA Rega Food Srl,Salerno,R.M. Organic Passata 12x680ml,PAS070012 (B),9.24,.000022,.000029,.000021,22,29,21,1095,96,,6,16,- None -,Pantry,Pasta and Pasta Sauce,12,Retail,10779921800774,Yes,Yes,Yes,- None -,0,,,,50,90,,
- None -,3.5,SARM-100-CA,3667,R.M. Italian Peeled Tomatoes 6x100oz,Agriconserve,Active,0,0,0,0,0,,,141,141,141,141,141,141,0,,,,,- None -,64,- None -,- None -,20000,g,.016533426,141,Admin Portal,Regina Molisana,Canned and Jarred,1354,REGA Rega Food Srl,Salerno,R.M. Italian Peeled Tomatoes 6x100oz,PEL34006,15.30,.0000182,.0000283,.0000321,18.2,28.3,32.1,1216,64,,8,8,- None -,Pantry,Tomatoes and Paste,6,Retail,10779921810209,Yes,Yes,No,- None -,0,381,,,,128,,
- None -,3.5,SARM-D24-CA,3654,R.M. Diced Tomatoes 24x398ml (14oz),Agriconserve,Active,0,0,0,0,0,,,2362,2362,2362,2362,2362,2362,0,,,,,- None -,,- None -,- None -,11690,g,.01615068,2361,Admin Portal,Regina Molisana,Canned and Jarred,1354,REGA Rega Food Srl,Salerno,R.M. Diced Tomatoes 24x398ml (14oz),POC050024,10.50,.0000116,.0000455,.0000306,11.6,45.5,30.6,1095,96,,12,8,- None -,Pantry,Tomatoes and Paste,24,Retail + HF,10779921810353,Yes,Yes,Yes,- None -,0,3411,1,,,440,,
- None -,3.5,SAFARM01-CA,6902,Farm Boy San Marzano DOP Tomatoes 12x796ml (28oz),Agriconserve_PL Farm Boy,Active - PL,0,0,0,0,0,,,,,,,,,0,,,,,- None -,,- None -,- None -,11024,g,.016599625,,Admin Portal,Farm Boy,Canned and Jarred,1354,REGA Rega Food Srl,Salerno,Farm Boy San Marzano DOP Tomatoes 12x796ml (28oz),PEL100012 (SMD) F,23.50,.0000125,.0000427,.0000311,12.5,42.7,31.1,120,100,,10,10,- None -,Pantry,Tomatoes and Paste,12,Private Label - FB,10808912032655,Yes,Yes,No,- None -,0,2789,,,,440,,
- None -,3.5,SARM-12-CA,3668,R.M. Italian Peeled Tomatoes 12x796ml (28oz),Agriconserve,Active,0,0,0,0,0,99,99,324,324,324,324,324,324,0,880,880,4/18/2026,,- None -,1320,- None -,- None -,11330,g,.016063468,99,Admin Portal,Regina Molisana,Canned and Jarred,1354,REGA Rega Food Srl,Salerno,R.M. Italian Peeled Tomatoes 12x796ml (28oz),PEL100012,9.70,.0000127,.0000412,.0000307,12.7,41.2,30.7,1216,120,,12,10,- None -,Pantry,Tomatoes and Paste,12,Retail,10779921810100,Yes,Yes,Yes,- None -,0,2405,5,99,2,440,,
- None -,3.5,SARM680.RUS-CA,7182,R.M. Passata Rustica 12x680ml,Agriconserve,Active,0,0,0,0,0,,,876,876,876,876,876,876,0,,,,,- None -,3046,- None -,- None -,12000,g,.013398,243,Admin Portal,Regina Molisana,Canned and Jarred,1354,REGA Rega Food Srl,Salerno,R.M. Passata Rustica 12x680ml,POF070012 (C),8.40,.000022,.000029,.000021,22,29,21,1095,96,,6,16,- None -,Pantry,Pasta and Pasta Sauce,12,Retail,10779921800811,Yes,Yes,Yes,- None -,0,,,,,90,,
- None -,3.5,SALONGOS01-CA,3548,Longos Curato San Marzano DOP Tomatoes 12x796ml,Agriconserve_PL Longos,Active - PL,0,0,0,0,0,,,,,,,,,0,,,,,- None -,1990,- None -,- None -,11250,g,.0158875,,Admin Portal,Longos,Canned and Jarred,1354,REGA Rega Food Srl,Salerno,Longos Curato San Marzano DOP Tomatoes 12x796ml,PEL100012 (SMD),23.50,.0000125,.000041,.000031,12.5,41,31,120,100,,10,10,- None -,Pantry,Tomatoes and Paste,12,Private Label - Longos,10772468023569,Yes,Yes,No,- None -,0,440,,,1990,440,,
- None -,3.5,BRRI579-CA,3496,Vita Sana Treccine Pepperoncino 16x340g,Ricciardi,Do not Order,0,0,0,0,0,,,95,95,95,95,95,95,0,1,,,,- None -,31,- None -,- None -,6140,g,.02904663,95,Admin Portal,Vita Sana,"Crackers, Cookies, Snacks",1368,RICCIA FR Srl Semplificata Unipersonale,Salerno,Vita Sana Treccine Pepperoncino 16x340g,50523340,16.72,.0000285,.0000262,.0000389,28.5,26.2,38.9,,50,,5,10,- None -,Pantry,Crackers,16,Retail,10779921200031,Yes,No,Yes,- None -,0,357,,,,50,,
- None -,3.5,BRRI576-CA,3495,Vita Sana Treccine 16x340g,Ricciardi,Active,0,0,0,0,0,,,211,211,211,211,211,211,0,200,200,4/18/2026,,- None -,500,- None -,- None -,5970,g,.02904663,208,Admin Portal,Vita Sana,"Crackers, Cookies, Snacks",1368,RICCIA FR Srl Semplificata Unipersonale,Salerno,Vita Sana Treccine 16x340g,50522340,16.72,.0000285,.0000262,.0000389,28.5,26.2,38.9,365,50,,5,10,- None -,Pantry,Crackers,16,Retail,10779921200017,Yes,Yes,Yes,- None -,0,1779,3,,,100,,
- None -,3.5,DELROVUZ1CD-CA,7188,Longos Curato Prosciutto Cotto Gran Sapore (2Pc) Per/Kg,Rovagnati_PL Longos,Active - PL,0,0,0,0,0,,,785.19,785.19,785.19,785.19,785.19,785.19,0,,,,,- None -,,- None -,- None -,6886,g,.020979666,781.19,Admin Portal,Rovagnati,Deli Meats,1394,ROVAGNATI Rovagnati Spa,Genova,Longos Curato Prosciutto Cotto Gran Sapore (2Pc) Per/Kg,UZ1CD,8.18,.0000218,.0000289,.0000333,21.8,28.9,33.3,300,100,,2,50,- None -,Deli,Mortadella & Prosciutto,2,Retail,10772468009167,Yes,Yes,No,- None -,0,,4,,,560,,
- None -,3.5,DELROVU88CD-CA,6150,Rovagnati Gran Mortadella Massima 2x3Kg,Rovagnati,Active,0,0,0,0,0,,,4468.8,4468.8,4468.8,4468.8,4468.8,4468.8,0,,,,,- None -,900,- None -,- None -,6340,g,.01579032,4465.8,Admin Portal,Rovagnati,Deli Meats,1394,ROVAGNATI Rovagnati Spa,Genova,Rovagnati Gran Mortadella Massima 2x3Kg,U88CD,6.68,.0000182,.0000482,.000018,18.2,48.2,18,300,100,,2,50,- None -,Deli,Mortadella & Prosciutto,2,Retail,98007141502986,Yes,Yes,Yes,- None -,0,6551.62,3,,,1340,,
- None -,3.5,DELROV250CD-CA,3718,Rovagnati Sgrassatella (1Pc) Per/Kg,Rovagnati,Active,0,0,0,0,0,,,597.494,597.494,597.494,597.494,597.494,597.494,0,,,,,- None -,200,- None -,- None -,2760,g,.008446464,597.494,Admin Portal,Rovagnati,Deli Meats,1394,ROVAGNATI Rovagnati Spa,Genova,Rovagnati Sgrassatella (1Pc) Per/Kg,250CD,12.36,.0000188,.0000192,.0000234,18.8,19.2,23.4,240,100,,2,50,- None -,Deli,Mortadella & Prosciutto,1,Retail,98007141512909,Yes,Yes,Yes,- None -,0,1629.542,,,,290,,
- None -,3.5,DELROVG37CD-CA,6000,Rovagnati Salame Milano,Rovagnati,Active,0,0,0,0,0,,,890.338,890.338,890.338,890.338,890.338,890.338,0,,,,,- None -,,- None -,- None -,6110,g,.015012,890.338,Admin Portal,Rovagnati,Deli Meats,1394,ROVAGNATI Rovagnati Spa,Genova,Rovagnati Salame Milano,G37CD,10.50,.0000139,.00004,.000027,13.9,40,27,240,100,,2,50,- None -,Deli,Salami,,Retail,98007141502948,Yes,Yes,No,- None -,0,2750.438,,,,475,,
- None -,3.5,DELROVGL0CD-CA,3707,Rovagnati Porchetta Smaller Cuts (2Pc) Per/Kg,Rovagnati,Active,0,0,0,0,0,,,724.527,724.527,724.527,724.527,724.527,724.527,0,,,,,- None -,1000,- None -,- None -,9702,g,.02537,724.527,Admin Portal,Rovagnati,Deli Meats,1394,ROVAGNATI Rovagnati Spa,Genova,Rovagnati Porchetta Smaller Cuts (2Pc) Per/Kg,GL0CD,9.87,.00002,.0000215,.000059,20,21.5,59,300,100,,2,50,- None -,Deli,Mortadella & Prosciutto,2,Retail,98007141512879,Yes,Yes,Yes,- None -,0,2960.892,,,,690,,
- None -,3.5,DELROV194CD-CA,3719,Rovagnati SPECK Prosciutto (2Pc) Per/Kg,Rovagnati,Active,0,0,0,0,0,,,276.303,276.303,276.303,276.303,276.303,276.303,0,,,,,- None -,600,- None -,- None -,5326,g,.0146367,274.303,Admin Portal,Rovagnati,Deli Meats,1394,ROVAGNATI Rovagnati Spa,Genova,Rovagnati SPECK Prosciutto (2Pc) Per/Kg,194CD,11.81,.0000139,.000027,.000039,13.9,27,39,240,100,,2,50,- None -,Deli,Mortadella & Prosciutto,2,Retail,98007141502887,Yes,Yes,No,- None -,0,1260.076,2,,,180,,
- None -,3.5,DELROVGV9CD-CA,1194,Rovagnati Prosciutto Cotto Gran Sapore (2Pc) Per/Kg,Rovagnati,Active,0,0,0,0,0,,,3261.816,3261.816,3261.816,3261.816,3261.816,3261.816,0,,,,,- None -,,- None -,- None -,6886,g,.020979666,3261.816,Admin Portal,Rovagnati,Deli Meats,1394,ROVAGNATI Rovagnati Spa,Genova,Rovagnati Prosciutto Cotto Gran Sapore (2Pc) Per/Kg,GV9CD,8.18,.0000218,.0000289,.0000333,21.8,28.9,33.3,300,100,,2,50,- None -,Deli,Mortadella & Prosciutto,2,Retail,98007141510479,Yes,Yes,No,- None -,0,8214.552,,,,1260,,
- None -,3.5,DELROVU87CD-CA,3706,Rovagnati PISTACCHIO Gran Mortadella (2Pc) Per/Kg,Rovagnati,Active,0,0,0,0,0,,,1287.14,1287.14,1287.14,1287.14,1287.14,1287.14,0,,,,,- None -,,- None -,- None -,6538,g,.02106342,1287.14,Admin Portal,Rovagnati,Deli Meats,1394,ROVAGNATI Rovagnati Spa,Genova,Rovagnati PISTACCHIO Gran Mortadella (2Pc) Per/Kg,U87CD,6.68,.0000229,.0000292,.0000315,22.9,29.2,31.5,300,100,,2,50,- None -,Deli,Mortadella & Prosciutto,2,Retail,98007141502993,Yes,Yes,No,- None -,0,1921.64,,,,510,,
- None -,3.5,DELROV049CD-CA,1192,Rovagnati Prosciutto Cotto Gran Biscotto Classic (2Pc) Per/Kg,Rovagnati,Active,0,0,0,0,0,,,3373.31805,3373.31805,3373.31805,3373.31805,3373.31805,3373.31805,0,,,,,- None -,2000,- None -,- None -,7662,g,.029490912,3372.31805,Admin Portal,Rovagnati,Deli Meats,1394,ROVAGNATI Rovagnati Spa,Genova,Rovagnati Prosciutto Cotto Gran Biscotto Classic (2Pc) Per/Kg,049CD,10.31,.0000174,.0000321,.0000528,17.4,32.1,52.8,300,100,,2,50,- None -,Deli,Mortadella & Prosciutto,2,Retail,98007141502719,Yes,Yes,Yes,- None -,0,10764.315,1,,,1510,,
- None -,3.5,DELROVG33CD-CA,6001,Rovagnati Salame Napoli,Rovagnati,Active,0,0,0,0,0,,,852.336,852.336,852.336,852.336,852.336,852.336,0,,,,,- None -,,- None -,- None -,6364,g,.01579032,852.336,Admin Portal,Rovagnati,Deli Meats,1394,ROVAGNATI Rovagnati Spa,Genova,Rovagnati Salame Napoli,G33CD,10.50,.0000182,.0000482,.000018,18.2,48.2,18,240,100,,2,50,- None -,Deli,Salami,,Retail,98007141502795,Yes,Yes,No,- None -,0,1596.808,,,,420,,
- None -,3.5,DELROVUO7CD-CA,6003,Rovagnati Salame Ventricina,Rovagnati,Active,0,0,0,0,0,,,777.282,777.282,777.282,777.282,777.282,777.282,0,,,,,- None -,,- None -,- None -,6000,g,.0301584,777.282,Admin Portal,Rovagnati,Deli Meats,1394,ROVAGNATI Rovagnati Spa,Genova,Rovagnati Salame Ventricina,UO7CD,10.50,.0000183,.0000515,.000032,18.3,51.5,32,240,100,,2,50,- None -,Deli,Salami,,Retail,98007141519939,Yes,Yes,No,- None -,0,1455.278,,,,320,,
- None -,3.5,FPRM150A-CA,3684,R.M. Olives Infornate 12x500g,Salviani,Active - Not Sellable,0,0,0,0,0,,,95,95,95,95,95,95,0,,,,,- None -,,- None -,- None -,6600,g,.02124,,Admin Portal,Regina Molisana,Condiments and Toppings,1409,SALVIANI Salviani S.R.L.,Salerno & Genova,R.M. Olives Infornate 12x500g,2560,30.00,.000018,.0000295,.00004,18,29.5,40,365,110,,11,10,- None -,Pantry,Pickles and Antipasto,12,Retail,20779921320729,No,No,No,- None -,0,975,,,,220,,
- None -,3.5,SCOTTI8-CA,3731,Scotti Risotto Formaggio Cremoso 10x210g,Scotti,Active,0,0,0,0,0,192,192,292,292,292,292,292,292,0,544,272,4/15/2026,,- None -,1384,- None -,- None -,2380,g,.01012095,292,Admin Portal,Scotti,Rice and Beans,1422,SCOTTI Riso Scotti,Livorno,Scotti Risotto Formaggio Cremoso 10x210g,P221TBA2CAN,10.66,.000021,.0000135,.0000357,21,13.5,35.7,365,136,138,8,17,- None -,Pantry,Rice,10,Retail,8001860232626,Yes,Yes,Yes,- None -,0,3356,,192,27,136,,
- None -,3.5,SCOTTI1DISPLAY-EMPTY-FL,1962,Scotti Empty Displayers,Scotti,Active-Displayer,0,0,0,0,0,,,57,57,57,57,57,57,0,,,,,- None -,,- None -,- None -,,- None -,,57,Admin Portal,Scotti,Rice and Beans,1422,SCOTTI Riso Scotti,Livorno,- None -,SCOTTIDISPLAY-EMPTY-FO,.00,,,,,,,9999,,,,,- None -,Pantry,Displayer,,Displayer,- None -,Yes,Yes,No,- None -,0,,,,,1,,
DEVIATION - REPACK TO 12 LABEL UNITS AND CASES,3.5,SCOTTI23-14-CA,7313,Scotti Venere Black Rice 14x500g (Bag),Scotti,Part,0,0,0,0,0,,,,,,,,,0,154,154,5/20/2026,,- None -,154,- None -,- None -,6660,g,.00988848,,Admin Portal,Scotti,Rice and Beans,1422,SCOTTI Riso Scotti,Livorno,Scotti Venere Black Rice 14x500g (Bag),FB00PQONT,23.96,.0000162,.0000218,.000028,16.2,21.8,28,,126,,9,14,- None -,Pantry,Rice,14,Retail,8001860186493,No,Yes,No,- None -,0,278,,,,126,,
UNIT CODE FOR UNBUILD/BUILD,3.5,SCOTTI23-EA,7314,Scotti Venere Black Rice 500g (each),Scotti,Part,0,0,0,0,0,,,,,,,,,0,,,,,- None -,,- None -,- None -,6660,g,.00988848,,Admin Portal,Scotti,Rice and Beans,1422,SCOTTI Riso Scotti,Livorno,Scotti Venere Black Rice 500g (each),- None -,.00,.0000162,.0000218,.000028,16.2,21.8,28,,126,,9,14,- None -,Pantry,Rice,1,Retail,8001860186493,No,No,No,- None -,0,278,,,,126,,
- None -,3.5,SCOTTI3-CA,3728,Scotti Long Grain Carnaroli 10x1Kg,Scotti,Active,0,0,0,0,0,,,294,294,294,294,294,294,0,444,252,4/15/2026,,- None -,444,- None -,- None -,10840,g,.01502592,222,Admin Portal,Scotti,Rice and Beans,1422,SCOTTI Riso Scotti,Livorno,Scotti Long Grain Carnaroli 10x1Kg,CA01SAONT,23.50,.0000208,.0000258,.000028,20.8,25.8,28,365,84,,7,12,- None -,Pantry,Rice,10,Retail,10779921601616,Yes,Yes,Yes,- None -,0,1270,72,,,72,,
- None -,3.5,SCOTTI36-CA,3726,Scotti Arancine Rice 10x1kg,Scotti,Active,0,0,0,0,0,,,112,112,112,112,112,112,0,112,112,4/15/2026,,- None -,112,- None -,- None -,10270,g,.0123786,112,Admin Portal,Scotti,Rice and Beans,1422,SCOTTI Riso Scotti,Livorno,Scotti Arancine Rice 10x1kg,RA01SA,17.82,.0000195,.000023,.0000276,19.5,23,27.6,365,84,,7,12,- None -,Pantry,Rice,10,Retail,10779921601654,Yes,Yes,Yes,- None -,0,710,,,,112,,
ORDER IN 14PACK CODE AND UNBUILD/BUILD TO 12 PACKS,3.5,SCOTTI23-CA,6193,Scotti Venere Black Rice 12x500g (Box),Scotti,Label,0,0,0,0,0,,,5,5,5,5,5,5,0,,,,,- None -,,- None -,- None -,6660,g,.00988848,5,Admin Portal,Scotti,Rice and Beans,1422,SCOTTI Riso Scotti,Livorno,Scotti Venere Black Rice 12x500g (Box),FB00PQONT,20.544,.0000162,.0000218,.000028,16.2,21.8,28,365,126,,9,14,- None -,Pantry,Rice,12,Retail,8001860186493,Yes,No,No,- None -,0,278,,,,126,,
- None -,3.5,SCOTTI7-CA,3733,Scotti Tartufi (Truffle) Risotto 10x210g,Scotti,Active,0,0,0,0,0,,,477,477,477,477,477,477,0,,,,,- None -,146,- None -,- None -,2380,g,.01012095,477,Admin Portal,Scotti,Rice and Beans,1422,SCOTTI Riso Scotti,Livorno,Scotti Tartufi (Truffle) Risotto 10x210g,TA21TBA1CAN,10.66,.000021,.0000135,.0000357,21,13.5,35.7,365,136,138,8,17,- None -,Pantry,Rice,10,Retail,8001860232619,Yes,Yes,Yes,- None -,0,1446,,,10,136,,
- None -,3.5,SCOTTI10-CA,4965,Scotti Arborio Rice 12x500g,Scotti,Active,0,0,0,0,0,,,166,166,166,166,166,166,0,,,,,- None -,252,- None -,- None -,6600,g,.00988848,166,Admin Portal,Scotti,Rice and Beans,1422,SCOTTI Riso Scotti,Livorno,Scotti Arborio Rice 12x500g,AR00SAONT,13.31,.0000162,.0000218,.000028,16.2,21.8,28,365,108,,6,18,- None -,Pantry,Rice,12,Retail,8001860185496,Yes,Yes,No,- None -,0,697,,,,126,,
- None -,3.5,RDAN02-CA,3644,R.M. Arborio Rice 10x1Kg,Scotti/Agrover,Active,0,0,0,0,0,,,2397,2397,2397,2397,2397,2397,0,2016,1176,4/15/2026,,- None -,3436,- None -,- None -,10430,g,.014170618,1728,Admin Portal,Regina Molisana,Rice and Beans,1422,SCOTTI Riso Scotti,Livorno,R.M. Arborio Rice 10x1Kg,AR01SA0RM,14.90,.0000167,.0000406,.0000209,16.7,40.6,20.9,365,90,65,9,10,- None -,Pantry,Rice,10,Retail,10779921601500,Yes,Yes,Yes,- None -,0,15115,9,,,1000,,
- None -,3.5,SCOTTI2DISPLAY-FL,7318,Scotti Displayer 160x210g Mixed Risotto (Built),Scotti - Displayer,Active,0,0,0,0,0,,,5,5,5,5,5,5,0,,,,,- None -,5,- None -,- None -,,- None -,,4,Admin Portal,Bauducco,Seasonal Christmas,1422,SCOTTI Riso Scotti,Livorno,Scotti Displayer 160x210g Mixed Risotto (Built),- None -,.01,,,,,,,9999,16,,,,- None -,Seasonal,Displayer,1,Displayer,- None -,Yes,No,No,- None -,0,,1,,6,1,,
- None -,3.5,SCOTTI8A-CA,3734,Scotti Zafferano (Milanese) Risotto 10x210g,Scotti,Active,0,0,0,0,0,,,294,294,294,294,294,294,0,680,272,4/15/2026,,- None -,704,- None -,- None -,2380,g,.01012095,293,Admin Portal,Scotti,Rice and Beans,1422,SCOTTI Riso Scotti,Livorno,Scotti Zafferano (Milanese) Risotto 10x210g,ZA21TBA1CAN,10.66,.000021,.0000135,.0000357,21,13.5,35.7,365,136,138,8,17,- None -,Pantry,Rice,10,Retail,8001860232633,Yes,Yes,Yes,- None -,0,1795,1,,24,136,,
- None -,3.5,SCOTTI44-CA,6236,Scotti Venere Express Black Rice 6x230g,Scotti,Active,0,0,0,0,0,,,71.99999,71.99999,71.99999,71.99999,71.99999,71.99999,0,,,,,- None -,,- None -,- None -,1540,g,.0053789,67.99999,Admin Portal,Scotti,Rice and Beans,1422,SCOTTI Riso Scotti,Livorno,Scotti Venere Express Black Rice 6x230g,LR06TBEXONT,6.24,.000019,.000019,.0000149,19,19,14.9,365,196,119,7,28,- None -,Pantry,Rice,6,Retail,8001860185489,Yes,Yes,No,- None -,0,2015.16667,4,,,240,,
- None -,3.5,SCOTTI4-CA,3732,Scotti Porcini Risotto 10x210g,Scotti,Active,0,0,0,0,0,350,350,374,374,374,374,374,374,0,680,272,4/15/2026,,- None -,1798,- None -,- None -,2370,g,.01012095,369,Admin Portal,Scotti,Rice and Beans,1422,SCOTTI Riso Scotti,Livorno,Scotti Porcini Risotto 10x210g,FU21TBA1CAN,10.66,.000021,.0000135,.0000357,21,13.5,35.7,365,136,138,8,17,- None -,Pantry,Rice,10,Retail,8001860232640,Yes,Yes,Yes,- None -,0,3963,5,350,30,136,,
- None -,3.5,SCOTTI1-CA,3727,Scotti Arborio Superfine Rice 10x1Kg,Scotti,Active,0,0,0,0,0,,,1737,1737,1737,1737,1737,1737,0,1764,672,4/15/2026,,- None -,2472,- None -,- None -,10814,g,.01812608,1580,Admin Portal,Scotti,Rice and Beans,1422,SCOTTI Riso Scotti,Livorno,Scotti Arborio Superfine Rice 10x1Kg,AR01SACAN,21.56,.0000224,.0000289,.000028,22.4,28.9,28,365,84,80,7,12,- None -,Pantry,Rice,10,Retail,10779921601609,Yes,Yes,Yes,- None -,0,7111,157,,,360,,
- None -,3.5,BOX134947S-OT,7243,Empty Box Portapanettone + Bott (L520mm x W310mm x H355mm) Bordeaux Silk,Scotton_Packaging,Active-Packaging,0,0,0,0,0,,,160,160,160,160,160,160,0,,,,,- None -,,- None -,- None -,,- None -,,160,Admin Portal,Molisana Imports,Seasonal Christmas,1423,SCOTTON Scotton Spa,Salerno $ Livorno,Empty Box Portapanettone + Bott (L520mm x W310mm x H355mm) Bordeaux Silk,134947S,4.332,,,,,,,,100,,2,50,- None -,Seasonal,Promotional,1,Packaging,- None -,Yes,Yes,No,- None -,0,,,,,1,,
- None -,3.5,BOX130121S-OT,7241,Empty Box Portapanettone + Bott (L430mm x W240mm x H345mm) Fibra Blue,Scotton_Packaging,Active-Packaging,0,0,0,0,0,,,120,120,120,120,120,120,0,,,,,- None -,,- None -,- None -,,- None -,,120,Admin Portal,Molisana Imports,Seasonal Christmas,1423,SCOTTON Scotton Spa,Salerno $ Livorno,Empty Box Portapanettone + Bott (L430mm x W240mm x H345mm) Fibra Blue,130121S,2.409,,,,,,,,100,,2,50,- None -,Seasonal,Promotional,1,Packaging,- None -,Yes,Yes,No,- None -,0,,,,,1,,
- None -,3.5,XMASBOX16362-OT,5684,Blue or Red Medium Empty Box,Scotton_Packaging,Active-Packaging,0,0,0,0,0,,,420,420,420,420,420,420,0,,,,,- None -,,- None -,- None -,,- None -,.028875,420,Admin Portal,Molisana Imports,Seasonal Christmas,1423,SCOTTON Scotton Spa,Salerno $ Livorno,- None -,16362,6.93,.000033,.000025,.000035,33,25,35,,100,,2,50,- None -,Seasonal,Promotional,,Packaging,- None -,Yes,Yes,No,- None -,0,,,,,1,,
- None -,3.5,XMASBOX31341-OT,5704,Silver or Gold Small Empty Box,Scotton_Packaging,Active-Packaging,0,0,0,0,0,,,5,5,5,5,5,5,0,,,,,- None -,,- None -,- None -,,- None -,.02401875,5,Admin Portal,Molisana Imports,Seasonal Christmas,1423,SCOTTON Scotton Spa,Salerno $ Livorno,- None -,34341,2.27,.0000305,.0000225,.000035,30.5,22.5,35,,100,,2,50,- None -,Seasonal,Promotional,,Packaging,- None -,Yes,Yes,No,- None -,0,60,,,,1,,
- None -,3.5,BOX138781S-OT,7242,Empty Box Portapanettone + Bott (L280mm x W200mm x H350mm) Skin Argento,Scotton_Packaging,Active-Packaging,0,0,0,0,0,,,50,50,50,50,50,50,0,,,,,- None -,,- None -,- None -,,- None -,,50,Admin Portal,Molisana Imports,Seasonal Christmas,1423,SCOTTON Scotton Spa,Salerno $ Livorno,Empty Box Portapanettone + Bott (L280mm x W200mm x H350mm) Skin Argento,138781S,1.273,,,,,,,,100,,2,50,- None -,Seasonal,Promotional,1,Packaging,- None -,Yes,Yes,No,- None -,0,,,,,1,,
- None -,3.5,XMASBOX16361-OT,5686,Blue or Red Small Empty Box,Scotton_Packaging,Active-Packaging,0,0,0,0,0,,,471,471,471,471,471,471,0,,,,,- None -,,- None -,- None -,,- None -,.02401875,471,Admin Portal,Molisana Imports,Seasonal Christmas,1423,SCOTTON Scotton Spa,Salerno $ Livorno,- None -,16361,4.08,.0000305,.0000225,.000035,30.5,22.5,35,,100,,2,50,- None -,Seasonal,Promotional,,Packaging,- None -,Yes,Yes,No,- None -,0,,,,,1,,
- None -,3.5,BOX101167S-OT,7240,Empty Box Portapanettone + Bott (L430mm x W240mm x H345mm) Seta Oro,Scotton_Packaging,Active-Packaging,0,0,0,0,0,,,300,300,300,300,300,300,0,,,,,- None -,,- None -,- None -,,- None -,,300,Admin Portal,Molisana Imports,Seasonal Christmas,1423,SCOTTON Scotton Spa,Salerno $ Livorno,Empty Box Portapanettone + Bott (L430mm x W240mm x H345mm) Seta Oro,101167S,2.409,,,,,,,,100,,2,50,- None -,Seasonal,Promotional,1,Packaging,- None -,Yes,Yes,No,- None -,0,,,,,1,,
- None -,3.5,STR011004801-CA,7336,Strega Torrone Soft 16x150g,Strega,Active-XMAS,0,0,0,0,0,,,,,,,,,0,,,,,- None -,,- None -,- None -,3.1,kg,.007361892,,Admin Portal,Gioia,Seasonal Christmas,12643,STREGA STREGA ALBERTI BENEVENTO S.p.A.,- None -,Strega Torrone Soft 16x150g,- None -,60.48,.0000114,.0000229,.0000282,11.4,22.9,28.2,243,112,112,8,14,- None -,Seasonal,Torrone,16,Retail,08001975001094,Yes,Yes,No,- None -,0,3708,,,14,,,
- None -,3.5,STR020307621-CA,7339,Strega Magie Pralines Bag 24x150g,Strega,Active-XMAS,0,0,0,0,0,,,,,,,,,0,,,,,- None -,,- None -,- None -,4.8,kg,.0286272,,Admin Portal,Gioia,Seasonal Christmas,12643,STREGA STREGA ALBERTI BENEVENTO S.p.A.,- None -,Strega Magie Pralines Bag 24x150g,- None -,99.96,.00002,.0000336,.0000426,20,33.6,42.6,243,54,54,9,6,- None -,Seasonal,Chocolate,24,Retail,08001975001247,Yes,Yes,No,- None -,0,3708,,,5,,,
- None -,3.5,STR021307510-CA,7340,Strega Incantesimo Hazelnut Cream Truffle Bag 24x150g,Strega,Active-XMAS,0,0,0,0,0,,,,,,,,,0,,,,,- None -,,- None -,- None -,3.2,kg,.01536975,,Admin Portal,Gioia,Seasonal Christmas,12643,STREGA STREGA ALBERTI BENEVENTO S.p.A.,- None -,Strega Incantesimo Hazelnut Cream Truffle Bag 24x150g,- None -,106.68,.000023,.0000225,.0000297,23,22.5,29.7,243,91,91,7,13,- None -,Seasonal,Chocolate,24,Retail,08001975002367,Yes,Yes,No,- None -,0,3708,,,5,,,
- None -,3.5,STR010201091-CA,7341,Strega Torroncini Mini Box 18x102g,Strega,Active-XMAS,0,0,0,0,0,,,,,,,,,0,,,,,- None -,,- None -,- None -,3.2,kg,.01536975,,Admin Portal,Gioia,Seasonal Christmas,12643,STREGA STREGA ALBERTI BENEVENTO S.p.A.,- None -,Strega Torroncini Mini Box 18x102g,- None -,80.01,.000023,.0000225,.0000297,23,22.5,29.7,243,91,91,7,13,- None -,Seasonal,Chocolate,18,Retail,08001975002367,Yes,Yes,No,- None -,0,3708,,,4,,,
- None -,3.5,STR010604536-CA,7338,Strega Prodigi Assorted Almond and Hazelnut Bag 18x150g,Strega,Active-XMAS,0,0,0,0,0,,,,,,,,,0,,,,,- None -,,- None -,- None -,3.3,kg,.02019584,,Admin Portal,Gioia,Seasonal Christmas,12643,STREGA STREGA ALBERTI BENEVENTO S.p.A.,- None -,Strega Prodigi Assorted Almond and Hazelnut Bag 18x150g,- None -,62.46,.0000256,.000023,.0000343,25.6,23,34.3,243,66,66,11,6,- None -,Seasonal,Chocolate,18,Retail,08001975003708,Yes,Yes,No,- None -,0,3708,,,5,,,
- None -,3.5,STR070107090-CA,7333,Strega Panettone Cream Filled 6x1kg,Strega,Active-XMAS,0,0,0,0,0,,,,,,,,,0,,,,,- None -,,- None -,- None -,5000,g,.01539552,,Admin Portal,Gioia,Seasonal Christmas,12643,STREGA STREGA ALBERTI BENEVENTO S.p.A.,- None -,Strega Panettone Cream Filled 6x1kg,- None -,84.42,.0000224,.0000237,.000029,22.4,23.7,29,243,84,84,6,14,- None -,Seasonal,Cakes,6,Retail,08001975000936,Yes,Yes,No,- None -,0,3708,,,10,,,
- None -,3.5,STR010302050-CA,7337,Strega Torroncini Soft Chocolate Bag 24x150g,Strega,Active-XMAS,0,0,0,0,0,,,,,,,,,0,,,,,- None -,,- None -,- None -,4.5,kg,.0286272,,Admin Portal,Gioia,Seasonal Christmas,12643,STREGA STREGA ALBERTI BENEVENTO S.p.A.,- None -,Strega Torroncini Soft Chocolate Bag 24x150g,40004099,112.56,.00002,.0000336,.0000426,20,33.6,42.6,243,54,54,9,6,- None -,Seasonal,Torrone,24,Retail,08001975003722,Yes,Yes,No,- None -,0,3708,,,4,,,
- None -,3.5,STR010201153-CA,7342,Strega Torroncini Bottle 6x350g,Strega,Active-XMAS,0,0,0,0,0,,,,,,,,,0,,,,,- None -,,- None -,- None -,5.2,kg,.01345845,,Admin Portal,Gioia,Seasonal Christmas,12643,STREGA STREGA ALBERTI BENEVENTO S.p.A.,- None -,Strega Torroncini Bottle 6x350g,- None -,79.59,.0000345,.0000166,.0000235,34.5,16.6,23.5,243,105,105,5,21,- None -,Seasonal,Chocolate,6,Retail,08001975001001,Yes,Yes,No,- None -,0,3708,,,16,,,
- None -,3.5,STR070107070-CA,7335,Strega Pandoro Cream Filled 6x1kg,Strega,Active-XMAS,0,0,0,0,0,,,,,,,,,0,,,,,- None -,,- None -,- None -,5000,g,.02090585,,Admin Portal,Gioia,Seasonal Christmas,12643,STREGA STREGA ALBERTI BENEVENTO S.p.A.,- None -,Strega Pandoro Cream Filled 6x1kg,- None -,86.31,.0000265,.000023,.0000343,26.5,23,34.3,243,66,66,6,11,- None -,Seasonal,Cakes,6,Retail,08001975002169,Yes,Yes,No,- None -,0,3708,,,8,,,
- None -,3.5,STR070107089-CA,7334,Strega Mini Panettone Cream Filled 36x100g,Strega,Active-XMAS,0,0,0,0,0,,,,,,,,,0,,,,,- None -,,- None -,- None -,4.32,g,.0413859,,Admin Portal,Gioia,Seasonal Christmas,12643,STREGA STREGA ALBERTI BENEVENTO S.p.A.,- None -,Strega Mini Panettone Cream Filled 36x100g,- None -,55.44,.0000355,.0000402,.000029,35.5,40.2,29,243,48,48,6,8,- None -,Seasonal,Cakes,36,Retail,08001975003579,Yes,Yes,No,- None -,0,3708,,,16,,,
- None -,3.5,DSPBACISLIM-EMPTY-OT,7354,Baci Slim Displayer (Empty)  x1,SupplyOne,Part,0,0,0,0,0,,,,,,,,,0,,,,,- None -,,- None -,- None -,,- None -,,,Admin Portal,Baci,Chocolate and Candy,12232,SupplyOne SupplyOne Canada Inc,- None -,Baci Slim Displayer (Empty) x1,- None -,88.45,,,,,,,9999,,,,,- None -,Pantry,Displayer,1,Displayer,- None -,No,Yes,No,- None -,0,,,,,1,,
- None -,3.5,BAKGIOIA-EDSP-OT,7322,Gioia Displayer (Empty) x 1,SupplyOne,Active-Marketing,0,0,0,0,0,,,,,,,,,0,,,,,- None -,,- None -,- None -,,- None -,,,Admin Portal,Gioia,"Crackers, Cookies, Snacks",12232,SupplyOne SupplyOne Canada Inc,- None -,Gioia Displayer (Empty) x 1,- None -,.00,,,,,,,9999,,,,,- None -,Pantry,Displayer,1,Displayer,- None -,Yes,No,No,- None -,0,,,,1,1,,
- None -,3.5,XMASTR03A-CA,4067,Gioia Torrone Ricoperto (Chocolate Covered) 12x150g,Torrone del Molise,Active - Not Sellable,0,0,0,0,0,,,284,284,284,284,284,284,0,,,,,- None -,,- None -,- None -,2100,g,.00667233,,Admin Portal,Gioia,Seasonal Christmas,1528,TORRON Torrone Del Molise Srl,Livorno,Gioia Torrone Ricoperto (Chocolate Covered) 12x150g,TRD150,14.76,.000021,.0000267,.0000119,21,26.7,11.9,,248,,8,31,- None -,Seasonal,Torrone,12,Retail - Seasonal,10779921290001,No,No,No,- None -,0,290.67,,,,300,,
- None -,3.5,XMASTR01A-CA,4068,Gioia Torrone Soft With Almonds 12x150g,Torrone del Molise,Active - Not Sellable,0,0,0,0,0,,,788,788,788,788,788,788,0,,,,,- None -,,- None -,- None -,2100,g,.00667233,,Admin Portal,Gioia,Seasonal Christmas,1528,TORRON Torrone Del Molise Srl,Livorno,Gioia Torrone Soft With Almonds 12x150g,TMT150,14.76,.000021,.0000267,.0000119,21,26.7,11.9,,248,,8,31,- None -,Seasonal,Torrone,12,Retail - Seasonal,10779921290049,No,No,Yes,- None -,0,769,,,,750,,
- None -,3.5,XMASTR08A-CA,4070,Gioia Torrone HARD with Almonds 12x150g,Torrone del Molise,Active - Not Sellable,0,0,0,0,0,,,466,466,466,466,466,466,0,,,,,- None -,,- None -,- None -,2140,g,.00667233,,Admin Portal,Gioia,Seasonal Christmas,1528,TORRON Torrone Del Molise Srl,Livorno,Gioia Torrone HARD with Almonds 12x150g,TMD150,14.76,.000021,.0000267,.0000119,21,26.7,11.9,,248,,8,31,- None -,Seasonal,Torrone,12,Retail - Seasonal,10779921290032,No,No,No,- None -,0,573,,,,480,,
- None -,3.5,XMASTR10A-CA,4069,Gioia Torrone Soft With Hazelnuts 12x150g,Torrone del Molise,Do not Order,0,0,0,0,0,,,765,765,765,765,765,765,0,,,,,- None -,,- None -,- None -,0,g,.00667233,,Admin Portal,Gioia,Seasonal Christmas,1528,TORRON Torrone Del Molise Srl,Livorno,Gioia Torrone Soft With Hazelnuts 12x150g,TNT150,17.16,.000021,.0000267,.0000119,21,26.7,11.9,,248,,8,31,- None -,Seasonal,Torrone,12,Retail - Seasonal,10779921290025,No,No,Yes,- None -,0,734,,,,740,,
- None -,3.5,XMASTR35A-CA,4066,Gioia Torrone Hard With Hazelnut 12x150g,Torrone del Molise,Active - Not Sellable,0,0,0,0,0,,,250,250,250,250,250,250,0,,,,,- None -,,- None -,- None -,2100,g,.00667233,,Admin Portal,Gioia,Seasonal Christmas,1528,TORRON Torrone Del Molise Srl,Livorno,Gioia Torrone Hard With Hazelnut 12x150g,TND150,17.16,.000021,.0000267,.0000119,21,26.7,11.9,,248,,8,31,- None -,Seasonal,Torrone,12,Retail - Seasonal,10779921290018,No,No,No,- None -,0,264,,,,280,,
- None -,3.5,XMASTR29-CA,4065,Gioia Torrincini Mini Assorted 12x200g,Torrone del Molise,Active - Not Sellable,0,0,0,0,0,,,325,325,325,325,325,325,0,,,,,- None -,,- None -,- None -,6660,g,.039962466,,Admin Portal,Gioia,Seasonal Christmas,1528,TORRON Torrone Del Molise Srl,Livorno,Gioia Torrincini Mini Assorted 12x200g,TORR,28.80,.0000237,.0000471,.0000358,23.7,47.1,35.8,547,48,,6,8,- None -,Seasonal,Torrone,12,Retail - Seasonal,10779921290063,No,No,No,- None -,0,338,,,,330,,
- None -,3.5,XMASTR23A-CA,3437,Gioia Torrone - Gianduia With Hazelnuts 12x150g,Torrone del Molise,Active - Not Sellable,0,0,0,0,0,,,320,320,320,320,320,320,0,,,,,- None -,,- None -,- None -,2100,g,.00667233,,Admin Portal,Gioia,Seasonal Christmas,1528,TORRON Torrone Del Molise Srl,Livorno,Gioia Torrone - Gianduia With Hazelnuts 12x150g,TG150,19.20,.000021,.0000267,.0000119,21,26.7,11.9,,248,,8,31,- None -,Seasonal,Torrone,12,Retail - Seasonal,10779921290056,No,No,No,- None -,0,331,,,,320,,
Winter Stock Procedure,3.5,ORAAV80DJ-CA,7055,OraSi Soy Beverage Sugar Free 12x1L,OraSi,Do not Order,0,0,0,0,0,,,64,64,64,64,64,64,0,,,,,- None -,,- None -,- None -,13872,g,.014775384,33,Admin Portal,OraSi,Beverages,12251,Unigrà Unigrà S.p.a.,Livorno,OraSi Soy Beverage Sugar Free 12x1L,AV80DJ,13.20,.0000213,.0000232,.0000299,21.3,23.2,29.9,420,65,,5,13,- None -,Drinks,Plant Based Beverages,12,Retail,8003180048147,Yes,No,No,- None -,0,0,31,,,65,,
Winter Stock Procedure,3.5,ORAAV83DE-CA,7059,OraSi Almond Beverage Bold 12x1L,OraSi,Do not Order,0,0,0,0,0,,,450,450,450,450,450,450,0,,,,,- None -,,- None -,- None -,13872,g,.014775384,450,Admin Portal,OraSi,Beverages,12251,Unigrà Unigrà S.p.a.,Livorno,OraSi Almond Beverage Bold 12x1L,AV83DE,13.20,.0000213,.0000232,.0000299,21.3,23.2,29.9,420,65,,5,13,- None -,Drinks,Plant Based Beverages,12,Retail,8003180048932,Yes,No,No,- None -,0,0,,,,65,,
Winter Stock Procedure,3.5,ORAAV88FV-CA,7063,OraSi Barista Almond Beverage 12x1L,OraSi,Active,0,0,0,0,0,,,,,,,,,0,84,84,5/6/2026,,- None -,84,- None -,- None -,13872,g,.014775384,,Admin Portal,OraSi,Beverages,12251,Unigrà Unigrà S.p.a.,Livorno,OraSi Barista Almond Beverage 12x1L,AV88FV,15.00,.0000213,.0000232,.0000299,21.3,23.2,29.9,420,65,,5,13,- None -,Drinks,Plant Based Beverages,12,Retail,8003180047812,Yes,Yes,No,- None -,0,0,,,,65,,
Winter Stock Procedure,3.5,ORAAV81ER-CA,7056,OraSi Rice Beverage No Added Sugar 12x1L,OraSi,Do not Order,0,0,0,0,0,,,96,96,96,96,96,96,0,,,,,- None -,,- None -,- None -,13872,g,.014775384,96,Admin Portal,OraSi,Beverages,12251,Unigrà Unigrà S.p.a.,Livorno,OraSi Rice Beverage No Added Sugar 12x1L,AV81ER,13.20,.0000213,.0000232,.0000299,21.3,23.2,29.9,420,65,,5,13,- None -,Drinks,Plant Based Beverages,12,Retail,8003180046969,Yes,No,No,- None -,0,0,,,,65,,
Winter Stock Procedure,3.5,ORAAV88JK-CA,7065,OraSi Barista Hazelnut Beverage 12x1L,OraSi,Active,0,0,0,0,0,,,142,142,142,142,142,142,0,66,66,5/6/2026,,- None -,66,- None -,- None -,13872,g,.014775384,141,Admin Portal,OraSi,Beverages,12251,Unigrà Unigrà S.p.a.,Livorno,OraSi Barista Hazelnut Beverage 12x1L,AV88JK,16.20,.0000213,.0000232,.0000299,21.3,23.2,29.9,360,65,,5,13,- None -,Drinks,Plant Based Beverages,12,Retail,8003180047850,Yes,Yes,No,- None -,0,0,1,,,65,,
Winter Stock Procedure,3.5,ORAAV88HT-CA,7064,OraSi Barista Coconut Beverage 12x1L,OraSi,Active,0,0,0,0,0,,,32,32,32,32,32,32,0,,,,,- None -,65,- None -,- None -,13872,g,.014775384,30,Admin Portal,OraSi,Beverages,12251,Unigrà Unigrà S.p.a.,Livorno,OraSi Barista Coconut Beverage 12x1L,AV88HT,16.20,.0000213,.0000232,.0000299,21.3,23.2,29.9,420,65,,5,13,- None -,Drinks,Plant Based Beverages,12,Retail,8003180047836,Yes,Yes,No,- None -,0,0,2,,,65,,
Winter Stock Procedure,3.5,ORAAV84AJ-CA,7061,OraSi Hazelnut Beverage 12x1L,OraSi,Do not Order,0,0,0,0,0,,,83,83,83,83,83,83,0,,,,,- None -,,- None -,- None -,13872,g,.014775384,83,Admin Portal,OraSi,Beverages,12251,Unigrà Unigrà S.p.a.,Livorno,OraSi Hazelnut Beverage 12x1L,AV84AJ,13.20,.0000213,.0000232,.0000299,21.3,23.2,29.9,360,65,,5,13,- None -,Drinks,Plant Based Beverages,12,Retail,8003180047041,Yes,No,No,- None -,0,0,,,,65,,
Winter Stock Procedure,3.5,ORAAV87AO-CA,7057,OraSi Oat Beverage No Added Sugar 12x1L,OraSi,Do not Order,0,0,0,0,0,,,284,284,284,284,284,284,0,,,,,- None -,,- None -,- None -,13872,g,.014775384,284,Admin Portal,OraSi,Beverages,12251,Unigrà Unigrà S.p.a.,Livorno,OraSi Oat Beverage No Added Sugar 12x1L,AV87AO,13.20,.0000213,.0000232,.0000299,21.3,23.2,29.9,360,65,,5,13,- None -,Drinks,Plant Based Beverages,12,Retail,8003180047027,Yes,No,No,- None -,0,0,,,,65,,
Winter Stock Procedure,3.5,ORAAV83CK-CA,7060,OraSi Almond Beverage Sugar Free 12x1L,OraSi,Do not Order,0,0,0,0,0,,,379,379,379,379,379,379,0,,,,,- None -,,- None -,- None -,13872,g,.014775384,379,Admin Portal,OraSi,Beverages,12251,Unigrà Unigrà S.p.a.,Livorno,OraSi Almond Beverage Sugar Free 12x1L,AV83CK,13.20,.0000213,.0000232,.0000299,21.3,23.2,29.9,420,65,,5,13,- None -,Drinks,Plant Based Beverages,12,Retail,8003180047003,Yes,No,No,- None -,0,0,,,,65,,
Winter Stock Procedure,3.5,ORAAV87CF-CA,7058,OraSi Oat Beverage Sugar Free 12x1L,OraSi,Active,0,0,0,0,0,,,113,113,113,113,113,113,0,65,65,5/6/2026,,- None -,65,- None -,- None -,13872,g,.014775384,113,Admin Portal,OraSi,Beverages,12251,Unigrà Unigrà S.p.a.,Livorno,OraSi Oat Beverage Sugar Free 12x1L,AV87CF,13.20,.0000213,.0000232,.0000299,21.3,23.2,29.9,360,65,,5,13,- None -,Drinks,Plant Based Beverages,12,Retail,8003180048123,Yes,Yes,No,- None -,0,0,,,,65,,
Winter Stock Procedure,3.5,ORAAV88IW-CA,7066,OraSi Barista Oat Beverage 12x1L,OraSi,Active,0,0,0,0,0,,,,,,,,,0,130,130,5/6/2026,,- None -,260,- None -,- None -,13872,g,.014775384,,Admin Portal,OraSi,Beverages,12251,Unigrà Unigrà S.p.a.,Livorno,OraSi Barista Oat Beverage 12x1L,AV88IW,15.00,.0000213,.0000232,.0000299,21.3,23.2,29.9,360,65,,5,13,- None -,Drinks,Plant Based Beverages,12,Retail,8003180047799,Yes,Yes,No,- None -,0,0,,,,65,,
Winter Stock Procedure,3.5,ORAAV88AN-CA,7062,OraSi Barista Soy Beverage 12x1L,OraSi,Do not Order,0,0,0,0,0,,,89,89,89,89,89,89,0,,,,,- None -,,- None -,- None -,13872,g,.014775384,86,Admin Portal,OraSi,Beverages,12251,Unigrà Unigrà S.p.a.,Livorno,OraSi Barista Soy Beverage 12x1L,AV88AN,15.00,.0000213,.0000232,.0000299,21.3,23.2,29.9,420,65,,5,13,- None -,Drinks,Plant Based Beverages,12,Retail,8003180047775,Yes,No,No,- None -,0,0,3,,,65,,
Winter Stock Procedure,3.5,ORAAV80EO-CA,7054,OraSi Soy Beverage 12x1L,OraSi,Do not Order,0,0,0,0,0,,,179,179,179,179,179,179,0,,,,,- None -,,- None -,- None -,13872,g,.014775384,179,Admin Portal,OraSi,Beverages,12251,Unigrà Unigrà S.p.a.,Livorno,OraSi Soy Beverage 12x1L,AV80EO,13.20,.0000213,.0000232,.0000299,21.3,23.2,29.9,420,65,,5,13,- None -,Drinks,Plant Based Beverages,12,Retail,8003180046983,Yes,No,No,- None -,0,0,,,,65,,
- None -,3.5,BAKV116350-CA,6938,Venchi Bar Milk Chocolate 24x78g,Venchi_Chocolate,Active-Venchi,0,0,0,0,0,,,54,54,54,54,54,54,0,,,,,- None -,,- None -,- None -,2328,g,.0064141,54,Admin Portal,Venchi,Chocolate and Candy,1571,VENCHI Venchi Spa,Livorno,Venchi Bar Milk Chocolate 24x78g,116350,51.47,.0000187,.0000245,.000014,18.7,24.5,14,546,100,,2,50,- None -,Pantry,Chocolate,24,Retail  - Chocolate,- None -,Yes,Yes,No,- None -,0,7,,,,1,,
- None -,3.5,BAKV114078-CA,6839,Venchi Spread Hazelnut 12x200g,Venchi,Do not Order,0,0,0,0,0,,,,,,,,,0,,,,,- None -,,- None -,- None -,4600,g,.01332,,Admin Portal,Venchi,Chocolate and Candy,1571,VENCHI Venchi Spa,Livorno,Venchi Spread Hazelnut 12x200g,114078,64.32,.0000111,.00004,.00003,11.1,40,30,546,,96,,,- None -,Pantry,Chocolate,15,Retail  - Chocolate,108002996340377,Yes,Yes,No,- None -,0,58,,,,1,,
- None -,3.5,BAKV935826-OT,5726,Venchi Empty Plastic Blister 25Pcs,Venchi - Packaging,Do not Order,0,0,0,0,0,,,8,8,8,8,8,8,0,,,,,- None -,,- None -,- None -,,- None -,,8,Admin Portal,Venchi,Chocolate and Candy,1571,VENCHI Venchi Spa,Livorno,Venchi Empty Plastic Blister 100Pcs,935826,2.663,,,,,,,,,,,,- None -,Pantry,Chocolate,,Packaging,- None -,No,No,No,- None -,0,,,,,,,
- None -,3.5,BAKV116020-CA,5516,Venchi Bar Extra Dark Hazelnut 70% 24x100g,Venchi_Chocolate,Active-Venchi,0,0,0,0,0,,,39,39,39,39,39,39,0,,,,,- None -,,- None -,- None -,2901.84,g,.0068875,39,Admin Portal,Venchi,Chocolate and Candy,1571,VENCHI Venchi Spa,Livorno,Venchi Bar Extra Dark Hazelnut 70% 24x100g,116257,54.12,.000019,.000025,.0000145,19,25,14.5,546,100,,2,50,- None -,Pantry,Chocolate,24,Retail  - Chocolate,- None -,Yes,Yes,No,- None -,0,43,,,,1,,
- None -,3.5,BAKV116354-CA,6940,Venchi Bar 75% Extra Dark Chocolate 24x78g,Venchi_Chocolate,Active-Venchi,0,0,0,0,0,,,45,45,45,45,45,45,0,,,,,- None -,,- None -,- None -,2328,g,.0064141,45,Admin Portal,Venchi,Chocolate and Candy,1571,VENCHI Venchi Spa,Livorno,Venchi Bar 75% Extra Dark Chocolate 24x78g,116354,51.47,.0000187,.0000245,.000014,18.7,24.5,14,546,100,,2,50,- None -,Pantry,Chocolate,24,Retail  - Chocolate,- None -,Yes,Yes,No,- None -,0,21,,,,1,,
- None -,3.5,BAKV107295-CA,6918,Venchi Gift Murrine MINI Book TIN  16x115g,Venchi_Chocolate,Active-Venchi,0,0,0,0,0,,,18,18,18,18,18,18,0,,,,,- None -,,- None -,- None -,3200,g,.021729795,18,Admin Portal,Venchi,Chocolate and Candy,1571,VENCHI Venchi Spa,Livorno,Venchi Gift Murrine MINI Book TIN  16x115g,107274,92.55,.0000205,.0000397,.0000267,20.5,39.7,26.7,546,100,48,2,50,- None -,Pantry,Chocolate,8,Retail  - Chocolate,- None -,Yes,Yes,No,- None -,0,15,,,,1,,
- None -,3.5,BAKV116639-CA,6765,Venchi Bar Tiramisu 24x110g,Venchi_Chocolate,Active-Venchi,0,0,0,0,0,,,47,47,47,47,47,47,0,,,,,- None -,,- None -,- None -,3200,g,.021729795,46,Admin Portal,Venchi,Chocolate and Candy,1571,VENCHI Venchi Spa,Livorno,Venchi Bar Tiramisu 24x110g,116639,54.12,.0000205,.0000397,.0000267,20.5,39.7,26.7,546,100,48,2,50,- None -,Pantry,Chocolate,24,Retail  - Chocolate,- None -,Yes,Yes,No,- None -,0,72,1,,,1,,
- None -,3.5,BAKV126363-CA,6292,Venchi Bulk Pistachio Gianduiotti 5x1kg,Venchi_Chocolate,Do not Order,0,0,0,0,0,,,4,4,4,4,4,4,0,,,,,- None -,,- None -,- None -,3700,g,.018483927,4,Admin Portal,Venchi,Chocolate and Candy,1571,VENCHI Venchi Spa,Livorno,Venchi Bulk Pistachio Gianduiotti 5x1kg,126363,120.23,.0000213,.0000343,.0000253,21.3,34.3,25.3,546,100,54,2,50,- None -,Pantry,Chocolate,1,Retail  - Chocolate,- None -,Yes,No,No,- None -,0,32,,,,1,,
- None -,3.5,BAKV126223-CA,2063,Venchi Bulk Cremino 1878 5x1Kg,Venchi_Chocolate,Do not Order,0,0,0,0,0,,,15,15,15,15,15,15,0,,,,,- None -,,- None -,- None -,5400,g,.015615369,15,Admin Portal,Venchi,Chocolate and Candy,1571,VENCHI Venchi Spa,Livorno,Venchi Cremino 1878 Bulk 1x5Kg,126223,120.23,.0000231,.0000333,.0000203,23.1,33.3,20.3,546,100,55,2,50,- None -,Pantry,Chocolate,,Retail  - Chocolate,- None -,Yes,No,No,- None -,0,22,,,,1,,
- None -,3.5,BAKV105168-CA,6831,Venchi Bulk Chocoviar Arancia 5kg,Venchi_Chocolate,Do not Order,0,0,0,0,0,,,2,2,2,2,2,2,0,,,,,- None -,,- None -,- None -,3700,g,.018483927,2,Admin Portal,Venchi,Chocolate and Candy,1571,VENCHI Venchi Spa,Livorno,Venchi Bulk Chocoviar Arancia 5kg,105168,120.23,.0000213,.0000343,.0000253,21.3,34.3,25.3,546,100,54,2,50,- None -,Pantry,Chocolate,1,Retail  - Chocolate,108002996339715,Yes,Yes,No,- None -,0,63,,,,1,,
- None -,3.5,BAKV122083-CA,3828,Venchi Cigar Truffle Nougatine Chocolate 15x100g,Venchi_Chocolate,Active-Venchi,0,0,0,0,0,,,7,7,7,7,7,7,0,9,,,,- None -,9,- None -,- None -,1800,g,.00432123,7,Admin Portal,Venchi,Chocolate and Candy,1571,VENCHI Venchi Spa,Livorno,Venchi Cigar Truffle Nougatine Chocolate 15x100g,122083,41.92,.0000229,.0000185,.0000102,22.9,18.5,10.2,546,100,216,2,50,- None -,Pantry,Chocolate,15,Retail  - Chocolate,80029961220834,Yes,Yes,No,- None -,0,143,,,,1,,
- None -,3.5,BAKV107272-CA,6271,Venchi Gift Murrine Cremini Box 10x127g,Venchi_Chocolate,Active-Venchi,0,0,0,0,0,,,16,16,16,16,16,16,0,,,,,- None -,,- None -,- None -,3700,g,.018483927,16,Admin Portal,Venchi,Chocolate and Candy,1571,VENCHI Venchi Spa,Livorno,Venchi Gift Murrine Cremini Box 10x127g,107272,56.54,.0000213,.0000343,.0000253,21.3,34.3,25.3,546,100,54,2,50,- None -,Pantry,Chocolate,10,Retail  - Chocolate,- None -,Yes,Yes,No,- None -,0,75,,,,1,,
- None -,3.5,BAKV116716-CA,6764,Venchi Bar Dark Gianduja with Hazelnuts 24x100g,Venchi_Chocolate,Active-Venchi,0,0,0,0,0,,,48,48,48,48,48,48,0,,,,,- None -,,- None -,- None -,3200,g,.021729795,48,Admin Portal,Venchi,Chocolate and Candy,1571,VENCHI Venchi Spa,Livorno,Venchi Bar Dark Gianduja with Hazelnuts 24x100g,116301_2,54.12,.0000205,.0000397,.0000267,20.5,39.7,26.7,546,,48,,,- None -,Pantry,Chocolate,24,Retail,- None -,Yes,Yes,No,- None -,0,,,,,1,,
- None -,3.5,BAKV112443-CA,6832,Venchi Bulk Tiramisu 5kg,Venchi_Chocolate,Do not Order,0,0,0,0,0,,,13,13,13,13,13,13,0,,,,,- None -,,- None -,- None -,3700,g,.018483927,13,Admin Portal,Venchi,Chocolate and Candy,1571,VENCHI Venchi Spa,Livorno,Venchi Bulk Tiramisu 5kg,112443,120.23,.0000213,.0000343,.0000253,21.3,34.3,25.3,546,100,54,2,50,- None -,Pantry,Chocolate,1,Retail  - Chocolate,108002996345686,Yes,No,No,- None -,0,32,,,,1,,
- None -,3.5,BAKV108311-CA,6295,Venchi Bulk Pearl Pistachio 5x1kg,Venchi_Chocolate,Do not Order,0,0,0,0,0,,,20,20,20,20,20,20,0,,,,,- None -,,- None -,- None -,3700,g,.018483927,20,Admin Portal,Venchi,Chocolate and Candy,1571,VENCHI Venchi Spa,Livorno,Venchi Bulk Pearl Pistachio 5x1kg,107204,120.23,.0000213,.0000343,.0000253,21.3,34.3,25.3,546,100,54,2,50,- None -,Pantry,Chocolate,1,Retail  - Chocolate,- None -,Yes,No,No,- None -,0,21,,,,1,,
- None -,3.5,BAKV122093-CA,6592,Venchi Cigar Pistachio Chocolate 15x100g,Venchi_Chocolate,Active-Venchi,0,0,0,0,0,,,34,34,34,34,34,34,0,,,,,- None -,,- None -,- None -,3700,g,.018483927,34,Admin Portal,Venchi,Chocolate and Candy,1571,VENCHI Venchi Spa,Livorno,Venchi Cigar Pistachio Chocolate 15x100g,122093,58.95,.0000213,.0000343,.0000253,21.3,34.3,25.3,546,100,54,2,50,- None -,Pantry,Chocolate,15,Retail  - Chocolate,- None -,Yes,Yes,No,- None -,0,116,,,,1,,
- None -,3.5,BAKV107294-CA,6760,Venchi Gift Murrine Maxi Book TIN 8x200g,Venchi_Chocolate,Active-Venchi,0,0,0,0,0,,,19,19,19,19,19,19,0,,,,,- None -,,- None -,- None -,3200,g,.021729795,19,Admin Portal,Venchi,Chocolate and Candy,1571,VENCHI Venchi Spa,Livorno,Venchi Gift Murrine Maxi Book TIN 8x200g,107265,86.05,.0000205,.0000397,.0000267,20.5,39.7,26.7,546,100,48,2,50,- None -,Pantry,Chocolate,8,Retail  - Chocolate,- None -,Yes,Yes,No,- None -,0,38,,,,1,,
- None -,3.5,BAKV105167-CA,6827,Venchi Bulk Chocoviar Stracciatella 5kg,Venchi_Chocolate,Do not Order,0,0,0,0,0,,,,,,,,,0,,,,,- None -,,- None -,- None -,3700,g,.018483927,,Admin Portal,Venchi,Chocolate and Candy,1571,VENCHI Venchi Spa,Livorno,Venchi Bulk Chocoviar Stracciatella 5kg,105167,120.23,.0000213,.0000343,.0000253,21.3,34.3,25.3,546,100,54,2,50,- None -,Pantry,Chocolate,1,Retail  - Chocolate,- None -,Yes,No,No,- None -,0,54,,,,1,,
- None -,3.5,BAKV105185-CA,6742,Venchi Bulk Chocoviar Crema Cacao 5x1kg,Venchi_Chocolate,Do not Order,0,0,0,0,0,,,2,2,2,2,2,2,0,,,,,- None -,,- None -,- None -,3700,g,.018483927,2,Admin Portal,Venchi,Chocolate and Candy,1571,VENCHI Venchi Spa,Livorno,Venchi Bulk Chocoviar Crema Cacao 5x1kg,105166,120.27,.0000213,.0000343,.0000253,21.3,34.3,25.3,546,,54,,,- None -,Pantry,Chocolate,1,Retail  - Chocolate,- None -,Yes,Yes,No,- None -,0,45,,,,1,,
- None -,3.5,BAKV116684-CA,6939,Venchi Bar 69% Dark Crunchy 24x78g,Venchi_Chocolate,Active-Venchi,0,0,0,0,0,,,42,42,42,42,42,42,0,,,,,- None -,,- None -,- None -,2121.6,lb,.0064141,42,Admin Portal,Venchi,Chocolate and Candy,1571,VENCHI Venchi Spa,Livorno,Venchi Bar 69% Dark Crunchy 24x78g,116684,58.49,.0000187,.0000245,.000014,18.7,24.5,14,546,100,,2,50,- None -,Pantry,Chocolate,24,Retail  - Chocolate,- None -,Yes,Yes,No,- None -,0,4,,,,1,,
- None -,3.5,BAKV116209-CA,3763,Venchi Bar Cremino 24x110g,Venchi_Chocolate,Active-Venchi,0,0,0,0,0,,,,,,,,,0,,,,,- None -,,- None -,- None -,3200,g,.006572125,,Admin Portal,Venchi,Chocolate and Candy,1571,VENCHI Venchi Spa,Livorno,Venchi Bar Cremino 24x110g,116209,71.04,.0000185,.0000245,.0000145,18.5,24.5,14.5,546,100,168,2,50,- None -,Pantry,Chocolate,24,Retail  - Chocolate,108002996303075,Yes,Yes,No,- None -,0,99,,,,1,,
- None -,3.5,BAKV116023-CA,3838,Venchi Bar White Chocolate Hazelnut w Salted Nuts 24x100g,Venchi_Chocolate,Active-Venchi,0,0,0,0,0,,,40,40,40,40,40,40,0,,,,,- None -,,- None -,- None -,2800,g,.006572125,40,Admin Portal,Venchi,Chocolate and Candy,1571,VENCHI Venchi Spa,Livorno,Venchi Bar White Chocolate Hazelnut w Salted Nuts 24x100g,116208,54.12,.0000185,.0000245,.0000145,18.5,24.5,14.5,546,100,168,2,50,- None -,Pantry,Chocolate,24,Retail  - Chocolate,80029961162080,Yes,Yes,No,- None -,0,129,,,,1,,
- None -,3.5,BAKV116022-CA,3799,Venchi Bar Milk Hazelnut 24x100g,Venchi_Chocolate,Active-Venchi,0,0,0,0,0,,,38,38,38,38,38,38,0,,,,,- None -,,- None -,- None -,2800,g,.006572125,37,Admin Portal,Venchi,Chocolate and Candy,1571,VENCHI Venchi Spa,Livorno,Venchi Bar Milk Hazelnut 24x100g,116207,54.12,.0000185,.0000245,.0000145,18.5,24.5,14.5,546,100,168,2,50,- None -,Pantry,Chocolate,24,Retail  - Chocolate,80029961162073,Yes,Yes,No,- None -,0,168,1,,,1,,
- None -,3.5,BAKV116211-CA,3813,Venchi Bar Pistachio Cremino 24x110g,Venchi_Chocolate,Active-Venchi,0,0,0,0,0,,,36,36,36,36,36,36,0,,,,,- None -,,- None -,- None -,3200,g,.006572125,36,Admin Portal,Venchi,Chocolate and Candy,1571,VENCHI Venchi Spa,Livorno,Venchi Bar Pistachio Cremino 24x110g,116211,54.12,.0000185,.0000245,.0000145,18.5,24.5,14.5,546,,168,,,- None -,Pantry,Chocolate,24,Retail  - Chocolate,80029961162110,Yes,Yes,No,- None -,0,256,,,,1,,
- None -,3.5,BAKV126234-CA,2070,Venchi Bulk Cremino Pistachio 5x1Kg,Venchi_Chocolate,Active-Venchi,0,0,0,0,0,,,9,9,9,9,9,9,0,,,,,- None -,,- None -,- None -,5400,g,.015615369,9,Admin Portal,Venchi,Chocolate and Candy,1571,VENCHI Venchi Spa,Livorno,Venchi Cremino Pistachio Bulk 1x5Kg,126234,120.23,.0000231,.0000333,.0000203,23.1,33.3,20.3,546,100,55,2,50,- None -,Pantry,Chocolate,,Retail  - Chocolate,- None -,Yes,Yes,No,- None -,0,33,,,,1,,
- None -,3.5,BAKV126125-CA,2028,Venchi Bulk Gianduja 1x5Kg,Venchi_Chocolate,Do not Order,0,0,0,0,0,,,20,20,20,20,20,20,0,,,,,- None -,,- None -,- None -,5400,g,.01169532,20,Admin Portal,Venchi,Chocolate and Candy,1571,VENCHI Venchi Spa,Livorno,Venchi Bulk Gianduja 1x5Kg,126125,120.23,.0000136,.0000351,.0000245,13.6,35.1,24.5,546,100,81,2,50,- None -,Pantry,Chocolate,,Retail  - Chocolate,- None -,Yes,No,No,- None -,0,26,,,,1,,
- None -,3.5,BAKV105187-CA,2088,Venchi Bulk Chocaviar Pistachio 5x1kg,Venchi_Chocolate,Do not Order,0,0,0,0,0,,,32,32,32,32,32,32,0,,,,,- None -,,- None -,- None -,5500,g,.017024722,32,Admin Portal,Venchi,Chocolate and Candy,1571,VENCHI Venchi Spa,Livorno,Venchi Cubotto Chocaviar Pistachio Bulk 1x5kg,105187,120.23,.0000241,.0000338,.0000209,24.1,33.8,20.9,546,100,,2,50,- None -,Pantry,Chocolate,,Retail  - Chocolate,- None -,Yes,No,No,- None -,0,31,,,,1,,
- None -,3.5,BAKV107298-CA,6919,Venchi Gift Murrine SMALL Hamper Gift box 10x200g,Venchi_Chocolate,Active-Venchi,0,0,0,0,0,,,12,12,12,12,12,12,0,,,,,- None -,,- None -,- None -,3700,g,.018483927,12,Admin Portal,Venchi,Chocolate and Candy,1571,VENCHI Venchi Spa,Livorno,Venchi Gift Murrine SMALL Hamper Gift box 10x200g,107266,90.99,.0000213,.0000343,.0000253,21.3,34.3,25.3,546,100,54,2,50,- None -,Pantry,Chocolate,10,Retail  - Chocolate,- None -,Yes,Yes,No,- None -,0,18,,,,1,,
- None -,3.5,BAKV939151-OT,7106,Venchi Extra Large Murrine Pouch (100 pieces),Venchi_Packaging,Do not Order,0,0,0,0,0,,,2,2,2,2,2,2,0,,,,,- None -,,- None -,- None -,,- None -,,2,Admin Portal,Venchi,Chocolate and Candy,1571,VENCHI Venchi Spa,Livorno,Venchi Extra Large Murrine Pouch (100 pieces),939951,1.00,,,,,,,546,100,,2,50,- None -,Pantry,Packaging,100,Packaging,- None -,Yes,No,No,- None -,0,0,,,,1,,
- None -,3.5,BAKV107300-CA,6588,Venchi Gift Murrine Bag 8x150g,Venchi_Chocolate,Active-Venchi,0,0,0,0,0,,,21,21,21,21,21,21,0,1,,,,- None -,1,- None -,- None -,3700,g,.018483927,21,Admin Portal,Venchi,Chocolate and Candy,1571,VENCHI Venchi Spa,Livorno,Venchi Gift Murrine Bag 8x150g,107264,45.23,.0000213,.0000343,.0000253,21.3,34.3,25.3,546,100,54,2,50,- None -,Pantry,Chocolate,8,Retail  - Chocolate,- None -,Yes,Yes,No,- None -,0,59,,,,1,,
- None -,3.5,BAKV116652-CA,6766,Venchi Bar Snack Chocobiscuit 32x35g,Venchi_Chocolate,Do not Order,0,0,0,0,0,,,21,21,21,21,21,21,0,,,,,- None -,,- None -,- None -,3200,g,.021729795,21,Admin Portal,Venchi,Chocolate and Candy,1571,VENCHI Venchi Spa,Livorno,Venchi Bar Snack Chocobiscuit 32x35g,116652,33.27,.0000205,.0000397,.0000267,20.5,39.7,26.7,546,100,48,2,50,- None -,Pantry,Chocolate,32,Retail  - Chocolate,- None -,Yes,No,No,- None -,0,12,,,,1,,
- None -,3.5,BAKV116682-CA,6936,Venchi Bulk Pistachio Ingot 5kg,Venchi_Chocolate,Do not Order,0,0,0,0,0,,,2,2,2,2,2,2,0,,,,,- None -,,- None -,- None -,5400,g,.017024722,2,Admin Portal,Venchi,Chocolate and Candy,1571,VENCHI Venchi Spa,Livorno,Venchi Bulk Pistachio Ingot 5kg,116682,120.23,.0000241,.0000338,.0000209,24.1,33.8,20.9,546,,,,,- None -,Pantry,Chocolate,1,Retail  - Chocolate,- None -,Yes,Yes,No,- None -,0,0,,,,1,,
- None -,3.5,BAKV939150-OT,7105,Venchi Large Murrine Pouch (100 pieces),Venchi_Chocolate,Do not Order,0,0,0,0,0,,,12,12,12,12,12,12,0,,,,,- None -,,- None -,- None -,,- None -,,12,Admin Portal,Venchi,Chocolate and Candy,1571,VENCHI Venchi Spa,Livorno,Venchi Large Murrine Pouch (100 pieces),939150,1.00,,,,,,,546,100,,2,50,- None -,Pantry,Packaging,100,Packaging,- None -,Yes,No,No,- None -,0,0,,,,1,,
- None -,3.5,BAKV108309-CA,6413,Venchi Bulk Pearl Caramel & Hazelnut 5x1kg,Venchi_Chocolate,Active - Not Sellable,0,0,0,0,0,,,5,5,5,5,5,5,0,,,,,- None -,,- None -,- None -,3700,g,.018483927,,Admin Portal,Venchi,Chocolate and Candy,1571,VENCHI Venchi Spa,Livorno,Venchi Bulk Pearl Caramel & Hazelnut 5x1kg,108309,120.23,.0000213,.0000343,.0000253,21.3,34.3,25.3,546,100,54,2,50,- None -,Pantry,Chocolate,1,Retail  - Chocolate,- None -,No,No,No,- None -,0,7,,,,1,,
- None -,3.5,BAKV105182-CA,2082,Venchi Bulk Cubotto Chocaviar Creme Brulee 5x1Kg,Venchi_Chocolate,Do not Order,0,0,0,0,0,,,11,11,11,11,11,11,0,,,,,- None -,,- None -,- None -,5400,g,.017024722,11,Admin Portal,Venchi,Chocolate and Candy,1571,VENCHI Venchi Spa,Livorno,Venchi Cubotto Chocaviar Creme Brulee Bulk 1x5Kg,105182,120.23,.0000241,.0000338,.0000209,24.1,33.8,20.9,546,100,,2,50,- None -,Pantry,Chocolate,,Retail  - Chocolate,- None -,Yes,No,No,- None -,0,70,,,,1,,
- None -,3.5,BAKV122084-CA,3746,Venchi Cigar Aromatic Chocolate 15x100g,Venchi_Chocolate,Active-Venchi,0,0,0,0,0,,,,,,,,,0,,,,,- None -,,- None -,- None -,1800,g,.00432123,,Admin Portal,Venchi,Chocolate and Candy,1571,VENCHI Venchi Spa,Livorno,Venchi Cigar Aromatic Chocolate 15x100g,122084,41.92,.0000229,.0000185,.0000102,22.9,18.5,10.2,546,100,216,2,50,- None -,Pantry,Chocolate,15,Retail  - Chocolate,80029961220841,Yes,Yes,No,- None -,0,155,,,,1,,
- None -,3.5,BAKV116651-CA,6767,Venchi Bar Snack Choconougatine 32x35g,Venchi_Chocolate,Do not Order,0,0,0,0,0,,,6,6,6,6,6,6,0,,,,,- None -,,- None -,- None -,3200,g,.021729795,6,Admin Portal,Venchi,Chocolate and Candy,1571,VENCHI Venchi Spa,Livorno,Venchi Bar Snack Choconougatine 32x35g,116651,33.27,.0000205,.0000397,.0000267,20.5,39.7,26.7,546,100,48,2,50,- None -,Pantry,Chocolate,32,Retail  - Chocolate,- None -,Yes,No,No,- None -,0,24,,,,1,,
- None -,3.5,BAKV116715-CA,6346,Venchi Bar Milk Gianduja w Hazelnuts 24x100g,Venchi_Chocolate,Active-Venchi,0,0,0,0,0,,,46,46,46,46,46,46,0,,,,,- None -,,- None -,- None -,3700,g,.018483927,46,Admin Portal,Venchi,Chocolate and Candy,1571,VENCHI Venchi Spa,Livorno,Venchi Bar Milk Gianduja w Hazelnuts 24x100g,116302,54.12,.0000213,.0000343,.0000253,21.3,34.3,25.3,546,100,54,2,50,- None -,Pantry,Chocolate,24,Retail  - Chocolate,- None -,Yes,Yes,No,- None -,0,52,,,,1,,
- None -,3.5,VERMKT99106H-OT,5799,Vergnano Black Saucers set of 6x8,Vergnano Marketing,Active-Marketing,0,0,0,0,0,,,20,20,20,20,20,20,0,,,,,- None -,,- None -,- None -,,- None -,,20,Admin Portal,Vergnano,Home,1575,VERGNANO Casa Del Caffe Vergnano Spa,Genova,- None -,99106H,6.84,,,,,,,9999,100,,2,50,- None -,Home and Lifestyle,Gifts,,Retail,- None -,Yes,Yes,No,- None -,0,,,,,1,,
- None -,3.5,VERMKT99172-OT,6132,Vergnano Lid for Disposable Cup,Vergnano Marketing,Active-Marketing,0,0,0,0,0,,,10,10,10,10,10,10,0,,,,,- None -,,- None -,- None -,,- None -,,10,Admin Portal,Vergnano,Coffee,1575,VERGNANO Casa Del Caffe Vergnano Spa,Genova,- None -,99172,12.00,,,,,,,9999,100,,2,50,- None -,Food Service,Marketing,,Marketing,- None -,Yes,Yes,No,- None -,0,,,,,1,,
- None -,3.5,COFVER5476-CA,3848,Vergnano Arabica Espresso 6x10 Capsules,Vergnano,Active,0,0,0,0,0,,,74,74,74,74,74,74,0,,,,,- None -,,- None -,- None -,970,g,.009633792,74,Admin Portal,Vergnano,Coffee,1575,VERGNANO Casa Del Caffe Vergnano Spa,Genova,Vergnano Arabica Espresso 6x10 Capsules,5476,11.03,.0000112,.0000336,.0000256,11.2,33.6,25.6,730,168,,14,12,- None -,Drinks,Coffee Pods,6,Retail,18001800471242,Yes,Yes,Yes,- None -,0,816,,,,240,,
- None -,3.5,COFVER181CAN-CA,5168,Vergnano Anticabottega Moka 12x250g,Vergnano,Active,0,0,0,0,0,,,192,192,192,192,192,192,0,,,,,- None -,,- None -,- None -,3140,g,.0063504,192,Admin Portal,Vergnano,Coffee,1575,VERGNANO Casa Del Caffe Vergnano Spa,Genova,Vergnano Anticabottega Moka 12x250g,181,44.12,.0000144,.0000245,.000018,14.4,24.5,18,730,288,,12,24,- None -,Drinks,Ground Coffee,12,Retail,28001800811243,Yes,Yes,No,- None -,0,0,,,,288,,
- None -,3.5,VERMKT99138-OT,7097,Vergnano Takeaway Lid (Large 14oz) 10x100Pcs,Vergnano Marketing,Active-Marketing,0,0,0,0,0,,,9,9,9,9,9,9,0,,,,,- None -,,- None -,- None -,,- None -,.046752,9,Admin Portal,Vergnano,Home,1575,VERGNANO Casa Del Caffe Vergnano Spa,Genova,Vergnano Takeaway Lid (Large 14oz) 10x100Pcs,70269,16.00,.000048,.0000487,.00002,48,48.7,20,9999,100,,2,50,- None -,Home and Lifestyle,Gifts,1,Marketing,- None -,Yes,Yes,No,- None -,0,0,,,,1,,
- None -,3.5,VERMKT99208H-OT,5798,Vergnano Black Cups 6 Cupsx2.5oz,Vergnano Marketing,Active-Marketing,0,0,0,0,0,,,35,35,35,35,35,35,0,,,,,- None -,,- None -,- None -,,- None -,,35,Admin Portal,Vergnano,Home,1575,VERGNANO Casa Del Caffe Vergnano Spa,Genova,- None -,99208H,9.30,,,,,,,9999,100,,2,50,- None -,Home and Lifestyle,Marketing,,Marketing,- None -,Yes,Yes,No,- None -,0,3,,,,1,,
- None -,3.5,VERMKT99179-OT,6728,VERGNANO TAKE AWAY SLEEVES LARGE (8 oz -500) CODE 99179,Vergnano Marketing,Active-Marketing,0,0,0,0,0,,,12,12,12,12,12,12,0,,,,,- None -,,- None -,- None -,,- None -,,12,Admin Portal,Vergnano,Coffee,1575,VERGNANO Casa Del Caffe Vergnano Spa,Genova,- None -,99179,1.00,,,,,,,9999,100,,2,50,- None -,Food Service,Marketing,,Marketing,- None -,Yes,Yes,No,- None -,0,11,,,,1,,
- None -,3.5,COFVER455CA-CA,6718,Vergnano 100% Arabica Made in Eataly Tin 12x250g,Vergnano,Active,0,0,0,0,0,,,25,25,25,25,25,25,0,2,,,,- None -,2,- None -,- None -,4430,g,.01595088,25,Admin Portal,Vergnano,Coffee,1575,VERGNANO Casa Del Caffe Vergnano Spa,Genova,Vergnano 100% Arabica Made in Eataly Tin 12x250g,455CA,49.76,.000012,.0000418,.0000318,12,41.8,31.8,730,96,,16,6,- None -,Drinks,Ground Coffee,12,Retail,18001800551241,Yes,Yes,No,- None -,0,20,,,,10,,
- None -,3.5,COFVER15406CAN-CA,6717,Vergnano Arabica 100% Fine Grind Tin 12x250g,Vergnano,Do not Order,0,0,0,0,0,,,5,5,5,5,5,5,0,,,,,- None -,,- None -,- None -,4450,g,.01267872,5,Admin Portal,Vergnano,Coffee,1575,VERGNANO Casa Del Caffe Vergnano Spa,Genova,Vergnano Arabica 100% Fine Grind Tin 12x250g,15406CAN,51.84,.0000192,.0000235,.0000281,19.2,23.5,28.1,730,176,,11,16,- None -,Drinks,Ground Coffee,12,Retail,18001800540726,Yes,Yes,No,- None -,0,27,,,,100,,
- None -,3.5,COFVER15406-CA,3849,Vergnano Arabica Espresso Tin 6x250g,Vergnano,Active,0,0,0,0,0,,,49,49,49,49,49,49,0,,,,,- None -,,- None -,- None -,2298,g,.00899073,49,Admin Portal,Vergnano,Coffee,1575,VERGNANO Casa Del Caffe Vergnano Spa,Genova,Vergnano Arabica Espresso Tin 6x250g,15406,24.62,.0000134,.0000213,.0000315,13.4,21.3,31.5,730,240,,15,16,- None -,Drinks,Ground Coffee,6,Retail,18001800530727,Yes,Yes,No,- None -,0,143,,,,240,,
- None -,3.5,COFVER051-CA,6722,Vergnano Arabica Decaffeinated Whole Bean 6x1Kg,Vergnano,Active,0,0,0,0,0,,,5,5,5,5,5,5,0,,,,,- None -,10,- None -,- None -,6560,g,.021209244,5,Admin Portal,Vergnano,Coffee,1575,VERGNANO Casa Del Caffe Vergnano Spa,Genova,Vergnano Arabica Decaffeinated Whole Bean 6x1Kg,051,94.39,.0000274,.0000291,.0000266,27.4,29.1,26.6,730,84,,7,12,- None -,Drinks,Whole Beans,6,Retail,8001800051065,Yes,Yes,No,- None -,0,31,,,,15,,
- None -,3.5,VERMKT99177-OT,7094,Vergnano Takeaway Cups (Medium 9oz) 20x50Pcs,Vergnano Marketing,Active-Marketing,0,0,0,0,0,,,5,5,5,5,5,5,0,,,,,- None -,,- None -,- None -,,- None -,.0618075,5,Admin Portal,Vergnano,Home,1575,VERGNANO Casa Del Caffe Vergnano Spa,Genova,Vergnano Takeaway Cups (Medium 9oz) 20x50Pcs,70266,35.60,.000045,.0000335,.000041,45,33.5,41,9999,100,,2,50,- None -,Home and Lifestyle,Gifts,1,Marketing,- None -,Yes,Yes,No,- None -,0,0,,,,1,,
- None -,3.5,COFVER150-CA,3856,Vergnano Decaffinated Espresso Tin 6x250g,Vergnano,Active,0,0,0,0,0,,,231,231,231,231,231,231,0,,,,,- None -,,- None -,- None -,2220,g,.00765204,231,Admin Portal,Vergnano,Coffee,1575,VERGNANO Casa Del Caffe Vergnano Spa,Genova,Vergnano Decaffinated Espresso Tin 6x250g,150CAN,24.62,.0000121,.000031,.0000204,12.1,31,20.4,730,140,,7,20,- None -,Drinks,Ground Coffee,6,Retail,18001800150727,Yes,Yes,No,- None -,0,673,,,,240,,
- None -,3.5,VERMKT99137-OT,7096,Vergnano Takeaway Lid (Medium 9oz) 10x100Pcs,Vergnano Marketing,Active-Marketing,0,0,0,0,0,,,6,6,6,6,6,6,0,,,,,- None -,,- None -,- None -,,- None -,.039176228,6,Admin Portal,Vergnano,Home,1575,VERGNANO Casa Del Caffe Vergnano Spa,Genova,Vergnano Takeaway Lid (Medium 9oz) 10x100Pcs,70267,14.00,.0000487,.0000442,.0000182,48.7,44.2,18.2,9999,100,,2,50,- None -,Home and Lifestyle,Gifts,1,Marketing,- None -,Yes,Yes,No,- None -,0,0,,,,1,,
- None -,3.5,VERMKT99921-OT,6134,Vergnano Cup & Saucer,Vergnano Marketing,Active-Marketing,0,0,0,0,0,,,12,12,12,12,12,12,0,,,,,- None -,,- None -,- None -,,- None -,,12,Admin Portal,Vergnano,Home,1575,VERGNANO Casa Del Caffe Vergnano Spa,Genova,- None -,99921,57.60,,,,,,,9999,100,,2,50,- None -,Home and Lifestyle,Marketing,,Marketing,- None -,Yes,Yes,No,- None -,0,1,,,,1,,
- None -,3.5,VERMKT99109H-OT,5808,Caffe Vergnano Cappuccino Black Saucer6x8,Vergnano Marketing,Active-Marketing,0,0,0,0,0,,,7,7,7,7,7,7,0,,,,,- None -,,- None -,- None -,,- None -,,7,Admin Portal,Vergnano,Home,1575,VERGNANO Casa Del Caffe Vergnano Spa,Genova,- None -,99109H,10.20,,,,,,,9999,100,,2,50,- None -,Home and Lifestyle,Gifts,,Marketing,- None -,Yes,Yes,No,- None -,0,2,,,,1,,
- None -,3.5,COFVER048CAN-CA,5169,Vergnano Anticabottega Whole Bean 6x1Kg,Vergnano,Active,0,0,0,0,0,,,133,133,133,133,133,133,0,,,,,- None -,,- None -,- None -,6400,g,.021209244,133,Admin Portal,Vergnano,Coffee,1575,VERGNANO Casa Del Caffe Vergnano Spa,Genova,Vergnano Anticabottega Whole Bean 6x1Kg,048,82.59,.0000274,.0000291,.0000266,27.4,29.1,26.6,730,112,,7,16,- None -,Drinks,Whole Beans,6,Retail,18001800090726,Yes,Yes,No,- None -,0,0,,,,112,,
- None -,3.5,COFVER5486-CA,3854,Vergnano Cremoso Espresso 6x10 Capsules,Vergnano,Active,0,0,0,0,0,,,47.5,47.5,47.5,47.5,47.5,47.5,0,,,,,- None -,,- None -,- None -,960,g,.009633792,47.5,Admin Portal,Vergnano,Coffee,1575,VERGNANO Casa Del Caffe Vergnano Spa,Genova,Vergnano Cremoso Espresso 6x10 Capsules,5486,11.03,.0000112,.0000336,.0000256,11.2,33.6,25.6,730,168,,14,12,- None -,Drinks,Coffee Pods,6,Retail,18001800481241,Yes,Yes,No,- None -,0,862.5,,,,216,,
- None -,3.5,COFVER5556-CA,3860,Vergnano Napoli Espresso 6x10 Capsules,Vergnano,Active,0,0,0,0,0,,,136,136,136,136,136,136,0,,,,,- None -,,- None -,- None -,950,g,.009633792,136,Admin Portal,Vergnano,Coffee,1575,VERGNANO Casa Del Caffe Vergnano Spa,Genova,Vergnano Napoli Espresso 6x10 Capsules,5556,11.03,.0000112,.0000336,.0000256,11.2,33.6,25.6,730,168,,14,12,- None -,Drinks,Coffee Pods,6,Retail,18001805512407,Yes,Yes,Yes,- None -,0,1145,,,,216,,
- None -,3.5,VERMKT99186-OT,7095,Vergnano Takeaway Cups (Large 14oz) 20x50Pcs,Vergnano Marketing,Active-Marketing,0,0,0,0,0,,,23,23,23,23,23,23,0,,,,,- None -,,- None -,- None -,0,lb,.1034,23,Admin Portal,Vergnano,Home,1575,VERGNANO Casa Del Caffe Vergnano Spa,Genova,Vergnano Takeaway Cups (Large 14oz) 20x50Pcs,70268,48.00,.000055,.000047,.00004,55,47,40,9999,100,,2,50,- None -,Home and Lifestyle,Gifts,1,Marketing,- None -,Yes,Yes,No,- None -,0,0,,,,1,,
- None -,3.5,VERMKT99178-OT,6727,VERGNANO TAKE AWAY SLEEVES LARGE (12 oz - 500) CODE 99178,Vergnano Marketing,Active-Marketing,0,0,0,0,0,,,13,13,13,13,13,13,0,,,,,- None -,,- None -,- None -,,- None -,,13,Admin Portal,Vergnano,Coffee,1575,VERGNANO Casa Del Caffe Vergnano Spa,Genova,- None -,99178,75.00,,,,,,,,100,,2,50,- None -,Food Service,Marketing,,Marketing,- None -,Yes,Yes,No,- None -,0,,,,,1,,
- None -,3.5,COFVER103CAN-CA,6978,Vergnano Anticabottega Whole Bean 6x500g,Vergnano,Active,0,0,0,0,0,,,172,172,172,172,172,172,0,,,,,- None -,,- None -,- None -,3200,g,.013069525,172,Admin Portal,Vergnano,Coffee,1575,VERGNANO Casa Del Caffe Vergnano Spa,Genova,Vergnano Anticabottega Whole Bean 6x500g,103,44.37,.0000235,.0000227,.0000245,23.5,22.7,24.5,730,140,,7,20,- None -,Drinks,Whole Beans,6,Retail,18001800821245,Yes,Yes,No,- None -,0,0,,,,120,,
- None -,3.5,COFVER052-CA,3853,Vergnano Crema 800 Whole Bean 6x1Kg,Vergnano,Active,0,0,0,0,0,,,77,77,77,77,77,77,0,,,,,- None -,,- None -,- None -,6500,g,.021209244,77,Admin Portal,Vergnano,Coffee,1575,VERGNANO Casa Del Caffe Vergnano Spa,Genova,Vergnano Crema 800 Whole Bean 6x1Kg,052,86.18,.0000274,.0000291,.0000266,27.4,29.1,26.6,730,112,,7,16,- None -,Drinks,Whole Beans,6,Retail,8001800052062,Yes,Yes,No,- None -,0,61,,,,40,,
- None -,3.5,VERMKT99209H-OT,5811,Vergnano Cappuccino Black Cup6x8,Vergnano Marketing,Active-Marketing,0,0,0,0,0,,,27,27,27,27,27,27,0,,,,,- None -,,- None -,- None -,,- None -,,27,Admin Portal,Vergnano,Home,1575,VERGNANO Casa Del Caffe Vergnano Spa,Genova,- None -,99209H,57.60,,,,,,,,100,,2,50,- None -,Home and Lifestyle,Marketing,,Marketing,- None -,Yes,Yes,No,- None -,0,,,,,1,,
- None -,3.5,VERMKT99170-OT,6030,Vergnano BIC Take Away 1882 (50pcs x 4OZ) x 20,Vergnano Marketing,Active-Marketing,0,0,0,0,0,,,,,,,,,0,5,,,,- None -,5,- None -,- None -,,- None -,,,Admin Portal,Vergnano,Coffee,1575,VERGNANO Casa Del Caffe Vergnano Spa,Genova,- None -,99170,1.00,,,,,,,730,100,,2,50,- None -,Food Service,Marketing,,Marketing,- None -,Yes,Yes,No,- None -,0,9,,,,1,,
- None -,3.5,COFVER009CAN-CA,3858,Vergnano Granaroma  Whole Bean 6x1Kg,Vergnano,Active,0,0,0,0,0,40,40,95,95,95,95,95,95,0,224,224,4/30/2026,,- None -,778,- None -,- None -,6510,g,.02136564,95,Admin Portal,Vergnano,Coffee,1575,VERGNANO Casa Del Caffe Vergnano Spa,Genova,Vergnano Granaroma  Whole Bean 6x1Kg,009CAN,67.20,.0000271,.0000292,.000027,27.1,29.2,27,730,96,,6,16,- None -,Drinks,Whole Beans,6,Retail,18001800090726,Yes,Yes,Yes,- None -,0,1405,,40,,112,,
- None -,3.5,COFVER198-CA,3859,Vergnano Granaroma Moka Ground Brick 12x250g,Vergnano,Active,0,0,0,0,0,57,57,57,57,57,57,57,57,0,96,96,4/30/2026,,- None -,480,- None -,- None -,3146,g,.006862648,57,Admin Portal,Vergnano,Coffee,1575,VERGNANO Casa Del Caffe Vergnano Spa,Genova,Vergnano Granaroma Moka Ground Brick 12x250g,198CAN,38.88,.0000151,.0000247,.0000184,15.1,24.7,18.4,730,200,,8,25,- None -,Drinks,Ground Coffee,12,Retail,28001800980727,Yes,Yes,Yes,- None -,0,649,,57,,288,,
- None -,3.5,VERMKT99210H-OT,5812,Caffe Vergnano Black Chocolate Set,Vergnano Marketing,Active-Marketing,0,0,0,0,0,,,17,17,17,17,17,17,0,,,,,- None -,,- None -,- None -,,- None -,,17,Admin Portal,Vergnano,Coffee,1575,VERGNANO Casa Del Caffe Vergnano Spa,Genova,- None -,99210H,32.10,,,,,,,,100,,2,50,- None -,Food Service,Marketing,,Marketing,- None -,Yes,Yes,No,- None -,0,,,,,1,,
- None -,3.5,COFVER1601CA-CA,6725,Vergnano 1882 Original Blend Whole Bean PET 2x2.5Kg,Vergnano,Active,0,0,0,0,0,,,147.5,147.5,147.5,147.5,147.5,147.5,0,,,,,- None -,,- None -,- None -,5890,g,.027426348,147.5,Admin Portal,Vergnano,Coffee,1575,VERGNANO Casa Del Caffe Vergnano Spa,Genova,Vergnano 1882 Original Blend Whole Bean PET 2x2.5Kg,1601CA,82.08,.0000342,.0000397,.0000202,34.2,39.7,20.2,730,60,,5,12,- None -,Drinks,Whole Beans,2,Retail,8001800011243,Yes,Yes,No,- None -,0,468,,,,90,,
- None -,3.5,COFVER054CAN-CA,6979,Vergnano Granaroma Whole Bean 6x500g,Vergnano,Active,0,0,0,0,0,,,219,219,219,219,219,219,0,,,,,- None -,,- None -,- None -,3200,g,.013297284,219,Admin Portal,Vergnano,Coffee,1575,VERGNANO Casa Del Caffe Vergnano Spa,Genova,Vergnano Granaroma Whole Bean 6x500g,054,35.397,.0000234,.0000231,.0000246,23.4,23.1,24.6,730,120,,6,20,- None -,Drinks,Whole Beans,6,Retail,18001800801247,Yes,Yes,No,- None -,0,0,,,,120,,
- None -,3.5,COFVER15306-CA,3850,Vergnano Arabica Moka Tin 6x250g,Vergnano,Active,0,0,0,0,0,,,13,13,13,13,13,13,0,48,48,4/30/2026,,- None -,88,- None -,- None -,2310,g,.008908284,13,Admin Portal,Vergnano,Coffee,1575,VERGNANO Casa Del Caffe Vergnano Spa,Genova,Vergnano Arabica Moka Tin 6x250g,15306,25.92,.0000132,.0000217,.0000311,13.2,21.7,31.1,730,176,,11,16,- None -,Drinks,Ground Coffee,6,Retail,18001800530727,Yes,Yes,No,- None -,0,1286,,,,240,,
- None -,3.5,BRVV23-CA,3920,Vita Vigor Multigrain Breadsticks 12x125g,Vitavigor,Active,0,0,0,0,0,,,945,945,945,945,945,945,0,8,,,,- None -,508,- None -,- None -,2140,g,.0147672,940,Admin Portal,Vita Vigor,"Crackers, Cookies, Snacks",10606,VITAVIGOR Vitavigor S.r.L,Livorno,Vita Vigor Multigrain Breadsticks 12x125g,VITASMUS,5.31,.0000252,.00002,.0000293,25.2,20,29.3,380,120,,6,20,- None -,Pantry,Breadsticks,12,Retail,10779921228622,Yes,Yes,Yes,- None -,0,4581,5,,,198,,
- None -,3.5,BRVV22-CA,3918,Vita Vigor (VS) Super Trad. Breadsticks 10x250g,Vitavigor,Active,0,0,0,0,0,,,478,478,478,478,478,478,0,,,,,- None -,,- None -,- None -,3070,g,.036454176,446,Admin Portal,Vita Vigor,"Crackers, Cookies, Snacks",10606,VITAVIGOR Vitavigor S.r.L,Livorno,Vita Vigor (VS) Super Trad. Breadsticks 10x250g,VITGUTRS005,9.10,.0000311,.0000296,.0000396,31.1,29.6,39.6,380,50,,5,10,- None -,Pantry,Breadsticks,10,Retail,10779921222057,Yes,Yes,Yes,- None -,0,1406,32,,,198,,
Do Not Reorder - Move to V.V Brand,3.5,BRVV26-CA,4756,Massimo Breadsticks Traditional 14x125g,Vitavigor_Massimo,Do not Order,0,0,0,0,0,,,144,144,144,144,144,144,0,,,,,- None -,,- None -,- None -,2705,g,.02157925,74,Admin Portal,Massimo,"Crackers, Cookies, Snacks",10606,VITAVIGOR Vitavigor S.r.L,Livorno,Massimo Breadsticks Traditional 14x125g,MOLPATRS001,6.132,.000019,.0000295,.0000385,19,29.5,38.5,,140,,7,20,- None -,Pantry,Breadsticks,14,Retail,10779921228707,Yes,No,No,- None -,0,1008,70,,,270,,
- None -,3.5,BRVV01A-CA,3924,Vita Vigor Traditional Breadsticks 12x125g,Vitavigor,Active,0,0,0,0,0,,,4277,4277,4277,4277,4277,4277,0,256,,,,- None -,1956,- None -,- None -,2040,g,.0147672,4270,Admin Portal,Vita Vigor,"Crackers, Cookies, Snacks",10606,VITAVIGOR Vitavigor S.r.L,Livorno,Vita Vigor Traditional Breadsticks 12x125g,VITASTRS005,5.31,.0000252,.00002,.0000293,25.2,20,29.3,380,120,,6,20,- None -,Pantry,Breadsticks,12,Retail,10779921228509,Yes,Yes,Yes,- None -,0,19548,7,,,198,,
- None -,3.5,BRVV02A-CA,3923,Vita Vigor Sesame Breadsticks 12x125g,Vitavigor,Active,0,0,0,0,0,,,3430,3430,3430,3430,3430,3430,0,,,,,- None -,1500,- None -,- None -,2150,g,.0147672,3426,Admin Portal,Vita Vigor,"Crackers, Cookies, Snacks",10606,VITAVIGOR Vitavigor S.r.L,Livorno,Vita Vigor Sesame Breadsticks 12x125g,VITASSES005,5.31,.0000252,.00002,.0000293,25.2,20,29.3,380,120,,6,20,- None -,Pantry,Breadsticks,12,Retail,10779921228530,Yes,Yes,Yes,- None -,0,12872,4,,,198,,
- None -,3.5,BRVV03A-CA,3919,Vita Vigor Garlic Breadsticks 12x125g,Vitavigor,Active,0,0,0,0,0,,,1114,1114,1114,1114,1114,1114,0,4,,,,- None -,154,- None -,- None -,2030,g,.0147672,1112,Admin Portal,Vita Vigor,"Crackers, Cookies, Snacks",10606,VITAVIGOR Vitavigor S.r.L,Livorno,Vita Vigor Garlic Breadsticks 12x125g,VITASAGS005,5.31,.0000252,.00002,.0000293,25.2,20,29.3,380,120,,6,20,- None -,Pantry,Breadsticks,12,Retail,10779921228561,Yes,Yes,Yes,- None -,0,5067,2,,,360,,
Do Not Reorder - Move to V.V Brand,3.5,BRVV28-CA,4757,Massimo Garlic Breadsticks 14x125g,Vitavigor_Massimo,Do not Order,0,0,0,0,0,,,270,270,270,270,270,270,0,,,,,- None -,,- None -,- None -,2705,g,.02157925,232,Admin Portal,Massimo,"Crackers, Cookies, Snacks",10606,VITAVIGOR Vitavigor S.r.L,Livorno,Massimo Garlic Breadsticks 14x125g,MOLPAAGS001,6.132,.000019,.0000295,.0000385,19,29.5,38.5,,140,,7,20,- None -,Pantry,Breadsticks,14,Retail,10779921228738,Yes,No,No,- None -,0,801,38,,102,420,,
Total,,,,,,,0.0,0.0,0.0,0.0,0.0,,,,,,,,,,,,,,,,,,,,,,,,,,,,,,,,,,,,,,,,,,,,,,,,,,,,0.0,,,,,,,
